Date,ПРИВАТБАНК,ОЩАДБАНК,УКРЕКСІМБАНК,УКРГАЗБАНК,РАЙФФАЙЗЕН БАНК АВАЛЬ,СБЕРБАНК,УКРСОЦБАНК,СЕНС БАНК,ПУМБ,УКРСИББАНК,ПРОМІНВЕСТБАНК,ОТП БАНК,КРЕДІ АГРІКОЛЬ БАНК,ПІВДЕННИЙ,ФІНАНСОВА ІНІЦІАТИВА,ВТБ БАНК,СІТІБАНК,ПРОКРЕДИТ БАНК,КРЕДОБАНК,ТАСКОМБАНК,БАНК КРЕДИТ ДНІПРО,ІНГ БАНК УКРАЇНА,МЕГАБАНК,МІЖНАРОДНИЙ ІНВЕСТИЦІЙНИЙ БАНК,БАНК ВОСТОК,УНІВЕРСАЛ БАНК,А - БАНК,ПРАВЕКС-БАНК,ІНДУСТРІАЛБАНК,МТБ БАНК,БАНК ІНВЕСТИЦІЙ ТА ЗАОЩАДЖЕНЬ,ІДЕЯ БАНК,ПІРЕУС БАНК МКБ,ВІЕС БАНК,БМ БАНК,КЛІРИНГОВИЙ ДІМ,БАНК ФОРВАРД,ГЛОБУС,МІСТО БАНК,АРКАДА,ПОЛТАВА - БАНК,ДОЙЧЕ БАНК ДБУ,КРЕДИТ ЄВРОПА БАНК,ЛЬВІВ,ФІДОБАНК,ПЕРШИЙ ІНВЕСТИЦІЙНИЙ БАНК,КРЕДИТВЕСТ БАНК,КОМІНВЕСТБАНК,БТА БАНК,БАНК АВАНГАРД,МОТОР-БАНК,БАНК ГРАНТ,РАДАБАНК,КРИСТАЛБАНК,БАНК 3/4,АСВІО БАНК,УКРБУДІНВЕСТБАНК,КИЇВ,БАНК СІЧ,АЙБОКС БАНК,ЄВРОПРОМБАНК,БАНК АЛЬЯНС,КАПІТАЛ,МЕТАБАНК,БАНК ЮНІСОН,КОНКОРД,КОМЕРЦІЙНИЙ ІНДУСТРІАЛЬНИЙ БАНК,АКОРДБАНК,ОКСІ БАНК,ПОЛІКОМБАНК,АГРОПРОСПЕРІС БАНК,АЛЬТБАНК,РВС БАНК,ВЕРНУМ БАНК,СКАЙ БАНК,БАНК ФАМІЛЬНИЙ,ТРАСТ,ДІВІ БАНК,ЦЕНТР,БАНК ПОРТАЛ,УКРАЇНСЬКИЙ БАНК РЕКОНСТР.ТА РОЗВ.,АЛЬПАРІ БАНК,ЮНЕКС БАНК,МЕГА БАНК,КОМІНБАНК
2018-04-01,140937877.20240998,93754279.13225,59460136.208519995,17639836.508015,6858523.977975,0.0,469174.041,3477811.55495,7590841.3334,0.0,112500.0,1286510.607215,935032.0,669190.4,2171909.0,0.0,3856883.0,0.0,2102397.80128,503384.20384,274510.09511999995,0.0,0.0,1500849.58427,27618.888,532675.0,0.0,990000.0,122846.4296,858634.85281,72500.0,195811.70549,220725.2,0.0,0.0,116174.708,0.0,302083.10855,195952.464,0.0,127478.488,0.0,0.0,0.0,204956.976,0.0,0.0,808.0,126523.488,871144.98131,0.0,0.0,124894.54465,102933.04145,290254.5,0.0,65000.0,10000.0,127068.4296,0.0,0.0,0.0,0.0,137909.5,0.0,0.0,61002.24336,0.0,0.0,0.0,0.0,56439.244,0.0,68696.22,0.0,99956.976,1000.4,0.0,20000.0,0.0,124420.0,78000.0,,,
2018-07-01,143705955.13319334,92444442.74875002,62213195.85926,19877478.230616663,6575349.174343333,0.0,254950.7666,3076592.2817933336,8472878.13443,183333.33333333337,112500.0,1017425.5422166666,893351.3333333334,419024.6666666667,2171909.0,0.0,3012249.3333333335,0.0,2462580.0643933336,698508.4909199999,262768.15881,0.0,38217.333333333336,1781297.7645933332,26443.519,480000.0,0.0,733009.6666666666,199581.9689666667,848428.9014699999,147158.33333333334,187436.02599333337,159058.53333333335,0.0,0.0,147992.81016666666,0.0,215111.93684666665,190495.357,0.0,126303.119,0.0,960.3333333333334,0.0,92606.238,0.0,0.0,0.0,125348.119,634431.5974233333,0.0,0.0,124901.3895,96386.80343666668,289220.3333333333,0.0,69800.0,6666.666666666667,136736.96896666667,0.0,0.0,0.0,15979701.608156666,115050.30283333334,0.0,0.0,58392.92418,0.0,0.0,0.0,0.0,50063.22616666667,0.0,65757.7975,0.0,77606.238,1000.4,0.0,0.0,0.0,113780.0,78000.0,,,
2018-10-01,151741107.77695668,95147757.16733,59726908.81278,20826462.413693335,6279742.15281,0.0,8865.09637,3272105.62799,9316550.224423334,935000.0,87500.0,1054431.1502633337,934930.3333333334,529447.7127966667,2171909.0,0.0,3542420.6666666665,0.0,2732490.720646667,590569.34746,270475.32393,0.0,45311.0,2169955.7247166666,109.2,343333.3333333333,0.0,478901.6666666667,170295.02582666665,940875.3391066669,75880.33333333333,190622.19414,149844.6554533333,0.0,0.0,118009.9446,0.0,171309.44817666666,191522.48766666665,0.0,175604.92943333334,0.0,0.0,0.0,74229.17,0.0,0.0,0.0,122786.27366666666,660902.8085466666,0.0,0.0,127392.7019,109481.52701333334,286250.58266666665,0.0,49733.333333333336,0.0,180610.09090333336,0.0,0.0,73379.53466666666,17198876.515356667,114325.02139666666,,0.0,61519.59939333334,0.0,0.0,0.0,0.0,37115.63683333333,0.0,67686.5175,0.0,98482.54733333334,750.2999999999998,0.0,0.0,0.0,112606.66666666669,64666.666666666664,,,
2019-01-01,157069339.80221668,94941072.30233334,55870331.93058,21792039.60506667,5350336.8009,0.0,47.16377,3147888.687906666,8063520.167263334,930000.0,75000.0,1059274.9340199998,966140.0,1468641.53237,2171909.0,0.0,2113556.3333333335,0.0,3259434.3696333333,552478.9053166667,329880.81123,0.0,45311.0,3064239.4386466667,39493.840403333335,270000.0,0.0,451519.3333333333,170102.43821666666,1041254.40742,120759.78966666666,197991.80566666668,145025.10475666667,0.0,0.0,115462.45586666669,0.0,170604.48949666668,159244.29766666665,0.0,238387.78376666663,0.0,0.0,28390.932,183012.28933333335,0.0,0.0,33.333333333333336,122329.54366666666,612161.04186,0.0,0.0,157462.5251333333,145662.76688333333,280756.59866666666,0.0,10000.0,0.0,149839.9681866667,0.0,0.0,113138.17466666666,18081296.582723334,107400.15064666666,,0.0,114657.32108666666,0.0,0.0,0.0,0.0,22049.710333333333,57106.493663333335,45212.369199999994,0.0,129569.08733333331,750.2999999999998,,14000.0,0.0,118646.66666666669,58000.0,,,
2019-04-01,166581621.81609666,92921193.997,51466866.336540006,19356379.654156663,3462729.682846667,0.0,0.0,5095910.69747,8812322.592873333,945000.0,50000.0,1339717.02178,1002499.3333333334,2166595.5825733333,1107484.7666666666,,3255810.0,0.0,3708259.0866166665,671389.97035,537874.20849,0.0,36311.0,4012975.172603333,238468.70286333337,854494.3493333333,0.0,652688.0,371615.72673333326,1052064.35128,255178.2325,192351.957,101517.82307,,,189629.30043333335,0.0,372667.8643633334,229674.73346666663,0.0,235522.7339,0.0,54494.03533333333,147803.54683333333,350388.78,0.0,0.0,66.66666666666667,158609.09893333333,649371.81242,0.0,0.0,227153.82959999997,150262.00160333334,295664.2546666667,28313.285093333336,33333.333333333336,20000.0,137564.35463333334,0.0,0.0,36476.439,22581680.968663335,123574.51316,,0.0,132546.81781666668,106452.29069666663,0.0,14523.267633333337,0.0,52863.96456999999,18634.201673333333,0.0,0.0,80291.03533333333,500.2,,0.0,0.0,133690.0,71333.33333333333,,,
2019-07-01,158114982.93061998,84207671.21266668,52485454.94988,26895893.821319997,2989950.8893,0.0,0.0,6604975.785526667,7657845.094853334,1266016.6666666667,37500.0,1585354.6670066663,1124623.3333333333,1696736.6597433332,0.0,,4763860.333333333,0.0,3498534.3489166666,732133.3406666666,833969.1151133333,0.0,31811.0,2222454.7968099997,180853.28486666665,1282307.397,0.0,1023562.6666666666,838582.2553066667,1012537.9947,298195.52616666665,188394.88733333335,179090.20830666667,,,276909.4928333333,0.0,462389.78999333334,416757.4322,0.0,175974.46123333334,0.0,101499.17666666668,159583.82116666666,315941.0466666667,0.0,0.0,0.0,175661.22199999998,734008.1650733333,0.0,0.0,215740.59873333332,121450.75391333332,344280.222,98271.60444,23333.333333333332,20000.0,106161.63113333331,0.0,0.0,108181.444,20997495.050066665,103903.77655333331,,0.0,104343.37012333334,201783.10936333332,0.0,20689.59403333333,0.0,111054.2652,0.0,0.0,0.0,53827.11066666667,500.2,,0.0,0.0,150797.68771333332,121375.43856666668,10000.0,,
2019-10-01,149801999.13849667,84113544.45933335,45344407.50376,23653051.158193335,3696168.98663,0.0,0.0,6470485.229189999,7716053.927396666,1455240.0,12500.0,1791186.4577266667,1192340.0,1448461.7390766663,,,4654012.0,0.0,3110148.9224333335,556894.8921666667,402296.89101,0.0,26053.0,1669338.7349800002,297547.36394,1184532.3216666663,0.0,1052698.0,569112.9779566666,865404.7752333333,89219.6433,178463.12633333332,150258.69492,,,189046.61716666663,0.0,409622.75127000007,363499.8947,0.0,241185.6760666667,0.0,209763.93833333335,202473.66166666665,148068.01733333335,0.0,0.0,0.0,172573.73233333335,788092.73372,0.0,0.0,161696.7934333333,75311.61352,531934.4606666666,13333.333333333334,0.0,,142971.69632999998,0.0,0.0,50989.46466666667,18922178.14573667,101882.3116,,0.0,60422.51563,229382.71062,0.0,10265.0579,0.0,112208.19493333332,0.0,,0.0,67656.13133333334,250.1,,0.0,0.0,153393.05182,130607.66666666669,0.0,,
2020-01-01,143145638.84833333,85310319.75666666,40350597.61833333,23900790.075153336,5801704.9302033335,0.0,0.0,8092957.194966666,7563999.19539,2193849.3333333335,0.0,2737185.3119033333,1193253.0,1211784.07373,,,5366742.666666667,0.0,2955767.79353,330805.9008333333,88223.35697000001,0.0,23174.0,782329.1358466666,452264.0832166667,1521013.528333333,0.0,1162681.0,361263.59481333336,684718.8993,131257.40694000002,170598.87833333333,103686.13123,,,136170.59369666665,0.0,551807.4999866666,325913.22083333327,0.0,162991.14313333333,0.0,299858.26833333337,161947.12266666666,85894.45966,0.0,0.0,106.66666666666669,186451.2683333333,695363.7176533333,0.0,0.0,193608.40591666664,10434.525,396062.0,0.0,0.0,,264416.70007666666,0.0,0.0,126104.20333333332,17003174.169666667,119491.66666666669,,0.0,57759.90595000001,112495.38544666668,0.0,2408.2809,0.0,44298.54183333333,0.0,,35600.52646666667,154595.53666666665,250.1,,0.0,0.0,153725.49496666668,108627.33333333331,0.0,,
2020-04-01,140347476.8394,77993901.06666666,37652523.69033333,23346838.711066663,5626044.785466666,0.0,,8240633.485666666,7809375.968400001,2252365.3333333335,0.0,3914587.3004666665,1361918.6666666667,1824010.0733333332,,,4559435.0,0.0,2738939.1202,278656.00333333336,0.0,0.0,14578.666666666666,707712.0605333332,442699.5333333334,1456324.6666666667,0.0,843523.3333333334,412639.4202,547152.0333333333,226526.06613333337,154348.53333333333,85312.1538,,,132638.77213333335,0.0,826384.6862666666,171589.41666666666,0.0,26913.86,0.0,242875.93333333335,162004.86666666667,342643.69913333334,177859.97493333332,0.0,0.0,161617.26666666666,492407.86353333335,0.0,0.0,189995.94453333333,24388.933333333334,372526.0,28827.666666666668,10000.0,,282672.02086666663,0.0,0.0,104770.26666666668,17550799.775333334,70862.84233333333,,0.0,57801.772,118465.31426666668,0.0,0.0,18291.699999999997,38294.62266666666,0.0,,96271.36453333334,157394.25666666668,0.0,,65279.13433333333,0.0,147693.172,88066.66666666667,0.0,,
2020-07-01,154982277.14620003,79214086.06666666,40586965.265833326,35158246.7883,6087668.475866667,0.0,,8598536.740766667,9021062.770633334,2553057.3333333335,0.0,3553174.3333333335,1466518.6666666667,3012083.724033334,,,2966809.0,0.0,3727230.065233333,619620.9116666667,0.0,0.0,165.33333333333334,795782.4446333334,410598.6666666667,1061730.6666666667,0.0,864939.0,577274.0229333333,649220.15,518678.3114666667,136564.66666666666,308286.2327333333,,,227568.19183333337,62875.666666666664,856662.4330333333,97961.49233333334,0.0,107357.16,0.0,215133.2666666667,191190.53333333333,363422.8283,286190.5333333333,0.0,0.0,144296.51333333334,1079860.4284,0.0,0.0,419193.0792,162950.03333333333,644124.3333333334,18981.0,0.0,,610329.2069999999,30990.666666666668,0.0,110072.93333333332,23372053.624166667,91134.1925,,0.0,63639.13466666667,633018.6263666666,0.0,0.0,59084.69999999999,160258.46006666668,0.0,,155397.76673333332,168812.19999999998,0.0,,116841.76916666668,0.0,181785.33333333337,121664.0,48566.666666666664,,
2020-10-01,167347498.84403333,93012097.0,44513682.906666666,43156459.60433333,7189252.880266666,0.0,,10424291.5082,12694781.4854,3019818.4155333336,0.0,3686821.6166000008,1498779.0,3173073.0384666673,,,6365097.666666667,0.0,4078535.5504,1616561.7933333332,283087.94,0.0,0.0,336293.6924,400810.1666666667,662396.0,0.0,1109939.0,842683.9375333333,1102466.5333333334,655272.5245333334,136432.33333333334,208207.1596,,,210994.95813333333,98574.0,1119062.6986333334,86770.96399999999,0.0,534793.4133333333,0.0,119059.73333333332,191005.2666666667,643231.7654,279338.60000000003,0.0,0.0,152120.54666666666,1073290.4946666667,0.0,129252.33333333331,485016.6062666666,312460.56666666665,647508.0,3981.0,0.0,,888618.3626666666,391806.3517333334,0.0,382891.3333333333,31658401.437366676,134550.34666666668,,0.0,134897.26733333335,1270986.9558666667,0.0,0.0,37131.51666666666,293597.83493333333,157032.68213333335,,272371.9105333334,175572.93333333335,0.0,,116795.0,0.0,266870.7354666667,64225.333333333336,134533.33333333334,,
2021-01-01,171283150.57306668,91326720.66666669,54912494.27903333,45261008.46423334,7874640.0732,0.0,,10967524.990333334,13632580.0378,3038118.2042,0.0,4801174.908466667,1498779.0,2612634.3685666667,,,7378432.0,0.0,4547074.708833333,2369186.77,1655619.9799999995,0.0,0.0,432803.8347666667,848415.6505666667,4142772.9333333336,0.0,1015033.6666666666,535314.5862333333,1029556.0,599609.198,142008.83333333334,205660.024,,,78587.5842,4744.683333333333,1031583.7859,137791.05133333334,,579662.7933333333,0.0,97000.0,198812.36666666667,654487.2856333334,282812.36666666664,10000.0,3333.3333333333335,129123.06,1148025.4807666668,0.0,134443.33333333334,749404.2868666667,532048.9833333334,689174.6666666666,10647.666666666666,58333.333333333336,,1755033.792666667,595837.0307666666,0.0,1263368.6666666667,40912690.59723333,148328.29666666666,,0.0,303277.883,1155983.6666666667,0.0,0.0,104447.775,249487.27666666664,681750.6096,,295314.98993333336,210470.2,0.0,,116795.0,0.0,297030.2939333333,40000.0,92200.0,,
2021-04-01,195339079.6837667,102717136.33333331,54343059.38716667,44315870.81706666,11623728.4529,2166666.6666666665,,10243898.322,13685140.997833334,3107107.443733333,0.0,6750471.418266666,2585445.6666666665,4024333.3672333336,,,9858201.0,0.0,6410804.342533332,5542706.506666667,3658416.3983333334,600000.0,80000.0,679916.9255999998,4075336.2381333336,8988603.333333334,0.0,1134196.6666666667,939899.8108333334,1521265.2666666668,862210.1946666666,140662.66666666666,559840.6666666666,,,192420.8877,4712.433333333333,1360483.4583333333,,,896256.031,643333.3333333334,215666.66666666663,219691.66666666663,937989.1882666666,663582.75,151871.66666666666,20000.0,210525.07933333333,1495589.6646,0.0,209998.66666666663,944526.1317333332,1162574.65,816877.3333333334,30647.666666666668,245654.33333333337,,2990974.733333333,634807.6028666667,0.0,2497868.033333333,67080364.62399999,284457.63176666666,,611786.0,1140427.336,3314550.3333333335,22013.0,57909.333333333336,167076.375,215072.31933333335,1130486.4032,,526289.8498333334,219598.4,0.0,,116795.0,0.0,324801.0,50383.0,158400.0,,
2021-07-01,189396507.7101333,103376726.66666669,51943151.511999995,38402891.1344,11483487.840933332,4000000.0,,10926069.5691,15725423.810666667,3592474.9790666667,0.0,7102139.760799999,2698779.0,3586511.1764,,,10135448.666666666,0.0,6218449.6432,6836494.293333333,3898701.941466667,600000.0,80000.0,1386499.133733333,4141522.195466667,10292554.0,6506.0,1391397.6666666667,1209811.0,1514830.5333333332,926959.79,138559.33333333334,491527.93333333335,,,326662.78440000006,0.0,1144776.6908,,,876993.0065333334,816666.6666666666,286666.6666666667,306788.8,1076938.346266667,926839.0,335058.5999999999,13333.333333333334,345229.9226666667,1457260.1590666666,70000.0,194480.0,1198862.0904,1655174.1333333335,669860.0,44733.666666666664,730629.6666666666,,3367510.4,844902.7999999999,0.0,3198269.8666666667,79069626.33440001,619012.1866666666,,1450847.3333333333,1826348.3333333333,4039844.6666666665,87688.66666666667,27639.666666666668,161841.18666666668,200046.81266666664,1923484.4192,,663046.6302666668,212706.98666666663,0.0,,116795.0,0.0,302670.3333333333,88948.33333333333,235833.33333333337,,
2021-10-01,181039862.78423333,86988551.0,51993611.60666666,32535588.301233333,11041496.773166666,4666666.666666667,,10076605.700233333,13265352.345666667,4513294.447133333,0.0,5676109.051599999,2698779.0,3167042.6808666666,,,10820584.333333334,0.0,5933324.202233334,5612706.0616666665,4254554.880933333,554975.6666666666,16666.666666666668,1472157.2040333336,3633847.9604666666,10798291.3,0.0,1484357.3333333333,1520086.0,2795179.533333333,933450.8,134871.83333333334,702556.9466666667,,,516162.1346666667,0.0,1408709.4752333332,,,934230.1507,974053.6666666666,300000.0,243911.7333333333,1009476.7087666666,860307.75,466736.65,0.0,367325.621,1927153.4759666664,258772.66666666663,194480.0,1363483.8220666666,1718074.9666666666,951473.3333333334,47384.0,826499.3333333334,,3513909.766666667,904307.1,0.0,3622388.366666666,57292792.661866665,712684.4,,1909628.3333333333,3169213.3333333335,6817472.466666666,50988.0,7000.0,164812.82499999998,136788.23973333335,2353810.6192,,1292015.5292333334,217430.78000000003,10152.104033333331,,116795.0,0.0,403669.0,87015.0,720666.6666666666,,
2022-01-01,182645954.13,80438938.33333333,50386275.81966666,24538485.519633338,12304187.281066664,9000000.0,,10491645.8203,14160813.978,4538698.996866667,0.0,6151666.479400001,2698779.0,3876691.692033333,,,10690262.333333334,0.0,6486860.318033334,5220888.38,4414032.9743,600000.0,0.0,1626359.6706,3377966.5755999996,11359737.133333333,0.0,1125981.2855,1810428.3333333333,3247930.1333333333,894280.0666666668,133460.66666666666,977164.4284,,,669982.2888,0.0,1694930.0987666668,,,915300.4186666668,914053.6666666666,330000.0,328724.0,915177.6124,867047.3506666668,394713.26666666666,0.0,338786.2573333333,1814932.9810999995,442888.0,194124.0,1505413.2509333333,1634429.34,944366.6666666666,40278.666666666664,684832.6666666666,,3629481.4,1100887.2144,21666.666666666668,3944519.466666667,92978487.17893334,679224.7433333333,,1933359.6666666667,4337015.666666667,8508443.857866667,71996.0,6666.666666666667,159751.71333333335,157446.3176,2760537.4545333334,,1576256.9042666666,201035.52,54764.86413333334,,,0.0,520620.6666666667,108681.66666666669,877607.4366666666,,
2022-04-01,205037687.5181,89977148.66666667,49117082.5482,23541004.562166665,14838967.427233333,9000000.0,,10876561.628166666,16928549.73,4608324.379933334,0.0,7638631.405033332,3467503.6666666665,3947298.543766666,,,8222774.0,0.0,7073634.609066666,6580628.283333334,4834011.2462,400000.0,0.0,1673343.5636,4140074.5165666663,10168321.933333332,22232.0,1415320.0478333335,2630874.0,3602755.1,1164878.005,142195.0,1088973.6184333332,,,932343.007,0.0,1925665.0014333336,,,932484.91,620000.0,313333.3333333333,400228.3333333333,779921.6,808412.3333333334,352158.26666666666,72670.33333333333,313616.1693333333,1921556.2187,442888.0,213686.66666666663,1583229.8833333335,1687430.1166666665,939033.3333333334,28381.0,821110.6666666666,,4168346.0666666664,1094543.2786666667,55000.0,4322772.333333333,103340269.04603334,590517.7533333333,,1480572.6666666667,4756645.433333334,9790525.836533334,122483.0,39335.0,159929.84,176140.75133333332,3453759.817066666,,1777092.7581,192308.28000000003,113411.71206666667,,,0.0,629694.0,125843.33333333331,1112528.6416666666,,
2022-07-01,213071193.5195333,89689307.66666667,50886130.011099994,24497557.9868,14881534.223700002,,,11108101.8126,16739298.277833331,4222112.055733333,,6724303.527666667,2918939.6666666665,2832578.5017333333,,,8495726.333333334,0.0,5123155.1143,4801072.547133333,4645927.359000001,0.0,0.0,1409196.7383333333,2354659.0033333334,13023867.566666668,60590.333333333336,744737.6666666666,2434207.3333333335,3151386.9,1211703.3633333333,146274.5,887478.1533333333,,,608509.4239333334,0.0,1989438.121566667,,,509524.10333333333,166666.66666666666,150000.0,238713.1333333333,511229.4666666666,630882.35,249006.53333333333,20000.0,231080.03166666665,1778612.2857666668,407888.0,184077.0,1219984.75,1517515.0200000005,924700.0,12654.0,600333.3333333334,,4109294.6,938304.9690666668,11666.666666666666,4302751.633333334,95896203.70176664,589487.0,,1010000.0,4414590.0,8820394.897866666,139988.66666666666,10000.0,116272.615,123114.57146666666,3446572.094133334,,1750831.4881,169500.0,5333.333333333333,,,0.0,578227.3333333334,118066.66666666669,850652.9391666668,,
2022-10-01,222114913.6253333,88252517.33333333,46691594.94536666,22781796.335133333,14220673.813133337,,,10534393.971733334,16043412.5,3958399.612,,5282572.822799999,2761420.3333333335,2248075.3304333333,,,6222149.666666667,0.0,4376458.193366666,2982832.8000000003,3682643.484433333,0.0,,931877.1334666668,2042969.0,15756379.4732,67251.33333333333,306714.0,2038074.0,2894132.0,955742.7641666668,170653.5,363113.6,,,507045.6833333333,0.0,1828811.1329,,,526345.9633333334,0.0,83333.33333333333,240273.83333333337,293110.43333333335,587000.0,117464.03333333333,0.0,135283.94666666668,1023041.4131666664,406149.4,97588.33333333331,857073.85,1347036.51,893522.6666666666,3333.3333333333335,416000.0,,2807359.3000000003,890035.477,0.0,4291433.333333333,84281008.54726666,579383.0,,663333.3333333334,3662923.3333333335,6489373.618266667,125000.0,0.0,110821.45833333331,111421.93493333332,2604573.3544,,1372217.6192333333,142500.0,0.0,,,0.0,471170.0,113066.66666666669,606666.6666666666,0.0,
2023-01-01,229318878.6608,88690625.0,47721977.57533333,21113129.716933332,14204619.757933334,,,5776388.910333333,13773338.333333334,3753993.6666666665,,4287093.725000001,2481420.3333333335,1943747.3368666663,,,3701580.3333333335,0.0,4103040.6399333337,1911547.883933333,2571569.4770666664,0.0,,911278.7235333334,1659686.3333333333,13049774.710766668,80536.59133333333,59270.0,1826631.3333333333,2765057.0,676699.9533333334,182843.0,128235.26666666668,,,237565.3,0.0,1478803.0800666667,,,432124.6866666667,0.0,0.0,256113.0,134217.66666666666,575666.6666666666,32189.533333333336,0.0,61282.44,417978.99666666664,411025.2,33074.0,546915.6066666666,1069217.761,946077.0,0.0,201666.66666666663,,408273.0,717463.2067999999,0.0,4667478.0,65528451.39727,558235.3333333334,,246666.66666666663,2476790.0,5098658.410133333,125000.0,0.0,117890.65,116454.7,1094760.36947,,982094.3809,87333.33333333333,0.0,,,0.0,203761.0,92733.33333333331,614318.8512666667,,1661600.0
2023-04-01,237025172.85833335,95767739.66666669,50929639.8716,24409971.0386,16318495.723066663,,,4998867.6676,14316769.085933331,4113106.6666666665,,3135948.841,2855530.0,1602823.9180000003,,,1828363.6666666667,0.0,4112884.233066667,2096169.5322666669,2249042.1384,0.0,,1062856.5951333332,1246214.0,12036790.588066667,300912.69253333326,0.0,1086219.3333333333,2246295.533333333,597763.5733333334,170653.46666666667,71568.6,,,100753.56666666664,0.0,2609256.8758,,,355982.0266666667,0.0,0.0,107203.2,3204.6666666666665,574126.3333333334,9623.906666666668,14420.0,15047.82,331514.6642,339535.3333333333,220178.85333333336,390155.6174666667,882087.1673333333,974210.0,0.0,46286.333333333336,,,311704.1372,0.0,3213768.0,59702788.68493333,519063.6666666667,,0.0,,4416316.643066667,125000.0,0.0,153719.26666666666,143233.16666666666,873105.5019333333,,1269804.736466667,25333.333333333332,3430.3333333333335,,,0.0,171108.0,65400.00000000001,541450.42,,1520765.0
2023-07-01,239505477.43443337,92627727.0,57415184.50936666,27340161.062666666,19497960.4192,,,6138382.069199999,15576836.333333334,9324238.0,,6003380.260933333,3599497.6666666665,1797213.3522000003,,,2211751.6666666665,0.0,5931092.82,2664863.3312,3122122.326133333,300110.0,,1595671.3066666666,1379612.3333333333,15020458.059333334,1336719.997,0.0,181304.66666666663,2323871.4580666665,762287.6969333334,146274.40000000002,71568.6,,,261100.9,,3001715.6469333335,,,519794.3933300001,0.0,0.0,325335.2,196280.66666666663,602379.0,33913.333333333336,40000.0,16740.656,497898.23953333334,114556.66666666669,298017.65,581573.8741333333,668482.0,1162210.3333333333,0.0,73859.0,,,,0.0,3823222.6666666665,67979831.39346331,494252.5333333334,,83333.33333333333,,4452549.000533334,131666.66666666666,0.0,197840.96666666667,195490.21,852558.9542,,1463890.2220666667,0.0,18439.0,,,0.0,141429.33333333334,0.0,443985.71966666664,,1187878.9906666668
2023-10-01,227222860.85103333,94776768.39313334,60866611.17733333,32856907.3598,24582268.825066667,,,5987392.274733334,15852675.333333334,14018066.0,,6379706.666666667,3965497.6666666665,2214986.2709333333,,,3969984.6666666665,348666.6666666667,6325165.666666667,2089392.8092666664,3913988.3579,900330.0,,2652433.1059000003,1547377.3333333333,14836574.728066668,997363.389,0.0,0.0,2286781.8688666667,921704.7168,121895.33333333331,59901.93333333334,,,286236.56666666665,,3129390.9124,,,621580.5393333334,0.0,0.0,325335.2,469614.0,304944.3333333333,81666.66666666667,40000.0,107399.93266666667,513049.88479999994,66404.0,318761.2472666667,587031.2158666666,488482.0,954640.0,0.0,73859.0,,,,8333.333333333334,4437095.666666667,69878999.59696667,494290.5999999999,,250000.0,,4456579.510533334,163284.3,0.0,236382.20000000004,217782.71333333335,797997.0058666667,,1476727.1756333334,0.0,18439.0,,,0.0,60934.0,0.0,521017.63766666665,,1287188.3453333334
2024-01-01,236651570.55843332,100189601.7014,56752066.335766666,38100773.62726667,24352747.494466662,,,9727042.683033334,21347186.0,16062078.666666666,,8075352.333333333,4297802.0,2911701.0729333335,,,7406124.666666667,398000.0,6663855.153066668,3900648.7200666666,4898250.573033333,900330.0,,4009260.685566666,1699860.6666666667,15837705.8644,810315.0,200000.0,0.0,2567593.678133333,890332.3949999999,109309.7,12189.533333333336,,,318122.25,,3905811.499433333,,,664708.1733333333,200000.0,120000.0,276577.06666666665,469614.0,95393.66666666669,125000.0,90000.0,165854.51850000003,658133.6981,66404.0,335552.57996666664,802851.1401333334,393482.0,886357.0,0.0,,,,,25000.0,4775028.0,84309717.29817003,435857.23333333334,,,,5322794.706833334,163218.28333333333,0.0,265390.13333333336,236739.56000000003,987371.39197,,1775941.3737333333,0.0,18439.0,,,0.0,50140.3816,0.0,652193.48,,1576680.0481
2024-04-01,257227294.1896,108167900.86693332,57642835.03793333,43748760.471766666,25595348.6636,,,18823660.889833335,29966636.666666668,18036676.69926667,,8809977.0,6529077.333333333,2833960.516366666,,,8548773.0,398000.0,7990812.0,3303870.6666666665,6234059.978,900330.0,,4284328.360366668,2513219.0,14554037.0127,810315.0,200000.0,0.0,2814113.042266667,1071943.7033333331,114064.7,247200.0,,,281655.0,,4472020.981866667,,,623124.056,300000.0,120000.0,307198.0,469614.0,65393.666666666664,141666.66666666666,110000.0,166353.79350000003,598238.5652333334,66404.0,350872.1203333333,1012813.9262,326815.3333333333,966075.6666666666,0.0,,,,,25000.0,5000712.0,96374709.62397002,358057.0,,,,4479577.661233333,164010.78333333333,0.0,285226.80000000005,265101.8,1126697.5604033333,,2046560.255366667,0.0,43460.0,,,0.0,79704.1351,0.0,764097.0,,2571414.9601666667
2024-07-01,260794596.3288,115121667.07666668,59317634.52186667,46402308.7062,26492583.128533337,,,22818949.657033335,30149247.666666668,18573251.666666668,,9461041.455533331,7364401.666666667,2774784.2024333333,,,11103848.0,398000.0,9252337.666666666,4324611.666666667,7246986.288466666,111666.66666666669,,4441929.717733334,2086042.4145333332,12318074.6539,810315.0,200000.0,0.0,4069470.7389333337,1103300.586666667,119390.3,537466.6666666666,,,281655.0,,4030138.4246,,,847859.8559333333,300000.0,243280.0,307198.0,469614.0,132060.33333333334,150000.0,110000.0,166912.98150000002,654155.4445333333,66404.0,361872.4706666667,906089.2819000002,293482.0,1136960.4733333334,0.0,,,,,50000.0,4400005.666666667,97115302.44226667,328696.6666666667,,,,4427862.773766667,171666.66666666666,0.0,355443.8666666667,275204.5333333334,1049119.8129999998,,1833889.1893333336,0.0,109592.0,,,0.0,84566.54656666667,0.0,1358312.6666666667,,2889571.3333333335
