date,2,101,105,106,113,115,123,126,128,129,133,136,142,143,146,153,171,191,205,206,231,240,241,242,243,251,270,272,274,286,288,290,295,296,297,298,299,305,311,313,317,320,321,325,326,329,331,377,381,386,387,389,392,394,395,402,407,430,455,460,463,512,553,593,634,694,774,513,1,3,5,6,29,36,43,46,49,62,72,88,91,95,96
2018-03-31,0.0,9344835.84258,9021745.62932,50747425.08172,4109261.57429,113237169.04118,2675310.48031,19770629.224809997,888630.5890899999,1978702.23475,2196199.49881,106286105.64032,8806071.70607,3045793.16194,1692470.7238699999,10186658.761300001,65366510.4149,4865137.89765,1572110.26143,4829811.45398,1845928.01939,1488016.32161,1531699.4698700001,14331893.32557,1041761.06986,6407134.83086,22310867.449359998,116817425.72654,168797277.48693,2272318.4647399997,5823344.1579100005,2620026.72848,21167365.1097,72925654.87725,41950837.405300006,33539712.75541,136114866.78306,18024815.46805,780958.2452799999,433467.30741,54601751.0088,9058139.089559998,5841035.27028,5150280.16717,1364133.48054,3134886.46563,3251475.46507,2249663.90408,3439330.82398,5143411.32078,1328319.73953,19764086.78109,1417643.1080399998,2121106.97602,1666940.28444,1008412.0509299999,3561334.30867,612643.94695,3434132.31169,1749649.85905,726046.83349,409785.88232,3107015.1281500002,1128461.1798999999,541265.43901,2758799.78726,944940.9251999999,1549689.20713,68.0,0.0,0.0,0.0,0.0,0.0,0.0,0.0,0.0,0.0,0.0,0.0,0.0,0.0,0.0
2018-06-30,105.0,14152724.746599998,12934113.57345,72805445.02415,6360127.8971299995,176810680.47058,4163439.5559199997,28964911.391000003,1388688.97787,2327362.88435,2767789.91851,158523354.99242002,13716259.38468,4341511.054380001,2426161.18658,14358186.696,99917445.10769,6821836.91508,2442217.24739,6814224.85666,2785046.55834,2331766.5202,2368296.7831699997,22801479.6839,1714598.36545,8664297.54734,34072498.24959,172292714.53869,263907945.72447,3766985.10573,8819078.14784,4014854.42028,31712193.88241,111615674.37529,60854557.766499996,51628448.91003,193857448.93063998,25950778.32676,1207258.56665,670812.32875,82868392.25634,12816217.25685,8039686.37438,7001790.26157,2040310.58535,4573842.164580001,4570646.24188,3056131.33086,4939755.73553,8251667.159709999,1898699.4662000001,27029386.39588,2790935.92875,2917970.30493,2073746.07014,1474803.17793,6537672.37676,948194.06767,4850883.37614,2692782.49594,764075.71013,678342.13546,4585006.3514,1572192.8772,796164.07708,3763369.94368,1568095.0143300002,2040544.63993,0.0,0.0,0.0,0.0,0.0,0.0,0.0,0.0,0.0,0.0,0.0,0.0,0.0,0.0,0.0
2018-09-30,105.0,14627793.704319999,14143679.73746,76404955.00961,6795537.2496,184432236.20851,4365463.8708500005,29503144.14266,1396401.33837,1928186.49517,2641450.25074,166532218.72036,15007967.4448,4161851.20703,2522456.32691,14467108.07214,109051577.25497,6951098.14527,2375108.08455,6252200.715530001,2627281.96952,2352414.8289,2285222.59824,25087597.24862,1821687.8656100002,8315474.35714,35944159.74601,181712358.04144,271300869.78547,4288055.05957,7323842.0780299995,4794023.26876,32584581.03906,114061965.4941,64286367.740490004,60387393.20996,199141276.76097,27031881.95073,1197148.30568,680033.2129500001,74111866.72217,12917523.16833,7007062.398429999,7237896.25414,2308884.56359,4683051.23113,4566236.68112,3008675.5116,5049451.64263,8461950.55694,2473313.10307,25665577.876720004,3323558.5463199997,3018017.89713,1794830.20774,1468496.8407,7936944.619960001,962801.67426,5052225.28763,2841937.60479,478069.66128,716099.19109,5029553.2610100005,1786098.8157,817456.81811,3666309.4444500003,1955314.42104,0.0,0.0,0.0,0.0,0.0,0.0,0.0,0.0,0.0,0.0,0.0,0.0,0.0,0.0,0.0,0.0
2018-12-31,105.0,15509438.91704,15412283.255630001,81039241.52991,7003991.20075,176621753.56472,4466295.81286,31386952.14046,1507404.10967,1837292.33512,2946789.03744,172791843.44922,16365743.26055,4112892.088,2618495.84483,13787680.24706,115066314.76342,7062374.21536,2436372.57695,6255708.282269999,3476012.7403800003,2872844.73024,2493106.4703699998,28193270.52411,1901920.8608,7992374.85236,35120237.494389996,204940524.7202,278773103.42193,4738937.47559,7516565.99927,3845491.3436700003,34648897.11577,117975753.82594001,68293497.1686,63585585.665520005,206337302.13829,28368825.861759998,1144947.85093,691635.28905,74607531.9834,13423314.79138,2602584.79544,7345791.893859999,2781303.88589,5218679.69742,4995345.55343,2991916.20702,4081111.55465,8312082.52264,2393815.04615,25485311.60325,4739239.259889999,2786611.50751,1843864.04116,1335143.68792,8777684.51197,301375.88844,5228182.59239,2841822.05043,0.0,761204.19327,3962180.64373,965118.28694,840104.52403,4603214.43789,2597971.89579,0.0,0.0,0.0,0.0,0.0,0.0,0.0,0.0,0.0,0.0,0.0,0.0,0.0,0.0,0.0,0.0
2019-03-31,105.0,15895848.77208,16232996.22802,80217182.86863,7144653.61867,174266898.77211,4498734.31816,31274077.99546,1617848.2635400002,1785552.22545,2913303.58356,164933281.3102,17690855.661199998,4102036.03786,2861575.41519,14250532.56332,110238289.66633001,6985846.81436,2439589.36539,6072734.45034,3142602.37851,3505727.74431,2642820.2974,32908179.60603,2034494.87506,8125809.93668,38059780.65759,210970195.55407,282680794.09143,4966614.13879,8914232.94925,4397545.0102200005,36363755.92002,117909413.55035001,71665600.24375999,64328688.15692,198218216.91836,29636034.254639998,1015529.2218800001,697885.33766,70529012.75281,13872891.293019999,0.0,7566420.4883,3102063.44816,5341237.63866,5026098.65313,2985631.1494899997,4122732.71936,8465943.08552,3074367.56934,30732648.70655,5431567.03866,2991816.49668,1874450.38109,914076.7961,9705328.86528,0.0,5759437.98042,2793638.41325,0.0,784701.56733,3076199.59365,1085640.23312,851753.39283,4705084.20283,2661685.57065,0.0,0.0,0.0,0.0,0.0,0.0,0.0,0.0,0.0,0.0,0.0,0.0,0.0,0.0,0.0,0.0
2019-06-30,105.0,15072138.49191,15734994.65441,76761708.07746,7172883.43001,172480004.99120998,4499706.25399,30247008.13664,1716663.29878,1758148.9991600001,2848949.54834,160039427.52364,19729776.77464,4196869.58809,3043919.36485,14379939.98925,114269064.84461,6893460.742930001,2624963.39443,6570336.70739,3051783.0635,3482679.2259400003,2492519.72071,38725655.683240004,1986842.74609,8327230.93772,37866602.34793,212218398.39842,293827717.76841,5105856.8871100005,9225768.48147,5180755.98475,35757471.53457,120674152.50788,72173610.1037,65314536.84343,192173084.07273,28198592.61346,940482.57943,712775.016,44004308.54597,13348267.8776,0.0,7818840.087710001,3365958.7027700003,5128095.65163,4759594.37519,2816266.9727,3782870.4360599997,8626790.08803,2940865.66749,27289160.47307,5634489.94322,2622804.40304,1911142.81756,538310.5645999999,7547100.90635,0.0,5770917.7329,2722475.99916,0.0,841426.7834399999,3128629.19128,909847.34796,1037084.59978,4850230.4314,2938702.47528,0.0,0.0,0.0,0.0,0.0,0.0,0.0,0.0,0.0,0.0,0.0,0.0,0.0,0.0,0.0,0.0
2019-09-30,105.0,13990350.6905,16329860.904989999,77638398.24317,7520225.40165,182731092.21237,4517362.72717,29175019.5863,1689005.5522,1747735.3360600001,2821574.50012,164145523.7975,21541865.39034,4112614.24923,3106151.91829,14745845.13364,118091796.77202001,6747116.68777,2902392.70832,6440324.76377,2703512.97983,3666266.15981,2473506.82944,44030005.75079,2050913.8960600002,8576309.07433,35453686.28675,218583242.43528998,342640398.45056,5300724.42759,7696458.380650001,6016710.72531,34637034.05549,130590574.16932,75829004.80768001,66753070.84158,186327673.00455,30554204.96077,914602.5036299999,734903.87814,0.0,12669242.96441,0.0,8054286.562030001,3900527.56558,3815989.49577,4587386.4653,2970084.5764599997,3572176.7647599997,9305397.77227,3075368.27919,18296589.89601,7241208.5957,3142165.2635699995,2011199.2980499999,0.0,7144726.80628,0.0,6068208.56106,2938702.41235,0.0,874245.45159,3495169.62607,1123518.60907,1054649.10154,5154989.65497,3248621.46554,0.0,0.0,39277494.14266,31111297.636030003,286090058.67028004,2896555.05547,81074379.57157,746469.64135,529010786.14188,747912.7432,19176589.13549,383177.9174199999,18157732.25089,2890578.15342,495107.23592,6865653.74589
2019-12-31,105.0,13533837.44529,16700754.18007,80837142.76954,7602526.841950001,182084421.63499,4550884.15384,29647852.31259,1666339.53925,1749761.83031,2918578.02231,164492194.30241,22714798.89497,3840543.63908,2893291.05425,15738901.649770001,117589693.74749,6610364.408530001,2815864.76451,6369942.92861,2830253.37327,4051429.3907300006,2314812.61654,50213555.69287,2257388.36508,8857239.15742,35121148.36139,259798353.11808002,349227580.95783,5428491.86612,7641176.57027,5889199.103390001,38533661.34255,139331713.03443,90731984.41643,69405256.13645,182736105.77289,30909068.31747,899939.58755,732361.27364,0.0,12498361.039849998,0.0,8491513.662670001,4549268.08061,3230012.18816,4692439.65843,3448850.60107,3337215.62597,9332599.60338,3360361.86082,11529261.83045,7839797.328670001,2801886.07261,2099621.26689,0.0,7218888.492860001,0.0,5010930.3669,5779606.42007,0.0,814050.7861200001,3350585.38641,1124894.12059,993292.71878,5152799.29897,3197092.1710900003,0.0,0.0,37396159.95098,0.0,280407431.3976,3404616.8118,85877514.09002,697630.62006,539552247.6436,723581.27462,19001775.67607,404449.77177,18677749.426859997,3096955.33367,483147.95339,7634746.22962
2020-03-31,105.0,12812190.50592,17640088.96919,85604254.22129,7881792.55048,194071720.44834,4727205.40005,30030062.067430004,1709523.96312,1719991.5872,3362456.5098100007,169185216.34728998,24713307.93786,3780818.20537,2955258.21937,17387528.15035,119909251.43437001,6196955.69345,2966531.37603,5475654.78427,2943496.32999,4762275.76522,3342919.61724,62870241.55702999,2548118.02663,9526562.95713,36312043.59881,267633970.43285,414160680.53970003,6444244.889529999,8778551.94631,4963647.8584900005,38890419.18236,152938223.56780002,97608684.34619,73724569.60749,180648398.5843,35227269.34578,917253.58244,875634.0599999999,0.0,12872506.38937,0.0,8485099.83182,5916517.682979999,3521455.95915,4946302.98998,3522698.65712,3860848.60639,11842126.34102,3740745.6595400004,11099297.73525,9107209.05037,2718057.8506,1790654.05537,0.0,8474234.26094,0.0,5766140.1678,5537418.335449999,0.0,857541.5921899999,3316767.97341,1228272.66231,984067.0896300001,6122858.02758,3671299.97284,0.0,0.0,113464260.7299,0.0,962577899.4633,11134430.59071,277433410.31299,3245895.30827,1668119919.92922,2367393.24249,59358625.66428,1339687.93916,58938979.9128,9988801.41757,1505256.7663800002,25930856.82271
2020-06-30,105.0,12976605.79801,19671248.705799997,84021959.21943,8213259.89606,204102643.42926002,4850955.8331,29988270.252630003,1800646.0844899998,1510389.6608799999,3292112.28668,185213159.74234,24614163.49299,3872841.3913199995,2852146.0508399997,17419564.71357,133590238.73209,5863685.69927,3165673.45364,5647667.78348,2627870.74656,5039329.194970001,3170714.2527,72339644.31323001,2561179.18194,9864039.17469,39047962.271290004,286872795.9654,445648803.17912996,6809185.9686900005,9633657.266749999,5132874.78884,35927947.80365,157910621.12258002,81236437.32956,77716583.79337,193596796.69636,37023291.210030004,904900.05149,977020.12372,0.0,14988368.49518,0.0,7358814.99961,5837109.29678,2865842.69483,4950714.35879,3295882.62121,3915204.4163500005,11194771.83757,4116914.1958000003,14158783.10574,8443343.43056,3464702.47349,1862430.46506,0.0,10422422.00035,0.0,5162495.35986,5848051.16296,0.0,850731.09803,4914155.5582,1006042.1736,1055486.96689,6739522.56927,3147956.00466,0.0,0.0,123950139.10317999,0.0,935607740.8789101,11593735.8727,296693333.85528,4576980.365110001,1743506794.12073,2327054.2234,62093470.934080005,1329743.9408200001,61670513.17758,10265195.72818,1440682.45902,25804966.84285
2020-09-30,105.0,13608639.74975,21218822.67136,93244752.96761,8893128.32254,217786496.00302997,5159917.689230001,30585519.104450002,2183881.09242,1262114.06238,3350386.37304,201178308.41903996,24994434.953840002,4022635.9012200003,3083158.4880800005,19310830.51946,139348765.52005,5337426.18334,3492286.3596400004,4612039.1967,2622487.36748,5659302.65574,4797222.45632,80476965.37988001,2654488.55993,10057809.35741,38019883.53357,300062683.77531,481596345.6076,7954050.9156599995,10383747.27159,5488843.70733,37875977.33452,170219673.81007,90961332.35484,80517138.26549001,195678419.00506997,39368363.502849996,1038579.7857,1173146.0108400001,0.0,14602999.05837,0.0,7385132.195080001,6375985.90055,3030675.39496,5196860.03473,3643466.47088,3866674.8064400004,12744046.993689999,4567491.13005,12715500.956980001,12137317.809449999,3907447.1149,1790525.35707,0.0,9258240.68135,0.0,6682156.405590001,6618790.51678,0.0,743643.99712,5417355.6648200005,992723.75235,1084333.49584,7630936.2949,3973211.59734,0.0,0.0,82587395.15277,0.0,547983715.31879,9765461.77273,206517635.21006,3257478.2866899995,1161595857.2755098,1549936.89111,42789389.45351,873895.32751,44207448.330819994,7551081.8517700005,1059730.5381699998,18229238.99229
2020-12-31,105.0,13385658.86347,20781282.342889998,95231456.81064,9129563.21966,244375374.6483,5549433.951309999,30683176.907980002,2443036.97012,1361767.22871,3705306.70514,213212564.37138999,24511133.59122,4231677.03898,3357967.42987,20383730.02132,153235416.44349,0.0,3403294.72109,4611010.412839999,2411951.62354,7391385.2830300005,6090007.57899,92374444.19669,2867508.41268,10457502.21528,42723364.14061,304112614.67114997,493685816.08697003,9032717.47037,10192005.67991,5012129.8246,41335458.6409,181095961.289,90227921.6034,81379235.54721,199388726.32392,43759113.87496,1088197.80741,1318984.45081,0.0,13612966.12243,0.0,7781796.732339999,7459560.921399999,2855962.2704,5685839.6043,3932785.74161,4658924.33883,13313229.29575,4861412.19616,13435120.39285,14712069.36851,4057583.70462,1860770.9335,0.0,9857316.175110001,0.0,7677924.64947,10842932.97315,0.0,796192.53082,5725377.719,978761.77007,1041911.5340799999,9526942.16553,5945456.67982,0.0,0.0,57918733.83094,0.0,538198810.38413,10791741.31803,217743255.67643,2378868.77386,1172593246.9792202,1629977.0831499998,47722624.625269994,808906.59934,48390580.908099994,8318934.70806,1228717.0898,20244003.192929998
2021-03-31,105.0,13870040.891660001,24530538.24797,108859622.76429,9617915.70346,251978190.25340003,5924909.68673,31774113.61626,3221712.65607,1209599.15217,4720835.24937,217409321.19474998,23672966.47338,4112886.86813,4140156.4978799997,21696183.54038,157587679.44678998,0.0,3569624.4197799996,0.0,2650971.07796,10167655.2035,6507826.018719999,115832908.89006001,2856830.19752,12917010.501769999,47331064.12449,333946287.09881,451854840.74206,9421150.87651,10674919.732919998,6113482.99747,36961142.54855,190353233.39643997,84595515.12753999,82538569.68438,193221052.6663,50888683.85134001,1054741.1413,1357426.10369,0.0,13655165.64248,0.0,7765388.42378,9781258.287349999,2806541.70824,5937235.44063,5693393.15385,5466884.83266,15843592.226629999,5255386.344269999,11735615.20609,20815178.72585,4309877.94536,2066450.2398799998,0.0,12583493.37103,0.0,9309868.157949999,14639581.29669,0.0,781209.5398799998,5975522.127049999,1273076.64391,1000383.2361999999,10973022.47639,7706820.11033,0.0,0.0,29272522.89893,0.0,268759302.6474,7664343.48599,113628316.55458,1580217.96019,566179319.9185001,882251.53977,24715245.6761,510943.58703,26173800.29881,5042892.01337,708915.2433500001,10878823.26309
2021-06-30,105.0,13868341.28728,25002338.02866,108147613.03290999,9629598.9015,279380996.94591,6013298.084969999,31100864.588179998,3667780.15529,1526356.27789,4078843.7028200002,211568566.24475002,24577415.04066,4015658.8845699998,4844014.10548,21853804.78787,154567155.87181,0.0,4586969.41962,0.0,2503008.47497,13748716.7422,9089485.64897,127249598.42898,2755350.2717500003,13684683.01123,52136599.36338,337526873.81816,417120526.52948,10817915.66479,11994674.23351,9155069.58205,37768462.63356,195726955.68953001,81956846.42248,83530175.32337001,193708866.84845,49381895.83475,946469.70195,1268622.14394,0.0,13798109.57668,0.0,7814970.258429999,12230432.53082,3037814.54897,5658339.5429,6450404.56858,4611478.98969,16472735.54249,5857674.23092,12859452.034529999,24912042.58557,4159811.63868,2256645.2538,0.0,11776043.29498,0.0,8279261.104660001,15826442.10882,0.0,787855.77304,6278713.70382,1078267.5888399999,995193.67664,13454238.90858,10113653.12783,0.0,0.0,29151943.67355,0.0,288524033.62071,9157909.56821,113723223.41348,874533.03192,554920282.5585899,854631.5794499998,25888143.03168,388677.31514,27206932.60999,5086921.51868,703058.37952,11346905.57238
2021-09-30,105.0,15080944.365820002,31377980.310939997,113902961.78830999,9485316.05492,305010464.02619,6287209.28444,30727773.839900002,5908591.97796,1581993.4624100002,4343148.952190001,217917552.92512,26641126.54829,4295601.4796899995,4791362.78742,23459436.12176,158779521.89274,0.0,5416139.69018,0.0,3642629.46851,19338517.61214,18418663.55468,141400074.20736998,2572073.58881,13588450.35921,56230597.75314999,351189043.83046997,387696600.53958,12286475.25475,12366912.15775,10545933.09257,40224531.93749,194307285.1091,90788895.39838001,87429547.8054,187311966.04791,49317288.984450005,1000936.89254,1489534.8103999998,0.0,12954634.100440001,0.0,7953668.55164,14519104.717530001,3255222.32381,6108433.31126,7025872.64329,5498351.7805,18051010.44556,6088388.16031,15090315.04019,34286403.54028,5191474.5248,2604926.34092,0.0,14066170.72752,0.0,7227852.546979999,17014645.67593,0.0,820164.72303,7733242.77174,343114.02249,1054461.48863,14718335.7348,11492819.34238,0.0,0.0,0.0,0.0,0.0,0.0,0.0,0.0,0.0,0.0,0.0,0.0,0.0,0.0,0.0,0.0
2021-12-31,105.0,16007396.88453,33991115.46129,123332900.45762,9948154.683820002,331892398.2693,6358458.7384399995,31637788.80371,6735669.23511,1488599.03323,4828496.20825,229489092.42095,28739116.462729998,4226415.99312,5080289.76434,25205261.119480003,177035154.40831,0.0,5036345.11259,0.0,5091851.6949000005,23345353.24835,14619242.65504,157674972.76293,0.0,15313430.38292,66827062.40721,353299565.23338,377296477.33327,13101591.07827,13327250.763069998,10669997.82861,44307434.93336,207349644.34334,110355807.90426001,91471966.80869001,176872241.06887,53914323.228640005,1200963.72724,1892593.44039,0.0,12607111.84994,0.0,7993941.37684,15461063.248939998,2963073.7448,6336821.797979999,6816942.89578,6402988.891759999,18760636.0416,6460481.6351499995,18501076.83712,41270094.93444,5139048.32452,3170612.99396,0.0,13504696.96509,0.0,7839640.880299999,18605345.384659998,0.0,708511.40018,7757340.09049,0.0,1053680.87761,15651367.53926,13123453.86,0.0,0.0,0.0,0.0,0.0,0.0,0.0,0.0,0.0,0.0,0.0,0.0,0.0,0.0,0.0,0.0
2022-03-31,105.0,18446562.563309997,37742322.45264,142190022.54952002,10258828.32216,340548278.65823,7004379.114469999,32866659.18455,7655644.684900001,1349315.78444,5188999.783129999,241894036.3406,29971605.99474,4025088.1983000003,5220270.7319,26946144.78834,182568707.80573,0.0,4944362.93857,0.0,5836882.64192,26297236.30581,12002904.874480002,181229509.35303,0.0,16430193.025349999,74930334.52778,377063360.11785,379298841.10631,14647619.01152,14328159.832459997,10123577.490309998,39985057.25734,221288484.7327,105208750.87823,97236974.25099,120495165.95197,60086507.34122001,1325578.73969,2204822.50495,0.0,12780406.05361,0.0,7924277.04342,13357679.44328,3266201.47722,6395704.0213399995,8175431.316710001,7398628.09269,22860796.644149996,6594139.65081,18819548.12512,46289816.39701,4918117.84077,2537672.89271,0.0,13382325.56502,0.0,8286205.043610001,20759403.1976,0.0,682257.7765200001,8208467.35333,0.0,1003392.5408400001,13885965.464329999,14849688.838599999,0.0,0.0,0.0,0.0,0.0,0.0,0.0,0.0,0.0,0.0,0.0,0.0,0.0,0.0,0.0,0.0
2022-06-30,105.0,17005415.76625,35179297.746980004,117320855.41842,9841208.14198,316773765.96155,6786823.76733,31206128.622670002,7725953.608270001,1073770.35399,5027412.585750001,263381412.74789,30450060.22647,3877840.30919,4799489.5654,27359710.36903,199810368.64461002,0.0,4709182.23927,0.0,5942820.90683,24463231.04495,10195291.49784,198229566.65384,0.0,17120024.85091,67243541.525,334674403.56801,381416990.39626,11936087.107859999,13884946.37185,7284586.8134,40560866.14334001,241016496.79023,115209910.46519001,99424669.57932,0.0,55831357.66505,1226536.1282000002,2060463.8311700001,0.0,11161411.038800001,0.0,7449629.06099,15389326.77087,2472773.62747,5917758.5754,6578879.700929999,6550661.751010001,18534134.96563,6183417.4920500005,18689779.51537,43821624.90085,5098816.99375,2160359.9939599996,0.0,12020854.47742,0.0,6987144.153890001,19654379.0762,0.0,665047.7955499999,9530995.00884,0.0,1012175.942,10403581.905110002,14047969.742260002,0.0,0.0,0.0,0.0,0.0,0.0,0.0,0.0,0.0,0.0,0.0,0.0,0.0,0.0,0.0,0.0
2022-09-30,105.0,16452189.035980001,35355004.77664,115365427.07672,10367908.5409,341690207.30935,7377801.05592,10256.74391162,6513928.41305,1017399.86698,4761051.35681,293715350.5926,30245338.537210003,4188840.7179900003,4992282.50599,28459140.94596,206453182.61521,0.0,4422237.84068,0.0,4570530.54808,22974643.75119,13375550.54781,207716803.02167,0.0,15874569.789530002,78353474.66852,327849523.98445,449818585.36109996,10904542.42795,14098472.175420001,4438227.8568,41110880.21221,253957868.27169,128923856.54100999,105647630.15366,0.0,55602656.93782,1193947.17945,1710347.6174199998,0.0,10268615.49,0.0,7595150.71557,12178996.28725,2643872.70623,5819290.59015,6358057.89701,7214666.830850001,18932952.049629997,6289502.62005,22773140.91796,36140394.823699996,4961993.0761,2347018.67215,0.0,15579136.80024,0.0,9106740.10079,15686470.04666,0.0,648829.96974,13486260.84605,0.0,1000203.86491,10394267.06951,11613825.2116,0.0,0.0,0.0,0.0,0.0,0.0,0.0,0.0,0.0,0.0,0.0,0.0,0.0,0.0,0.0,0.0
2022-12-31,105.0,15493225.096110001,38358886.066369995,130039144.94809,10986572.41236,367727133.58211,7512407.6974,0.0,5299698.898159999,851440.4286200001,4897734.92263,313816329.00903,31028932.852760002,4279371.3937,4632433.87126,30266858.75938,219975841.45247,0.0,4138843.3716900004,0.0,6388906.47979,19226741.39311,12680433.652619999,244575018.22237998,0.0,17143865.58181,79540861.96755001,296119364.42131996,465496819.92548,11137736.97604,15343434.45646,3848145.85471,47384098.6757,277595430.46454,153853185.55174,108491648.69662002,0.0,57822416.79403,1192938.9623,908344.53976,0.0,10756259.118379999,0.0,7476503.08059,13108074.27204,2876632.96646,6169740.22303,6337221.646600001,5786894.780780001,18136374.87771,7189652.09315,22659518.64695,37971455.69528,5504349.25936,2594514.62084,0.0,16199813.51981,0.0,11374254.24635,2527329.5924,0.0,633739.21067,22643319.82554,0.0,1000577.0942,9929094.05301,7039511.14107,0.0,0.0,0.0,0.0,0.0,0.0,0.0,0.0,0.0,0.0,0.0,0.0,0.0,0.0,0.0,0.0
2023-03-31,105.0,13463077.20679,35652848.581599995,147183342.97016,12986757.401039999,382617197.65861,8026705.82062,0.0,6788071.14223,860382.59576,5207368.8902,344142718.69479,31133562.10374,4122343.26181,4702630.72098,31279140.7001,246320251.37423003,0.0,4332549.9547,0.0,6689426.279250001,20557594.33975,10852995.057640001,284044450.04306,0.0,18959633.50301,60470769.930759996,287940985.95586,439519326.62709,12741575.67713,17392619.89347,3454637.44398,49515031.25767,299646045.52977,166341126.4968,110422023.71722999,0.0,62973441.37997,1290516.36319,833167.15585,0.0,12308661.75477,0.0,4651860.54974,17470306.39935,3479662.98422,6612385.98704,7608452.57921,4773271.73803,22607608.5391,9573211.09945,23663033.38948,36896591.20584,5034464.28493,2922026.78673,0.0,16564615.343539998,0.0,16227017.99216,0.0,0.0,637729.9715699999,29648978.82046,0.0,1031803.7790600001,10267571.98259,7454585.82636,0.0,0.0,0.0,0.0,0.0,0.0,0.0,0.0,0.0,0.0,0.0,0.0,0.0,0.0,0.0,0.0
2023-06-30,105.0,11400276.91082,39961059.39207,157878822.1474,12519084.532990001,385855372.66537,8341898.2754,0.0,6975374.800120001,837495.8258300001,5684323.96853,381487049.89737,30298392.75175,4035675.3838100005,6037780.74155,33064047.474260002,283042111.07975996,0.0,4548968.79674,0.0,7019522.495610001,22218628.698969997,0.0,299230079.76991,0.0,20862525.92208,63017927.26198,291483086.52237,496758489.95634,13996293.19722,15149426.35891,3085426.76799,62711195.39528,315675846.38528,179162234.52754,115314615.00307,0.0,66386653.16807,1173519.41969,863787.67108,0.0,12575343.1772,0.0,0.0,14239644.81215,3671448.5945499996,6172991.90072,6345245.58984,4127912.2900099996,22303019.9755,13278179.95761,27689687.722519998,40049792.62903,5123251.97851,2651128.35851,0.0,17624637.13546,0.0,15865758.271310002,0.0,0.0,638455.48764,4584564.60784,0.0,1024423.5795499999,10416859.29783,7446155.85541,0.0,0.0,0.0,0.0,0.0,0.0,0.0,0.0,0.0,0.0,0.0,0.0,0.0,0.0,0.0,0.0
2023-09-30,105.0,11745943.25271,44889963.454610005,176785162.92514,13139226.914660001,426403319.58229995,9148121.93937,0.0,7768586.490909999,853274.7641,6227795.8454,421132572.26865995,30155778.58946,4162899.78027,4152845.8607400004,33717596.22073,303503094.01483,0.0,4465191.43441,0.0,9097586.36527,26319056.26752,0.0,308920940.23045003,0.0,22332151.54092,61873057.44587,295792917.47745,509429161.28847,15518745.21369,17369829.94631,1934669.0318800001,70596111.03734,308817486.90607,188761555.57242998,119250049.79862,0.0,71006987.57122,1060382.30351,1001248.7131400001,0.0,13187550.24517,0.0,0.0,4668801.611729999,4346208.20905,6623141.326359999,5550908.61057,3716364.32544,27962837.64991,15698052.34243,30663816.04495,45716791.757410005,4267772.65936,2437108.24695,0.0,15310618.05813,0.0,20763313.88393,0.0,0.0,635297.7541799999,4331977.10684,0.0,1022022.9850399999,9361660.53837,8351435.6643,0.0,0.0,0.0,0.0,0.0,0.0,0.0,0.0,0.0,0.0,0.0,0.0,0.0,0.0,0.0,0.0
2023-12-31,105.0,11864188.76517,50658551.74162,161762434.84194,13981191.25886,446101240.2906,9004942.08105,0.0,8547378.42277,888823.3989500001,7120900.73938,411400457.76868,30980822.84457,4247297.2095,7184892.02947,32569574.5874,309055115.81595,0.0,4069428.90893,0.0,9602430.9139,26541745.134209998,0.0,329844747.25988996,0.0,21425659.73952,63047900.04658,347206347.94892,519532192.15490997,18938483.76957,15105997.154339999,1432665.45608,76316904.50576,318077837.58843005,207997484.29852003,119091520.29508,0.0,71046900.62832999,1019142.38913,1138697.33815,0.0,12511628.06436,0.0,0.0,0.0,4076103.5886,6273871.1158300005,0.0,3688814.30207,33392277.893420003,11870001.442060001,33759332.2389,54575389.750599995,4054339.89824,2536337.5255,0.0,18946807.73554,0.0,24759360.49656,0.0,0.0,628175.0837900001,3594445.4664800004,0.0,1025510.71294,6982621.18574,8795413.7795,0.0,0.0,0.0,0.0,0.0,0.0,0.0,0.0,0.0,0.0,0.0,0.0,0.0,0.0,0.0,0.0
2024-03-31,105.0,12645744.259709999,56559213.79878,172856354.46094,15416526.242800001,484419087.57685,9556562.24134,0.0,9641042.037689999,1118220.82549,8112469.49903,445823004.72234,32904408.119850002,4122102.7795900004,8749662.88842,32983637.00226,342438694.47254,0.0,3787020.32768,0.0,10987973.73478,29783633.79533,0.0,368202776.77546,0.0,24930131.41321,67495852.01606,394733517.37631,564779049.67715,22271128.51388,17580282.27498,1385514.16929,83158186.35876,333864185.52528,210361642.76457,124270266.02967,0.0,83339075.49073,1021716.45312,1419615.75642,0.0,12900831.119900001,0.0,0.0,0.0,3981213.18664,7489854.790069999,0.0,3663782.63806,37464555.44299,12624490.06321,36859140.931940004,63791755.97163001,4629105.23862,3288039.1677900003,0.0,20097935.975539997,0.0,24157471.46412,0.0,0.0,588681.34178,3705299.26799,0.0,985949.17908,7170248.39864,10308299.23773,0.0,0.0,0.0,0.0,0.0,0.0,0.0,0.0,0.0,0.0,0.0,0.0,0.0,0.0,0.0,0.0
2024-06-30,105.0,12667556.62543,57824414.14491,175093831.96502,15743084.467030002,505448797.68482,8878970.52581,0.0,9779878.940779999,927414.3553099998,8289616.49153,485548276.47506,32598912.100390002,3982612.2316300003,9622814.18373,34173541.0997,355378026.19990003,0.0,3493695.2872099997,0.0,12571935.137929998,28699073.57783,0.0,381214758.64525,0.0,23792002.23049,69730841.86133,409510547.77269995,578039926.30813,22418667.48039,16347763.99925,1335247.03615,95157340.55484,337390337.33701,222511140.62067997,126496630.17277,0.0,79842017.57028,1032168.2923999999,1751635.21741,0.0,11520500.74925,0.0,0.0,0.0,4291039.22766,6981091.912930001,0.0,3310445.45079,32915886.03904,18885483.80231,40352293.98896,59776920.98986,4782243.58457,3484512.5115500004,0.0,23239956.395099998,0.0,23520745.593709998,0.0,0.0,544702.66269,3683396.2656699996,0.0,958310.7497,6140562.48725,7775391.038659999,0.0,0.0,0.0,0.0,0.0,0.0,0.0,0.0,0.0,0.0,0.0,0.0,0.0,0.0,0.0,0.0
