Date,Bank,AE,LEV,CASH,NCI,NII,TA,SEC,LAS,OVDP,IR,IR_lag1,IR_lag2,IR_lag3,IR_lag4,IR_lag5,IR_lag6,IR_lag7
2009-04-01,КРЕДІ АГРІКОЛЬ БАНК,,,,,,,,,,34.30028589156214,22.1827666666667,7.25163333333333,16.8162666666667,6.98246666666667,2.4528,0.949066666666667,1.58863333333333
2009-04-01,ПУМБ,0.0062826511675342,0.1812240194866113,0.0698137456334841,0.0030187472603151,0.0152067196639133,0.0224601978481807,0.0163458248227465,,,34.30028589156214,22.1827666666667,7.25163333333333,16.8162666666667,6.98246666666667,2.4528,0.949066666666667,1.58863333333333
2009-04-01,РАЙФФАЙЗЕН БАНК АВАЛЬ,0.0114903003450002,0.1188797462953134,0.0546407332807557,0.0038524273080989,0.0177990087127551,0.0724089677138557,0.0180831035739203,,,34.30028589156214,22.1827666666667,7.25163333333333,16.8162666666667,6.98246666666667,2.4528,0.949066666666667,1.58863333333333
2009-04-01,УКРСИББАНК,0.0089307158018943,0.0767595360189606,0.0696194009243005,0.0022605520529783,0.0142030522913723,0.0634059430457163,0.0161700083011149,,,34.30028589156214,22.1827666666667,7.25163333333333,16.8162666666667,6.98246666666667,2.4528,0.949066666666667,1.58863333333333
2009-04-01,УНІВЕРСАЛ БАНК,0.0177786890743521,0.1101896629393874,0.0837777004378624,0.0004260590213871,0.0254761377901545,0.0091699294455327,0.0108570453816892,,,34.30028589156214,22.1827666666667,7.25163333333333,16.8162666666667,6.98246666666667,2.4528,0.949066666666667,1.58863333333333
2009-07-01,КРЕДІ АГРІКОЛЬ БАНК,,,,,,,,,,3.7937268323252304,34.3002858915621,22.1827666666667,7.25163333333333,16.8162666666667,6.98246666666667,2.4528,0.949066666666667
2009-07-01,ПУМБ,0.0067691852997881,0.1617006188444864,0.1503714497369491,0.0022790345156477,0.015051663484571,0.0215861129919461,0.015941189781266,,,3.7937268323252304,34.3002858915621,22.1827666666667,7.25163333333333,16.8162666666667,6.98246666666667,2.4528,0.949066666666667
2009-07-01,РАЙФФАЙЗЕН БАНК АВАЛЬ,0.0113739495562618,0.1127970707658999,0.0573099759198301,0.0047445237679942,0.0186911105739108,0.0695634666763725,0.0516554271395168,,,3.7937268323252304,34.3002858915621,22.1827666666667,7.25163333333333,16.8162666666667,6.98246666666667,2.4528,0.949066666666667
2009-07-01,УКРСИББАНК,0.0089628410134086,0.1035323269120693,0.1058695168019647,0.0025506604659163,0.0159506524928953,0.0619647063036878,0.0166459964526334,,,3.7937268323252304,34.3002858915621,22.1827666666667,7.25163333333333,16.8162666666667,6.98246666666667,2.4528,0.949066666666667
2009-07-01,УНІВЕРСАЛ БАНК,0.0156760192744135,0.0992668782765383,0.1144478789825802,0.0005597099651792,0.023585060065315,0.0093958718136622,0.0313586370713014,,,3.7937268323252304,34.3002858915621,22.1827666666667,7.25163333333333,16.8162666666667,6.98246666666667,2.4528,0.949066666666667
2009-10-01,КРЕДІ АГРІКОЛЬ БАНК,,,,,,,,,,2.97913716330678,3.79372683232523,34.3002858915621,22.1827666666667,7.25163333333333,16.8162666666667,6.98246666666667,2.4528
2009-10-01,ПУМБ,0.0070931703286634,0.162776645116817,0.1216803621440415,0.0035187117419086,0.0144820340120679,0.0211469612741207,0.0138431281547201,,,2.97913716330678,3.79372683232523,34.3002858915621,22.1827666666667,7.25163333333333,16.8162666666667,6.98246666666667,2.4528
2009-10-01,РАЙФФАЙЗЕН БАНК АВАЛЬ,0.0105973806009842,0.0988981446113169,0.0460806073873263,0.0059848275685523,0.0177058626375119,0.0712965596792923,0.0460292929755583,,,2.97913716330678,3.79372683232523,34.3002858915621,22.1827666666667,7.25163333333333,16.8162666666667,6.98246666666667,2.4528
2009-10-01,УКРСИББАНК,0.0090541785809737,0.1035326750409927,0.0881873914555456,0.0029144140843878,0.01600983620429,0.0573502640385388,0.0126835852407403,,,2.97913716330678,3.79372683232523,34.3002858915621,22.1827666666667,7.25163333333333,16.8162666666667,6.98246666666667,2.4528
2009-10-01,УНІВЕРСАЛ БАНК,0.015242933706547,0.0816683600915562,0.1328765207859945,0.0007014752311264,0.0214838949608527,0.0100985899397017,0.0188087954328277,,,2.97913716330678,3.79372683232523,34.3002858915621,22.1827666666667,7.25163333333333,16.8162666666667,6.98246666666667,2.4528
2010-01-01,КРЕДІ АГРІКОЛЬ БАНК,0.151567731618851,0.0437369323175207,0.3682589562742438,0.0302449991999287,0.0473989879010068,0.0066585051814752,0.0222196282489367,,,3.478981723750723,2.97913716330678,3.79372683232523,34.3002858915621,22.1827666666667,7.25163333333333,16.8162666666667,6.98246666666667
2010-01-01,ПУМБ,0.0101602507495975,0.1510172406153243,0.1961829848602292,0.0024726332437703,0.0130719153335618,0.0205527456622221,0.012530295834938,,,3.478981723750723,2.97913716330678,3.79372683232523,34.3002858915621,22.1827666666667,7.25163333333333,16.8162666666667,6.98246666666667
2010-01-01,РАЙФФАЙЗЕН БАНК АВАЛЬ,0.0128833252173997,0.0983003016781212,0.1200951124873198,0.0055779119165605,0.0201152482914123,0.0638422983339521,0.0542707933168224,,,3.478981723750723,2.97913716330678,3.79372683232523,34.3002858915621,22.1827666666667,7.25163333333333,16.8162666666667,6.98246666666667
2010-01-01,УКРСИББАНК,0.0098973533720931,0.1057555750434567,0.0792752284383448,0.0028052868477488,0.0164216696590747,0.0547467581295421,0.0132312947883553,,,3.478981723750723,2.97913716330678,3.79372683232523,34.3002858915621,22.1827666666667,7.25163333333333,16.8162666666667,6.98246666666667
2010-01-01,УНІВЕРСАЛ БАНК,0.0146445887058572,0.0917510636184048,0.1506650119356894,0.0005889627394616,0.0185818018746909,0.0107599627402344,0.0243130186014522,,,3.478981723750723,2.97913716330678,3.79372683232523,34.3002858915621,22.1827666666667,7.25163333333333,16.8162666666667,6.98246666666667
2010-04-01,КРЕДІ АГРІКОЛЬ БАНК,0.0046993354379378,0.1379409478304561,0.1895260373709507,0.0033337125413573,0.0202077585961718,0.0050002424975164,0.0002938862186323,,,2.205166846281936,3.47898172375072,2.97913716330678,3.79372683232523,34.3002858915621,22.1827666666667,7.25163333333333,16.8162666666667
2010-04-01,ПУМБ,0.0064098453480167,0.1295916659175422,0.1065169164513367,0.0020526173745784,0.0127465953163255,0.023913915840711,0.0258648620548949,,,2.205166846281936,3.47898172375072,2.97913716330678,3.79372683232523,34.3002858915621,22.1827666666667,7.25163333333333,16.8162666666667
2010-04-01,РАЙФФАЙЗЕН БАНК АВАЛЬ,0.0117057979093973,0.1008542352879335,0.1287311275320923,0.0043972952023045,0.0186284482765003,0.0640281613536107,0.0977904970049107,,,2.205166846281936,3.47898172375072,2.97913716330678,3.79372683232523,34.3002858915621,22.1827666666667,7.25163333333333,16.8162666666667
2010-04-01,УКРСИББАНК,0.0097374033404749,0.0927416741436731,0.1033931109517879,0.0025627526983607,0.0154859634926424,0.054269347872479,0.037464475484503,,,2.205166846281936,3.47898172375072,2.97913716330678,3.79372683232523,34.3002858915621,22.1827666666667,7.25163333333333,16.8162666666667
2010-04-01,УНІВЕРСАЛ БАНК,0.0125164964105518,0.0957303122827939,0.1025931884165361,0.00043178640458,0.0198882595418331,0.0102675623086036,0.0243439351265453,,,2.205166846281936,3.47898172375072,2.97913716330678,3.79372683232523,34.3002858915621,22.1827666666667,7.25163333333333,16.8162666666667
2010-07-01,КРЕДІ АГРІКОЛЬ БАНК,0.0042122382333021,0.1519730621359676,0.1908756485791249,0.0036693787907699,0.0110991562234133,0.0046747608241956,0.0003109218054226,,,1.3149047556294615,2.20516684628194,3.47898172375072,2.97913716330678,3.79372683232523,34.3002858915621,22.1827666666667,7.25163333333333
2010-07-01,ПУМБ,0.008167330642224,0.1538078503850741,0.1940710981658713,0.0027464430174246,0.0140535967430665,0.0199760928664904,0.0627519834329722,,,1.3149047556294615,2.20516684628194,3.47898172375072,2.97913716330678,3.79372683232523,34.3002858915621,22.1827666666667,7.25163333333333
2010-07-01,РАЙФФАЙЗЕН БАНК АВАЛЬ,0.0129282455879837,0.1190878701305399,0.1187365715930266,0.0050221760443592,0.0200305372607635,0.0632765068923002,0.1351988834323134,,,1.3149047556294615,2.20516684628194,3.47898172375072,2.97913716330678,3.79372683232523,34.3002858915621,22.1827666666667,7.25163333333333
2010-07-01,УКРСИББАНК,0.0106484169322657,0.0829344002672846,0.1068805289633696,0.0028559434930318,0.0146927019549347,0.0524570804758407,0.0590826354658173,,,1.3149047556294615,2.20516684628194,3.47898172375072,2.97913716330678,3.79372683232523,34.3002858915621,22.1827666666667,7.25163333333333
2010-07-01,УНІВЕРСАЛ БАНК,0.0119771367677246,0.1037138011554708,0.1317266621002178,0.0005496093448221,0.017723395001912,0.0108939573801955,0.0495742679532776,,,1.3149047556294615,2.20516684628194,3.47898172375072,2.97913716330678,3.79372683232523,34.3002858915621,22.1827666666667,7.25163333333333
2010-10-01,КРЕДІ АГРІКОЛЬ БАНК,0.0044629480728012,0.1390415696203769,0.1808575429712417,0.0040995285566599,0.0084136383743636,0.0046212564187953,0.0112313005139685,,,1.290237219903764,1.31490475562946,2.20516684628194,3.47898172375072,2.97913716330678,3.79372683232523,34.3002858915621,22.1827666666667
2010-10-01,ПУМБ,0.0066748422947799,0.1412385105589058,0.2534999040201319,0.0035228186134147,0.0126856682263528,0.0211693907366592,0.0840754300394259,,,1.290237219903764,1.31490475562946,2.20516684628194,3.47898172375072,2.97913716330678,3.79372683232523,34.3002858915621,22.1827666666667
2010-10-01,РАЙФФАЙЗЕН БАНК АВАЛЬ,0.012729396606791,0.1148539031857854,0.1296345244664445,0.0054989677456635,0.0187642119123609,0.0631709372400537,0.1713034081127724,,,1.290237219903764,1.31490475562946,2.20516684628194,3.47898172375072,2.97913716330678,3.79372683232523,34.3002858915621,22.1827666666667
2010-10-01,УКРСИББАНК,0.010486295556462,0.0705595382202791,0.0653392883008315,0.0031403899476483,0.0171648492487192,0.0489052169690781,0.1280860032028827,,,1.290237219903764,1.31490475562946,2.20516684628194,3.47898172375072,2.97913716330678,3.79372683232523,34.3002858915621,22.1827666666667
2010-10-01,УНІВЕРСАЛ БАНК,0.0106739161116649,0.0953882749805158,0.0903803013440277,0.000570246697673,0.0154886054639176,0.0106991467662739,0.0841075876696238,,,1.290237219903764,1.31490475562946,2.20516684628194,3.47898172375072,2.97913716330678,3.79372683232523,34.3002858915621,22.1827666666667
2011-01-01,КРЕДІ АГРІКОЛЬ БАНК,0.0041737954538705,0.1168137347839891,0.2391633678180086,0.0034611070882797,0.009233197572291,0.004798710004537,0.0002832479401707,,,2.9330989425827876,1.29023721990376,1.31490475562946,2.20516684628194,3.47898172375072,2.97913716330678,3.79372683232523,34.3002858915621
2011-01-01,ПУМБ,0.009078276109948,0.1575212574392058,0.2126287615956575,0.0034162745042785,0.0142310053336294,0.0198385096555142,0.104507532998828,,,2.9330989425827876,1.29023721990376,1.31490475562946,2.20516684628194,3.47898172375072,2.97913716330678,3.79372683232523,34.3002858915621
2011-01-01,РАЙФФАЙЗЕН БАНК АВАЛЬ,0.0144823307495945,0.1169007439784676,0.1379255879972526,0.0060732787983241,0.0193536760224089,0.0603982303293088,0.1762802201835794,,,2.9330989425827876,1.29023721990376,1.31490475562946,2.20516684628194,3.47898172375072,2.97913716330678,3.79372683232523,34.3002858915621
2011-01-01,УКРСИББАНК,0.0246706422691184,0.1052597840014826,0.1415643758121254,0.0031684314842029,0.0162214699658584,0.0505633647223958,0.1401525492428306,,,2.9330989425827876,1.29023721990376,1.31490475562946,2.20516684628194,3.47898172375072,2.97913716330678,3.79372683232523,34.3002858915621
2011-01-01,УНІВЕРСАЛ БАНК,0.0935842329270944,0.063594331333261,0.1552496277312088,0.0007514686605184,0.0132123823303869,0.0094099160545112,0.0068592046407237,,,2.9330989425827876,1.29023721990376,1.31490475562946,2.20516684628194,3.47898172375072,2.97913716330678,3.79372683232523,34.3002858915621
2011-04-01,КРЕДІ АГРІКОЛЬ БАНК,0.0039799492828995,0.1107775175441717,0.2172815774009635,0.0022520136795073,0.0089498466742535,0.0050390025675041,0.0002550458455191,,,2.100586259836305,2.93309894258279,1.29023721990376,1.31490475562946,2.20516684628194,3.47898172375072,2.97913716330678,3.79372683232523
2011-04-01,ПУМБ,0.0071480011748604,0.1440121485573588,0.1432450896456046,0.0026015910610614,0.011998675157325,0.0207311175021265,0.133255875864741,,,2.100586259836305,2.93309894258279,1.29023721990376,1.31490475562946,2.20516684628194,3.47898172375072,2.97913716330678,3.79372683232523
2011-04-01,РАЙФФАЙЗЕН БАНК АВАЛЬ,0.0129611262776323,0.1175975268371388,0.1225027743206822,0.0049333058919669,0.0190564511127418,0.0568851406651413,0.209846887087207,,,2.100586259836305,2.93309894258279,1.29023721990376,1.31490475562946,2.20516684628194,3.47898172375072,2.97913716330678,3.79372683232523
2011-04-01,УКРСИББАНК,0.0168987561347278,0.1038319405689374,0.1206835007452779,0.0018408770767181,0.0171051851118514,0.0485759677117851,0.1863741086215409,,,2.100586259836305,2.93309894258279,1.29023721990376,1.31490475562946,2.20516684628194,3.47898172375072,2.97913716330678,3.79372683232523
2011-04-01,УНІВЕРСАЛ БАНК,0.01118135090802,0.1064292737299644,0.1555453474618758,0.0006993287806587,0.0178107979186846,0.0085172803678751,0.0001343412169561,,,2.100586259836305,2.93309894258279,1.29023721990376,1.31490475562946,2.20516684628194,3.47898172375072,2.97913716330678,3.79372683232523
2011-07-01,КРЕДІ АГРІКОЛЬ БАНК,0.0051035583969505,0.1291009297544209,0.2413364045307389,0.0034992969715569,0.0109788079595384,0.0036353707092166,0.0003447035466103,,,3.292546275371169,2.10058625983631,2.93309894258279,1.29023721990376,1.31490475562946,2.20516684628194,3.47898172375072,2.97913716330678
2011-07-01,ПУМБ,0.0084355218831915,0.1521766814777902,0.1266616117106822,0.0030243606839263,0.0130142558986876,0.019712073369428,0.0980542520844003,,,3.292546275371169,2.10058625983631,2.93309894258279,1.29023721990376,1.31490475562946,2.20516684628194,3.47898172375072,2.97913716330678
2011-07-01,РАЙФФАЙЗЕН БАНК АВАЛЬ,0.0151578662130849,0.1169796694895237,0.1385350162385742,0.0056418235734767,0.019790592133442,0.0556729277398656,0.1969969510877982,,,3.292546275371169,2.10058625983631,2.93309894258279,1.29023721990376,1.31490475562946,2.20516684628194,3.47898172375072,2.97913716330678
2011-07-01,УКРСИББАНК,0.0196376370323566,0.09656840693354,0.1591906281052879,0.0029467463204721,0.0086274530815668,0.0467758946152852,0.1618692585998961,,,3.292546275371169,2.10058625983631,2.93309894258279,1.29023721990376,1.31490475562946,2.20516684628194,3.47898172375072,2.97913716330678
2011-07-01,УНІВЕРСАЛ БАНК,0.0171264683426739,0.1180455552409013,0.1025298488770142,0.0010442408660126,0.0215401397925634,0.0070443966939748,0.0135236293388215,,,3.292546275371169,2.10058625983631,2.93309894258279,1.29023721990376,1.31490475562946,2.20516684628194,3.47898172375072,2.97913716330678
2011-10-01,КРЕДІ АГРІКОЛЬ БАНК,0.0043858072066022,0.1303428092981728,0.2227587997495158,0.0041719337291082,0.0118993972783899,0.0042997058364423,0.000289523048136,,,6.55601357270357,3.29254627537117,2.10058625983631,2.93309894258279,1.29023721990376,1.31490475562946,2.20516684628194,3.47898172375072
2011-10-01,ПУМБ,0.0087269955890099,0.1043894691049505,0.2046491787939263,0.0040344675220463,0.0201252722948791,0.0293933067043149,0.0846545178723704,,,6.55601357270357,3.29254627537117,2.10058625983631,2.93309894258279,1.29023721990376,1.31490475562946,2.20516684628194,3.47898172375072
2011-10-01,РАЙФФАЙЗЕН БАНК АВАЛЬ,0.0158811688738908,0.1241479458030202,0.1365500653912227,0.006597259094556,0.0229221561382227,0.0533762379572038,0.1632279050098211,,,6.55601357270357,3.29254627537117,2.10058625983631,2.93309894258279,1.29023721990376,1.31490475562946,2.20516684628194,3.47898172375072
2011-10-01,УКРСИББАНК,0.0177162498606887,0.0859139312902497,0.2109991725023102,0.0033036215673519,0.0134147251306684,0.0424002254151434,0.0742694389208609,,,6.55601357270357,3.29254627537117,2.10058625983631,2.93309894258279,1.29023721990376,1.31490475562946,2.20516684628194,3.47898172375072
2011-10-01,УНІВЕРСАЛ БАНК,0.0153754899111868,0.0829404537177557,0.0726246035086017,0.0011524768146007,0.0222939438675822,0.0067057276593449,0.0187239306016728,,,6.55601357270357,3.29254627537117,2.10058625983631,2.93309894258279,1.29023721990376,1.31490475562946,2.20516684628194,3.47898172375072
2012-01-01,КРЕДІ АГРІКОЛЬ БАНК,0.0042886888053496,0.1460894880340726,0.2979431822757883,0.0037926648142752,0.0216206292919458,0.0041268069047589,0.0002937295840173,,,11.985749339292026,6.55601357270357,3.29254627537117,2.10058625983631,2.93309894258279,1.29023721990376,1.31490475562946,2.20516684628194
2012-01-01,ПУМБ,0.0074689557624706,0.1155829171596486,0.2015868042645034,0.0024097652352494,0.0112801701781434,0.0340834012311256,0.1289841763558432,,,11.985749339292026,6.55601357270357,3.29254627537117,2.10058625983631,2.93309894258279,1.29023721990376,1.31490475562946,2.20516684628194
2012-01-01,РАЙФФАЙЗЕН БАНК АВАЛЬ,0.0171303291492337,0.1260406562294244,0.139546654428983,0.0070483791509008,0.0231016334845957,0.0501947943243563,0.1622935085642492,,,11.985749339292026,6.55601357270357,3.29254627537117,2.10058625983631,2.93309894258279,1.29023721990376,1.31490475562946,2.20516684628194
2012-01-01,УКРСИББАНК,0.0754341479466905,0.0383022438901564,0.2291309806116429,0.0039010617882051,0.0205835841910688,0.0321304260353401,0.0187605472287206,,,11.985749339292026,6.55601357270357,3.29254627537117,2.10058625983631,2.93309894258279,1.29023721990376,1.31490475562946,2.20516684628194
2012-01-01,УНІВЕРСАЛ БАНК,0.0209992950504182,0.0704319692700792,0.117284419685659,0.0012521947456107,0.0207023031190343,0.0063164124031554,0.0033334597238547,,,11.985749339292026,6.55601357270357,3.29254627537117,2.10058625983631,2.93309894258279,1.29023721990376,1.31490475562946,2.20516684628194
2012-04-01,КРЕДІ АГРІКОЛЬ БАНК,0.005485969920466,0.1250669455684195,0.1965652684203022,0.0031323148294592,0.0201671040246708,0.0038465641708594,0.0003068241695715,,,4.003266666666666,11.985749339292,6.55601357270357,3.29254627537117,2.10058625983631,2.93309894258279,1.29023721990376,1.31490475562946
2012-04-01,ПУМБ,0.0109564661925525,0.1288207070990482,0.0877574593884572,0.002464963417694,0.0118749246728659,0.0301134383521632,0.1305774784784813,,,4.003266666666666,11.985749339292,6.55601357270357,3.29254627537117,2.10058625983631,2.93309894258279,1.29023721990376,1.31490475562946
2012-04-01,РАЙФФАЙЗЕН БАНК АВАЛЬ,0.0150790428325754,0.1263901457154768,0.1558831845753083,0.0061131605882437,0.0212369510289786,0.0483536042837893,0.1544944022676753,,,4.003266666666666,11.985749339292,6.55601357270357,3.29254627537117,2.10058625983631,2.93309894258279,1.29023721990376,1.31490475562946
2012-04-01,УКРСИББАНК,0.0331609786862956,0.086883740195091,0.1946183478091723,0.0041303581800166,0.0161693639378463,0.0284210626393791,0.0092896938009733,,,4.003266666666666,11.985749339292,6.55601357270357,3.29254627537117,2.10058625983631,2.93309894258279,1.29023721990376,1.31490475562946
2012-04-01,УНІВЕРСАЛ БАНК,0.0132321659539381,0.0531406540710169,0.1470675053749066,0.0008509443347733,0.0133748545805284,0.0082164478154757,0.0021548779777051,,,4.003266666666666,11.985749339292,6.55601357270357,3.29254627537117,2.10058625983631,2.93309894258279,1.29023721990376,1.31490475562946
2012-07-01,КРЕДІ АГРІКОЛЬ БАНК,0.004632822393871,0.143853946547781,0.2562691502358451,0.0042600490691616,0.0152650711848597,0.0036935446451457,0.0003140167790945,,,7.8115,4.00326666666667,11.985749339292,6.55601357270357,3.29254627537117,2.10058625983631,2.93309894258279,1.29023721990376
2012-07-01,ПУМБ,0.0074827071904195,0.1301256203360979,0.1209656700920262,0.0028047237901724,0.0126403925908172,0.0294253674308349,0.0851430508257732,,,7.8115,4.00326666666667,11.985749339292,6.55601357270357,3.29254627537117,2.10058625983631,2.93309894258279,1.29023721990376
2012-07-01,РАЙФФАЙЗЕН БАНК АВАЛЬ,0.0185806106775797,0.1343358795427462,0.1365964448824748,0.0071786558248337,0.0205666952588988,0.0444085422854888,0.1669436652160005,,,7.8115,4.00326666666667,11.985749339292,6.55601357270357,3.29254627537117,2.10058625983631,2.93309894258279,1.29023721990376
2012-07-01,УКРСИББАНК,0.0292578063782481,0.0912739137377451,0.2183440699734415,0.0044384287981285,0.0175489843611862,0.0267962994562784,0.0099231336733877,,,7.8115,4.00326666666667,11.985749339292,6.55601357270357,3.29254627537117,2.10058625983631,2.93309894258279,1.29023721990376
2012-07-01,УНІВЕРСАЛ БАНК,0.013147811285859,0.0536757559626604,0.1328412768103816,0.0013906657061415,0.0144371606485283,0.007260392990559,0.00243195802042,,,7.8115,4.00326666666667,11.985749339292,6.55601357270357,3.29254627537117,2.10058625983631,2.93309894258279,1.29023721990376
2012-10-01,КРЕДІ АГРІКОЛЬ БАНК,0.003973683914348,0.1461447276601196,0.3716633208893463,0.0046056465402331,0.0210210874103345,0.0041448541464106,0.0002772239709678,,,14.4382,7.8115,4.00326666666667,11.985749339292,6.55601357270357,3.29254627537117,2.10058625983631,2.93309894258279
2012-10-01,ПУМБ,0.007445586305614,0.1311802459506831,0.1562999069842218,0.0032892299930447,0.013168094104624,0.0292745050054248,0.0842966848174695,,,14.4382,7.8115,4.00326666666667,11.985749339292,6.55601357270357,3.29254627537117,2.10058625983631,2.93309894258279
2012-10-01,РАЙФФАЙЗЕН БАНК АВАЛЬ,0.017476669981328,0.1334421638362576,0.1648858357343139,0.0080929575827232,0.0211380079968604,0.0439546929985979,0.1512303116704874,,,14.4382,7.8115,4.00326666666667,11.985749339292,6.55601357270357,3.29254627537117,2.10058625983631,2.93309894258279
2012-10-01,УКРСИББАНК,0.0186842544010193,0.0901030103548256,0.2318458066461283,0.0051923551033314,0.0110726338183648,0.026951989101477,0.0073653253146495,,,14.4382,7.8115,4.00326666666667,11.985749339292,6.55601357270357,3.29254627537117,2.10058625983631,2.93309894258279
2012-10-01,УНІВЕРСАЛ БАНК,0.0097895109578707,0.0585132542142217,0.0369608391628928,0.0010550603235921,0.0127780861098069,0.0086552071624647,0.0017117526551253,,,14.4382,7.8115,4.00326666666667,11.985749339292,6.55601357270357,3.29254627537117,2.10058625983631,2.93309894258279
2013-01-01,КРЕДІ АГРІКОЛЬ БАНК,0.0492092845633949,0.1181551306547986,0.2229618402135828,0.0121743716786631,0.0422742124905766,0.0120272265561594,9.411232235863413e-05,,,18.2483,14.4382,7.8115,4.00326666666667,11.985749339292,6.55601357270357,3.29254627537117,2.10058625983631
2013-01-01,ПУМБ,0.0101827132876715,0.1493043024495855,0.1535308457413732,0.0033704207012427,0.0114249392934008,0.0257690364405804,0.1055239584425127,,,18.2483,14.4382,7.8115,4.00326666666667,11.985749339292,6.55601357270357,3.29254627537117,2.10058625983631
2013-01-01,РАЙФФАЙЗЕН БАНК АВАЛЬ,0.0226675388953748,0.1330558044494812,0.1943537923483758,0.0082820949692199,0.0207067966204832,0.0435369969048957,0.1491902251543976,,,18.2483,14.4382,7.8115,4.00326666666667,11.985749339292,6.55601357270357,3.29254627537117,2.10058625983631
2013-01-01,УКРСИББАНК,0.0217029635580207,0.1015445533891602,0.197553564697915,0.0053438812727411,0.0093756009335443,0.0236317627533727,0.005440132304719,,,18.2483,14.4382,7.8115,4.00326666666667,11.985749339292,6.55601357270357,3.29254627537117,2.10058625983631
2013-01-01,УНІВЕРСАЛ БАНК,0.0173209096937838,0.0857130264939972,0.0690107864978471,0.0016872466995525,0.0125792223762693,0.0064009770034579,0.1128419492327071,,,18.2483,14.4382,7.8115,4.00326666666667,11.985749339292,6.55601357270357,3.29254627537117,2.10058625983631
2013-04-01,КРЕДІ АГРІКОЛЬ БАНК,0.0120827006984825,0.1205441004519869,0.2088316585283137,0.0045136757419353,0.0149293285640666,0.011957231655361,9.316439838183946e-05,,,2.705866666666666,18.2483,14.4382,7.8115,4.00326666666667,11.985749339292,6.55601357270357,3.29254627537117
2013-04-01,ПУМБ,0.0074196471538777,0.1423083201679785,0.1431914209261529,0.003499914853296,0.0127926115687928,0.0272482098890823,0.1078384008560293,,,2.705866666666666,18.2483,14.4382,7.8115,4.00326666666667,11.985749339292,6.55601357270357,3.29254627537117
2013-04-01,РАЙФФАЙЗЕН БАНК АВАЛЬ,0.0176849793101043,0.1467591316950477,0.1231529722575097,0.0071735375248776,0.0186474130933615,0.0413043439430677,0.191551148727962,,,2.705866666666666,18.2483,14.4382,7.8115,4.00326666666667,11.985749339292,6.55601357270357,3.29254627537117
2013-04-01,УКРСИББАНК,0.0201425053761383,0.1017482623006566,0.18679088134795,0.0058297484903828,0.0158649631961154,0.0232451540788201,0.0131062705478882,,,2.705866666666666,18.2483,14.4382,7.8115,4.00326666666667,11.985749339292,6.55601357270357,3.29254627537117
2013-04-01,УНІВЕРСАЛ БАНК,0.013835115546433,0.0925516359964677,0.0833327217449349,0.00140316356436,0.0135463457429701,0.0060434376754927,0.127638180029695,,,2.705866666666666,18.2483,14.4382,7.8115,4.00326666666667,11.985749339292,6.55601357270357,3.29254627537117
2013-07-01,КРЕДІ АГРІКОЛЬ БАНК,0.0126294621945855,0.1142757373091689,0.1822333986369523,0.0059561048463915,0.0150647888673365,0.0110915714813681,7.067564225615594e-05,,,2.7336333333333336,2.70586666666667,18.2483,14.4382,7.8115,4.00326666666667,11.985749339292,6.55601357270357
2013-07-01,ПУМБ,0.0074007777473486,0.1351499088895744,0.1312172641517368,0.0035188179266332,0.0136499305803891,0.0279466805288911,0.1049582049764738,,,2.7336333333333336,2.70586666666667,18.2483,14.4382,7.8115,4.00326666666667,11.985749339292,6.55601357270357
2013-07-01,РАЙФФАЙЗЕН БАНК АВАЛЬ,0.0170594651829666,0.156634807967553,0.1120492569164529,0.0080485625259494,0.0209557980165585,0.0387036991557493,0.179526005776526,,,2.7336333333333336,2.70586666666667,18.2483,14.4382,7.8115,4.00326666666667,11.985749339292,6.55601357270357
2013-07-01,УКРСИББАНК,0.0170983967032447,0.0966169087250146,0.2227558711666567,0.0053380605793702,0.0105612335288527,0.0235813678915188,0.0041452458550735,,,2.7336333333333336,2.70586666666667,18.2483,14.4382,7.8115,4.00326666666667,11.985749339292,6.55601357270357
2013-07-01,УНІВЕРСАЛ БАНК,0.0118287390048915,0.0813389381259853,0.1284375082346827,0.0012403085651191,0.0104570317493322,0.0065206097907758,0.1224876426163234,,,2.7336333333333336,2.70586666666667,18.2483,14.4382,7.8115,4.00326666666667,11.985749339292,6.55601357270357
2013-10-01,КРЕДІ АГРІКОЛЬ БАНК,0.0138841595350442,0.1135139599339002,0.1365038677312861,0.0063153992407125,0.0170374801371895,0.0112108516207723,6.773532175506836e-05,,,3.1404,2.73363333333333,2.70586666666667,18.2483,14.4382,7.8115,4.00326666666667,11.985749339292
2013-10-01,ПУМБ,0.0069137200634085,0.1296172000767035,0.210716480376487,0.0037452974869243,0.0151726332208581,0.0291724170117731,0.0829031299868188,,,3.1404,2.73363333333333,2.70586666666667,18.2483,14.4382,7.8115,4.00326666666667,11.985749339292
2013-10-01,РАЙФФАЙЗЕН БАНК АВАЛЬ,0.0180143917124415,0.1610505280685967,0.1497474324255193,0.0089619274646874,0.0233717986442314,0.0373875907957577,0.1459771380274532,,,3.1404,2.73363333333333,2.70586666666667,18.2483,14.4382,7.8115,4.00326666666667,11.985749339292
2013-10-01,УКРСИББАНК,0.0170798948745325,0.0988670331866365,0.2136067601644159,0.0063476889723753,0.0107527084221049,0.0220425479870385,0.0138251892495334,,,3.1404,2.73363333333333,2.70586666666667,18.2483,14.4382,7.8115,4.00326666666667,11.985749339292
2013-10-01,УНІВЕРСАЛ БАНК,0.0115289944570405,0.0743716395005695,0.0668693582344549,0.0013970389989127,0.0078087049036941,0.0069226718096752,0.1033751413024759,,,3.1404,2.73363333333333,2.70586666666667,18.2483,14.4382,7.8115,4.00326666666667,11.985749339292
2014-01-01,КРЕДІ АГРІКОЛЬ БАНК,0.0133834940241334,0.1177738978860204,0.1352971359315421,0.005809506016334,0.017924287834367,0.0114486637663108,6.434327292697989e-05,,,7.505166666666667,3.1404,2.73363333333333,2.70586666666667,18.2483,14.4382,7.8115,4.00326666666667
2014-01-01,ПУМБ,0.0092075681359658,0.1400982184107757,0.1345438520219137,0.0041317108124937,0.016081720647376,0.0268813846999451,0.0860498834919869,,,7.505166666666667,3.1404,2.73363333333333,2.70586666666667,18.2483,14.4382,7.8115,4.00326666666667
2014-01-01,РАЙФФАЙЗЕН БАНК АВАЛЬ,0.0202918202966894,0.1665145271948273,0.1211870381106128,0.0093781539187408,0.0244819066725644,0.0351809274677298,0.1309049862875485,,,7.505166666666667,3.1404,2.73363333333333,2.70586666666667,18.2483,14.4382,7.8115,4.00326666666667
2014-01-01,УКРСИББАНК,0.0218950981410364,0.1099163475183098,0.1645958018461353,0.0071959827509218,0.0148110166003771,0.0195184420383325,0.0377875301150097,,,7.505166666666667,3.1404,2.73363333333333,2.70586666666667,18.2483,14.4382,7.8115,4.00326666666667
2014-01-01,УНІВЕРСАЛ БАНК,0.0184262450477547,0.0831785699591982,0.0734228996630781,0.0018297929126075,0.0110083427731528,0.0053193043253282,0.1172746176020461,,,7.505166666666667,3.1404,2.73363333333333,2.70586666666667,18.2483,14.4382,7.8115,4.00326666666667
2014-04-01,КРЕДІ АГРІКОЛЬ БАНК,0.0100321794311994,0.1133592736733801,0.1654937950846871,0.004583765882255,0.0178302335828733,0.013450712739324,5.3192980508261845e-05,,,11.344966666666666,7.50516666666667,3.1404,2.73363333333333,2.70586666666667,18.2483,14.4382,7.8115
2014-04-01,ПУМБ,0.0071577440328853,0.1296798345328533,0.1751494541365606,0.0033371822033216,0.0156243711386463,0.0288367908497963,0.0651384056707434,,,11.344966666666666,7.50516666666667,3.1404,2.73363333333333,2.70586666666667,18.2483,14.4382,7.8115
2014-04-01,РАЙФФАЙЗЕН БАНК АВАЛЬ,0.0163656456146066,0.1509107741785246,0.1116472681704494,0.007669747450522,0.0256416115431306,0.035370595269667,0.1179737198575288,,,11.344966666666666,7.50516666666667,3.1404,2.73363333333333,2.70586666666667,18.2483,14.4382,7.8115
2014-04-01,УКРСИББАНК,0.0204474745823772,0.1014709666902843,0.1367056353564138,0.0064666038206841,0.0155333070854208,0.0183765543492515,0.0978632397684814,,,11.344966666666666,7.50516666666667,3.1404,2.73363333333333,2.70586666666667,18.2483,14.4382,7.8115
2014-04-01,УНІВЕРСАЛ БАНК,0.0138535227325856,0.0707694909596112,0.0721206855973281,0.0011557370991846,0.0098505181651051,0.0054899173265263,0.1507158250625231,,,11.344966666666666,7.50516666666667,3.1404,2.73363333333333,2.70586666666667,18.2483,14.4382,7.8115
2014-07-01,КРЕДІ АГРІКОЛЬ БАНК,0.0128093592818852,0.1002896004286145,0.150538330716244,0.004609608208943,0.0197052440065668,0.0141831164313923,5.081195701202581e-05,,,9.463866666666666,11.3449666666667,7.50516666666667,3.1404,2.73363333333333,2.70586666666667,18.2483,14.4382
2014-07-01,ПУМБ,0.0081059191315113,0.1355543198539621,0.1229519315521333,0.002546670807519,0.0171460966433585,0.0283504300191617,0.0676010224768685,,,9.463866666666666,11.3449666666667,7.50516666666667,3.1404,2.73363333333333,2.70586666666667,18.2483,14.4382
2014-07-01,РАЙФФАЙЗЕН БАНК АВАЛЬ,0.018758034288458,0.1422506445777663,0.0966965964765195,0.0086075058779233,0.0265887533248235,0.035172395999809,0.1375572200974525,,,9.463866666666666,11.3449666666667,7.50516666666667,3.1404,2.73363333333333,2.70586666666667,18.2483,14.4382
2014-07-01,УКРСИББАНК,0.0201986195331351,0.0922946858722407,0.1954419623297872,0.0067495276846686,0.015606022244831,0.0190233676946155,0.0803217470502012,,,9.463866666666666,11.3449666666667,7.50516666666667,3.1404,2.73363333333333,2.70586666666667,18.2483,14.4382
2014-07-01,УНІВЕРСАЛ БАНК,0.0160394398733387,0.0744087345959679,0.0497445193696484,0.0013811855184718,0.0104539036438849,0.0051671973902585,0.1237887552094786,,,9.463866666666666,11.3449666666667,7.50516666666667,3.1404,2.73363333333333,2.70586666666667,18.2483,14.4382
2014-10-01,КРЕДІ АГРІКОЛЬ БАНК,0.0133865940316521,0.0919037045209959,0.1399532739070409,0.0056502349196771,0.0186970469102242,0.0145814407093046,4.9013725782130345e-05,,,11.701466666666668,9.46386666666667,11.3449666666667,7.50516666666667,3.1404,2.73363333333333,2.70586666666667,18.2483
2014-10-01,ПУМБ,0.0074880527222676,0.1255853160348641,0.180776574294472,0.0045759724419176,0.0151093301983238,0.0298017141844288,0.0653242428147681,,,11.701466666666668,9.46386666666667,11.3449666666667,7.50516666666667,3.1404,2.73363333333333,2.70586666666667,18.2483
2014-10-01,РАЙФФАЙЗЕН БАНК АВАЛЬ,0.0213256236193929,0.1315994264035108,0.1059334446684378,0.009609312149493,0.0268847912142513,0.0350872273134461,0.1430395343477659,,,11.701466666666668,9.46386666666667,11.3449666666667,7.50516666666667,3.1404,2.73363333333333,2.70586666666667,18.2483
2014-10-01,УКРСИББАНК,0.0212479597491821,0.080037337049974,0.2075622670208327,0.0080473580916009,0.0237708097870958,0.0188378254034096,0.098856793005659,,,11.701466666666668,9.46386666666667,11.3449666666667,7.50516666666667,3.1404,2.73363333333333,2.70586666666667,18.2483
2014-10-01,УНІВЕРСАЛ БАНК,0.016224432703288,0.0788880004742141,0.0696751411650117,0.0015713223900252,0.0113082525202584,0.005038425193018,0.1100819103487578,,,11.701466666666668,9.46386666666667,11.3449666666667,7.50516666666667,3.1404,2.73363333333333,2.70586666666667,18.2483
2015-01-01,КРЕДІ АГРІКОЛЬ БАНК,0.0137525296887772,0.0670637873697201,0.1453322394232191,0.0053901469842797,0.021959082737927,0.0164890715445898,4.3170271475157345e-05,,,18.47453333333333,11.7014666666667,9.46386666666667,11.3449666666667,7.50516666666667,3.1404,2.73363333333333,2.70586666666667
2015-01-01,ПУМБ,0.0108323922706241,0.1348011522072906,0.1309738222974901,0.0122611327977388,0.0163103248805902,0.0277220288048866,0.0548993713455399,,,18.47453333333333,11.7014666666667,9.46386666666667,11.3449666666667,7.50516666666667,3.1404,2.73363333333333,2.70586666666667
2015-01-01,РАЙФФАЙЗЕН БАНК АВАЛЬ,0.0185063887131579,0.1312073094867045,0.1460357542500142,0.010103946799122,0.0275297273286109,0.0366552855060802,0.1050262858906927,,,18.47453333333333,11.7014666666667,9.46386666666667,11.3449666666667,7.50516666666667,3.1404,2.73363333333333,2.70586666666667
2015-01-01,УКРСИББАНК,0.0220274969361178,0.0676084054776388,0.2280678999865881,0.0092367160842857,0.0142594743544062,0.0206016587045596,0.0936641213208419,,,18.47453333333333,11.7014666666667,9.46386666666667,11.3449666666667,7.50516666666667,3.1404,2.73363333333333,2.70586666666667
2015-01-01,УНІВЕРСАЛ БАНК,0.0221753156706095,0.0940178886858103,0.0767009678754262,0.0019650839973764,0.0132770958497799,0.0048953330930575,0.1080576348923007,,,18.47453333333333,11.7014666666667,9.46386666666667,11.3449666666667,7.50516666666667,3.1404,2.73363333333333,2.70586666666667
2015-04-01,КРЕДІ АГРІКОЛЬ БАНК,0.0102412138453443,0.0676045486069403,0.2526089079595225,0.0061054844052938,0.0248524701127854,0.0158736576431532,4.0853113786523454e-05,,,21.82426666666667,18.4745333333333,11.7014666666667,9.46386666666667,11.3449666666667,7.50516666666667,3.1404,2.73363333333333
2015-04-01,ПУМБ,0.0102226451082154,0.1102608932224884,0.1254045741286992,0.0234326889048419,0.0158385469269519,0.0286209366382323,0.0377002188228383,,,21.82426666666667,18.4745333333333,11.7014666666667,9.46386666666667,11.3449666666667,7.50516666666667,3.1404,2.73363333333333
2015-04-01,РАЙФФАЙЗЕН БАНК АВАЛЬ,0.016181238950214,0.0777553122814999,0.2006666168999215,0.0090445866443323,0.0255436740916558,0.037624374344062,0.0089214160687364,,,21.82426666666667,18.4745333333333,11.7014666666667,9.46386666666667,11.3449666666667,7.50516666666667,3.1404,2.73363333333333
2015-04-01,УКРСИББАНК,0.0150795842990549,0.0421211440606893,0.3194210040727016,0.018793819790479,0.0146990264938825,0.0247262213633137,0.0254776937444286,,,21.82426666666667,18.4745333333333,11.7014666666667,9.46386666666667,11.3449666666667,7.50516666666667,3.1404,2.73363333333333
2015-04-01,УНІВЕРСАЛ БАНК,0.0142289610856035,0.0456379447354775,0.1184702356285471,0.0019357063607816,0.0117344334432798,0.0051015168349082,0.0003707648326524,,,21.82426666666667,18.4745333333333,11.7014666666667,9.46386666666667,11.3449666666667,7.50516666666667,3.1404,2.73363333333333
2015-07-01,КРЕДІ АГРІКОЛЬ БАНК,0.0094604403756761,0.0719282408154764,0.229530663484775,0.0050462567054764,0.0253572856143984,0.0169194223182101,4.2139848862188065e-05,,,24.2157,21.8242666666667,18.4745333333333,11.7014666666667,9.46386666666667,11.3449666666667,7.50516666666667,3.1404
2015-07-01,ПУМБ,0.0149172317502611,0.1137280405711968,0.1098607789750484,0.0053207686274076,0.0175412613836952,0.0267829817843383,0.029482624961117,,,24.2157,21.8242666666667,18.4745333333333,11.7014666666667,9.46386666666667,11.3449666666667,7.50516666666667,3.1404
2015-07-01,РАЙФФАЙЗЕН БАНК АВАЛЬ,0.0164956479666788,0.0754206818587043,0.2313012470264549,0.0078365562485152,0.0274468182391933,0.041066279454887,0.0896067047396515,,,24.2157,21.8242666666667,18.4745333333333,11.7014666666667,9.46386666666667,11.3449666666667,7.50516666666667,3.1404
2015-07-01,УКРСИББАНК,0.0154716096565548,0.0520148699155313,0.2993605447082834,0.0070772418776276,0.016920060272697,0.0279697724184698,0.1159940038524613,,,24.2157,21.8242666666667,18.4745333333333,11.7014666666667,9.46386666666667,11.3449666666667,7.50516666666667,3.1404
2015-07-01,УНІВЕРСАЛ БАНК,0.0157269202365988,0.0613219566152417,0.1009515598784518,0.0028573892865709,0.0155273524752985,0.0050831627876382,0.0212989055982441,,,24.2157,21.8242666666667,18.4745333333333,11.7014666666667,9.46386666666667,11.3449666666667,7.50516666666667,3.1404
2015-10-01,КРЕДІ АГРІКОЛЬ БАНК,0.0098766326686359,0.0676713735783071,0.2629144910823573,0.0058049687734661,0.0239046367415668,0.0177083464095137,4.158650615390197e-05,,,19.667066666666667,24.2157,21.8242666666667,18.4745333333333,11.7014666666667,9.46386666666667,11.3449666666667,7.50516666666667
2015-10-01,ПУМБ,0.0132734887773665,0.112665861929822,0.1403751673160313,0.006671846732061,0.0197665979960404,0.0290244081618298,0.0500335589567414,,,19.667066666666667,24.2157,21.8242666666667,18.4745333333333,11.7014666666667,9.46386666666667,11.3449666666667,7.50516666666667
2015-10-01,РАЙФФАЙЗЕН БАНК АВАЛЬ,0.0186543353825344,0.0730100309293735,0.2548579578286284,0.0091264285078211,0.0281899616532743,0.0425985277769918,0.0955389945774235,,,19.667066666666667,24.2157,21.8242666666667,18.4745333333333,11.7014666666667,9.46386666666667,11.3449666666667,7.50516666666667
2015-10-01,УКРСИББАНК,0.0146260996860123,0.0490765552991065,0.2860224273398691,0.0072993137493187,0.0169291586705136,0.0308201488813392,0.1176886118107668,,,19.667066666666667,24.2157,21.8242666666667,18.4745333333333,11.7014666666667,9.46386666666667,11.3449666666667,7.50516666666667
2015-10-01,УНІВЕРСАЛ БАНК,0.0151003170105895,0.0760936625966992,0.0909887924386276,0.0010620278297781,0.0151090129272868,0.0052473063318835,0.0327386714232314,,,19.667066666666667,24.2157,21.8242666666667,18.4745333333333,11.7014666666667,9.46386666666667,11.3449666666667,7.50516666666667
2016-01-01,КРЕДІ АГРІКОЛЬ БАНК,0.0184050448022235,0.0896112122438188,0.2784289623325799,0.0060756426632937,0.0174326008339051,0.018595873837257,3.9159126399344905e-05,,,18.86406666666667,19.6670666666667,24.2157,21.8242666666667,18.4745333333333,11.7014666666667,9.46386666666667,11.3449666666667
2016-01-01,ПУМБ,0.006189101242551,0.0974030438487314,0.0569106572086129,-0.0120338427766716,0.0053611725986882,0.0301234712731988,0.0616429486154279,,,18.86406666666667,19.6670666666667,24.2157,21.8242666666667,18.4745333333333,11.7014666666667,9.46386666666667,11.3449666666667
2016-01-01,РАЙФФАЙЗЕН БАНК АВАЛЬ,0.0122790757214258,0.1223292831643208,0.2400908903340185,0.0099783431178912,-0.0059148021743449,0.0410026380459299,2.2865239613569755e-05,,,18.86406666666667,19.6670666666667,24.2157,21.8242666666667,18.4745333333333,11.7014666666667,9.46386666666667,11.3449666666667
2016-01-01,УКРСИББАНК,0.0058775630009562,0.0415292862757716,0.0453628333390295,0.0097279900426603,0.0154301857114947,0.0347440229204941,0.1521856359069638,,,18.86406666666667,19.6670666666667,24.2157,21.8242666666667,18.4745333333333,11.7014666666667,9.46386666666667,11.3449666666667
2016-01-01,УНІВЕРСАЛ БАНК,0.0189487739561865,0.1139045418174194,0.1216188822163746,0.0028511237781583,-0.0299753333963386,0.0046425822099366,0.1735134666576694,,,18.86406666666667,19.6670666666667,24.2157,21.8242666666667,18.4745333333333,11.7014666666667,9.46386666666667,11.3449666666667
2016-04-01,КРЕДІ АГРІКОЛЬ БАНК,0.0085668518813666,0.0799262165586541,0.3475480289496202,0.0046203578841344,0.0185311846208031,0.0209774774915439,3.296555480102617e-05,,,20.627866666666662,18.8640666666667,19.6670666666667,24.2157,21.8242666666667,18.4745333333333,11.7014666666667,9.46386666666667
2016-04-01,ПУМБ,0.0103247030920941,0.0864108431305464,0.0699024914930271,0.0054555350390596,0.0096803685886114,0.029935800400907,0.0500603063343873,,,20.627866666666662,18.8640666666667,19.6670666666667,24.2157,21.8242666666667,18.4745333333333,11.7014666666667,9.46386666666667
2016-04-01,РАЙФФАЙЗЕН БАНК АВАЛЬ,0.0166269633293744,0.1321883792655544,0.2448566149080361,0.0083343032754647,0.0217839753971213,0.0399592407962463,0.0119956099323205,,,20.627866666666662,18.8640666666667,19.6670666666667,24.2157,21.8242666666667,18.4745333333333,11.7014666666667,9.46386666666667
2016-04-01,УКРСИББАНК,0.012479939741417,0.1024367942145474,0.0918265642785074,0.0071146771794108,0.0177244648615623,0.0310635082216552,0.0390793902225602,,,20.627866666666662,18.8640666666667,19.6670666666667,24.2157,21.8242666666667,18.4745333333333,11.7014666666667,9.46386666666667
2016-04-01,УНІВЕРСАЛ БАНК,0.0165547216000776,0.1231485380640464,0.1498152059255607,0.0025860847302981,0.0084576537688685,0.0045545506325808,0.1231006246070449,,,20.627866666666662,18.8640666666667,19.6670666666667,24.2157,21.8242666666667,18.4745333333333,11.7014666666667,9.46386666666667
2016-07-01,КРЕДІ АГРІКОЛЬ БАНК,0.0093266818310543,0.0867070648923069,0.3771727777006355,0.0052172905021376,0.0147363671756226,0.0215738693289877,0.0063921133768674,,,17.8985,20.6278666666667,18.8640666666667,19.6670666666667,24.2157,21.8242666666667,18.4745333333333,11.7014666666667
2016-07-01,ПУМБ,0.0100566512355403,0.0906979647843372,0.0778799397642936,0.0056670861117546,0.013211975853079,0.0313595477831129,0.068929500908144,,,17.8985,20.6278666666667,18.8640666666667,19.6670666666667,24.2157,21.8242666666667,18.4745333333333,11.7014666666667
2016-07-01,РАЙФФАЙЗЕН БАНК АВАЛЬ,0.019563805241886,0.1449272588381084,0.247983512988685,0.0093826031938743,0.0230084058306208,0.0415792213772201,2.199021597726716e-05,,,17.8985,20.6278666666667,18.8640666666667,19.6670666666667,24.2157,21.8242666666667,18.4745333333333,11.7014666666667
2016-07-01,УКРСИББАНК,0.0120059456433472,0.0991349432177824,0.0907313047667151,0.0074162319484677,0.0191092990769362,0.0323896888865622,0.0628595949371677,,,17.8985,20.6278666666667,18.8640666666667,19.6670666666667,24.2157,21.8242666666667,18.4745333333333,11.7014666666667
2016-07-01,УНІВЕРСАЛ БАНК,0.0178325131499564,0.1280998749985781,0.1689881118549187,0.0028946043578129,0.0127963968683267,0.0044758496853747,0.1118522176093418,,,17.8985,20.6278666666667,18.8640666666667,19.6670666666667,24.2157,21.8242666666667,18.4745333333333,11.7014666666667
2016-10-01,КРЕДІ АГРІКОЛЬ БАНК,0.0096685585467754,0.0763424280301576,0.3569316676573648,0.0057050079089421,0.0163870034710861,0.0225274534981088,0.0156969958559625,,,15.048566666666666,17.8985,20.6278666666667,18.8640666666667,19.6670666666667,24.2157,21.8242666666667,18.4745333333333
2016-10-01,ПУМБ,0.0108513354763753,0.0963205907592646,0.0698050043912306,0.0059522289523285,0.014252950674246,0.0318684177331182,0.1073873100400494,,,15.048566666666666,17.8985,20.6278666666667,18.8640666666667,19.6670666666667,24.2157,21.8242666666667,18.4745333333333
2016-10-01,РАЙФФАЙЗЕН БАНК АВАЛЬ,0.0168839012366901,0.1701459685059161,0.1572383300645879,0.0112934002619845,0.0239536868051408,0.0398832950214094,2.2673105440508163e-05,,,15.048566666666666,17.8985,20.6278666666667,18.8640666666667,19.6670666666667,24.2157,21.8242666666667,18.4745333333333
2016-10-01,УКРСИББАНК,0.0116978556203397,0.0987236306273038,0.0880727993033319,0.0081289724083967,0.0153789087303825,0.0322111900810417,0.0565093795047251,,,15.048566666666666,17.8985,20.6278666666667,18.8640666666667,19.6670666666667,24.2157,21.8242666666667,18.4745333333333
2016-10-01,УНІВЕРСАЛ БАНК,0.0181845252347741,0.1562531074767102,0.1530621571606897,0.003206614720119,0.0168668096158854,0.0041656832759824,0.0799490111726943,,,15.048566666666666,17.8985,20.6278666666667,18.8640666666667,19.6670666666667,24.2157,21.8242666666667,18.4745333333333
2017-01-01,КРЕДІ АГРІКОЛЬ БАНК,0.0111678783550192,0.0828104677665955,0.3524822029529049,0.0057517901914614,0.0155673416376158,0.0234662474018839,0.0216889624472716,,,12.0341,15.0485666666667,17.8985,20.6278666666667,18.8640666666667,19.6670666666667,24.2157,21.8242666666667
2017-01-01,ПУМБ,0.0135025297070749,0.0908655098375558,0.0533277237635666,0.0065651312515175,0.0141729603653029,0.0349716076475789,0.204985859210431,,,12.0341,15.0485666666667,17.8985,20.6278666666667,18.8640666666667,19.6670666666667,24.2157,21.8242666666667
2017-01-01,РАЙФФАЙЗЕН БАНК АВАЛЬ,0.0193371407111735,0.1798593802030258,0.1571005580999381,0.0107936740472907,0.0235169236575427,0.0439570396095458,2.0921527758695536e-05,,,12.0341,15.0485666666667,17.8985,20.6278666666667,18.8640666666667,19.6670666666667,24.2157,21.8242666666667
2017-01-01,УКРСИББАНК,0.0119966267407204,0.090462640343903,0.0883425937486289,0.0082491361994573,0.0136463816260969,0.0356111988173888,0.0773230235053638,,,12.0341,15.0485666666667,17.8985,20.6278666666667,18.8640666666667,19.6670666666667,24.2157,21.8242666666667
2017-01-01,УНІВЕРСАЛ БАНК,0.0289062080845272,0.1534664636919104,0.1178198407412634,0.0036346583032826,0.0146379084615056,0.0039984629295647,0.1277529715795674,,,12.0341,15.0485666666667,17.8985,20.6278666666667,18.8640666666667,19.6670666666667,24.2157,21.8242666666667
2017-04-01,КРЕДІ АГРІКОЛЬ БАНК,0.0091027548500616,0.0899104080179423,0.3301062467695189,0.0049971017097394,0.0147629514688208,0.0241988728263613,0.0242890920111911,,,12.294966666666667,12.0341,15.0485666666667,17.8985,20.6278666666667,18.8640666666667,19.6670666666667,24.2157
2017-04-01,ПУМБ,0.0200314305552894,0.1052623758245001,0.0787652594027194,0.0062991969502205,0.0164685538599328,0.034126890155766,0.2129032695329022,,,12.294966666666667,12.0341,15.0485666666667,17.8985,20.6278666666667,18.8640666666667,19.6670666666667,24.2157
2017-04-01,РАЙФФАЙЗЕН БАНК АВАЛЬ,0.0172925959789518,0.1997360202316201,0.2272925688378287,0.0097347815100619,0.0234214200244961,0.0451217632612306,,,,12.294966666666667,12.0341,15.0485666666667,17.8985,20.6278666666667,18.8640666666667,19.6670666666667,24.2157
2017-04-01,УКРСИББАНК,0.0142978023867808,0.1042879566835888,0.1012483993634339,0.0083932331985013,0.0156291016530748,0.0326128565205938,0.0865266413921244,,,12.294966666666667,12.0341,15.0485666666667,17.8985,20.6278666666667,18.8640666666667,19.6670666666667,24.2157
2017-04-01,УНІВЕРСАЛ БАНК,0.0182034373707434,0.1768252979744334,0.1166660767873626,0.0034474170322284,0.0205075356318722,0.0038119004860907,0.0986495497543593,,,12.294966666666667,12.0341,15.0485666666667,17.8985,20.6278666666667,18.8640666666667,19.6670666666667,24.2157
2017-07-01,КРЕДІ АГРІКОЛЬ БАНК,0.0098555119056561,0.0938580706327877,0.3148519194664965,0.0058328841229788,0.0148259193891757,0.0232247347790066,0.0299805595830273,,,11.3091,12.2949666666667,12.0341,15.0485666666667,17.8985,20.6278666666667,18.8640666666667,19.6670666666667
2017-07-01,ПУМБ,0.0135689748547057,0.1116247804354663,0.0866482566026867,0.0066159497105321,0.0175398820550007,0.0337491191952812,0.2322226081802398,,,11.3091,12.2949666666667,12.0341,15.0485666666667,17.8985,20.6278666666667,18.8640666666667,19.6670666666667
2017-07-01,РАЙФФАЙЗЕН БАНК АВАЛЬ,0.0152109503359377,0.1507218010617148,0.2036982004821046,0.0102354662889994,0.0230236266996309,0.0486470399668248,,,,11.3091,12.2949666666667,12.0341,15.0485666666667,17.8985,20.6278666666667,18.8640666666667,19.6670666666667
2017-07-01,УКРСИББАНК,0.0151562608136828,0.1103646453029011,0.1200771921147587,0.0093405246998137,0.0144025218020317,0.0337992720630035,0.0771106380725608,,,11.3091,12.2949666666667,12.0341,15.0485666666667,17.8985,20.6278666666667,18.8640666666667,19.6670666666667
2017-07-01,УНІВЕРСАЛ БАНК,0.0159946539124234,0.1822190693092317,0.1327008050861519,0.0026551897178298,0.0171960082799002,0.0039208549160148,0.0673679231286373,,,11.3091,12.2949666666667,12.0341,15.0485666666667,17.8985,20.6278666666667,18.8640666666667,19.6670666666667
2017-10-01,КРЕДІ АГРІКОЛЬ БАНК,0.0108252694221223,0.0998651150503368,0.0669705197938658,0.0063599849436875,0.0201776749037924,0.0232370634506141,0.0933776827964054,,,11.134333333333332,11.3091,12.2949666666667,12.0341,15.0485666666667,17.8985,20.6278666666667,18.8640666666667
2017-10-01,ПУМБ,0.014191701427824,0.1109652961535036,0.0579356931414987,0.0030980016020797,0.0179496985421525,0.0341072194909088,0.2044102080671918,,,11.134333333333332,11.3091,12.2949666666667,12.0341,15.0485666666667,17.8985,20.6278666666667,18.8640666666667
2017-10-01,РАЙФФАЙЗЕН БАНК АВАЛЬ,0.0148138090015,0.1609008556361239,0.103758717536932,0.0110676447912663,0.0229040535642712,0.0501607487483918,0.0292742443556098,,,11.134333333333332,11.3091,12.2949666666667,12.0341,15.0485666666667,17.8985,20.6278666666667,18.8640666666667
2017-10-01,УКРСИББАНК,0.0150665169594802,0.1154180246123429,0.1154211044850972,0.0078997246072585,0.0145897891401727,0.0331137033090985,0.058195670300312,,,11.134333333333332,11.3091,12.2949666666667,12.0341,15.0485666666667,17.8985,20.6278666666667,18.8640666666667
2017-10-01,УНІВЕРСАЛ БАНК,0.0134163557188395,0.1815914957034242,0.0542466447971315,0.0024689075911421,0.0171522727897265,0.0038646843511016,0.0459651303755403,,,11.134333333333332,11.3091,12.2949666666667,12.0341,15.0485666666667,17.8985,20.6278666666667,18.8640666666667
2018-01-01,КРЕДІ АГРІКОЛЬ БАНК,0.0109851633567601,0.0979440124207522,0.0635397179012915,-0.0053938390157386,0.0228504607913587,0.0177739551205273,0.0652420419545495,,0.0299032630834291,12.430733333333334,11.1343333333333,11.3091,12.2949666666667,12.0341,15.0485666666667,17.8985,20.6278666666667
2018-01-01,ПУМБ,0.015790182288946,0.0892014120718813,0.0490188769485983,0.0050828577473996,0.0138402561059823,0.029137970048959,0.1873164238481621,,0.1468961352193712,12.430733333333334,11.1343333333333,11.3091,12.2949666666667,12.0341,15.0485666666667,17.8985,20.6278666666667
2018-01-01,РАЙФФАЙЗЕН БАНК АВАЛЬ,0.0252631851672877,0.1376033668523006,0.1175684128157324,0.0091209803547495,0.0193695787521037,0.0422662375492621,0.0507307438573765,,0.0820472359502871,12.430733333333334,11.1343333333333,11.3091,12.2949666666667,12.0341,15.0485666666667,17.8985,20.6278666666667
2018-01-01,УКРСИББАНК,0.0150848925244541,0.1050180700409703,0.0874822645679392,-0.0191527614213113,0.0433943472771232,0.0282956286901222,0.0620422971150703,,,12.430733333333334,11.1343333333333,11.3091,12.2949666666667,12.0341,15.0485666666667,17.8985,20.6278666666667
2018-01-01,УНІВЕРСАЛ БАНК,0.0152397026218334,0.1271204958058058,0.046859387866739,0.004322502691947,0.0109578372621984,0.0038956585930949,0.0418587720980275,,0.0664485573602571,12.430733333333334,11.1343333333333,11.3091,12.2949666666667,12.0341,15.0485666666667,17.8985,20.6278666666667
2018-04-01,КРЕДІ АГРІКОЛЬ БАНК,0.0101782637483175,0.1023045189228223,0.0784810029969204,0.0052054677877134,0.0165551404794484,0.0174393444422864,0.0491670535398109,,0.0286089006148587,14.830733333333333,12.4307333333333,11.1343333333333,11.3091,12.2949666666667,12.0341,15.0485666666667,17.8985
2018-04-01,ПУМБ,0.0122719353308333,0.088020578015557,0.0438995823494334,0.0047724606373148,0.0155332888382288,0.0302109135403441,0.1931977993441722,,0.1340697828756122,14.830733333333333,12.4307333333333,11.1343333333333,11.3091,12.2949666666667,12.0341,15.0485666666667,17.8985
2018-04-01,РАЙФФАЙЗЕН БАНК АВАЛЬ,0.0133313071394139,0.151642652388993,0.1032665293536065,0.0082233278728636,0.0208463662973505,0.0403559764199744,0.1183621134922076,,0.0906833701845637,14.830733333333333,12.4307333333333,11.1343333333333,11.3091,12.2949666666667,12.0341,15.0485666666667,17.8985
2018-04-01,УКРСИББАНК,0.0125896473274526,0.1056027571493982,0.0938761160119589,0.0063796588888545,0.0157344540417104,0.0283564166715601,0.0571138959846052,,,14.830733333333333,12.4307333333333,11.1343333333333,11.3091,12.2949666666667,12.0341,15.0485666666667,17.8985
2018-04-01,УНІВЕРСАЛ БАНК,0.019664175197089,0.1320349267778785,0.0589829547462376,0.0076694400211514,0.0171947313137148,0.0038236525497274,0.0805653223653252,,0.0743342122215823,14.830733333333333,12.4307333333333,11.1343333333333,11.3091,12.2949666666667,12.0341,15.0485666666667,17.8985
2018-07-01,КРЕДІ АГРІКОЛЬ БАНК,0.0103971344519501,0.1113933574557881,0.0540502611259658,0.0057613247891753,0.0155967028028027,0.0159864398010332,0.0565694644891893,,0.0268226834374264,15.552266666666668,14.8307333333333,12.4307333333333,11.1343333333333,11.3091,12.2949666666667,12.0341,15.0485666666667
2018-07-01,ПУМБ,0.0128785754626903,0.0909913973806404,0.0577484552715635,0.0046154937456155,0.0157834969047831,0.0282890870205517,0.2210962028221177,,0.1437618719391755,15.552266666666668,14.8307333333333,12.4307333333333,11.1343333333333,11.3091,12.2949666666667,12.0341,15.0485666666667
2018-07-01,РАЙФФАЙЗЕН БАНК АВАЛЬ,0.0139634932836736,0.1433326370215281,0.1141024358234987,0.0085810383868706,0.0224830688510359,0.0374372566555196,0.1197511023939538,,0.0843036725400297,15.552266666666668,14.8307333333333,12.4307333333333,11.1343333333333,11.3091,12.2949666666667,12.0341,15.0485666666667
2018-07-01,УКРСИББАНК,0.0152877199529109,0.1002534015071149,0.0826931917118888,0.0081837705031667,0.0169177022727549,0.0253631792617673,0.0716303036047461,,0.0034695203115421,15.552266666666668,14.8307333333333,12.4307333333333,11.1343333333333,11.3091,12.2949666666667,12.0341,15.0485666666667
2018-07-01,УНІВЕРСАЛ БАНК,0.0234990451347039,0.1258922565545984,0.049008845145214,0.0122965421344113,0.016081892439591,0.0036481565551268,0.0796329993479366,,0.0631537961554651,15.552266666666668,14.8307333333333,12.4307333333333,11.1343333333333,11.3091,12.2949666666667,12.0341,15.0485666666667
2018-10-01,КРЕДІ АГРІКОЛЬ БАНК,0.0098850571118252,0.10077435977295,0.0628487021859891,0.0056598039653009,0.0155134217786189,0.0171118284825774,0.0653669205559805,,0.0257198572510529,16.915233333333333,15.5522666666667,14.8307333333333,12.4307333333333,11.1343333333333,11.3091,12.2949666666667,12.0341
2018-10-01,ПУМБ,0.013216414072398,0.0958843722353783,0.0517777949163063,0.004731671859107,0.017646964416841,0.02894018474652,0.2221190346225372,,0.1515442812376438,16.915233333333333,15.5522666666667,14.8307333333333,12.4307333333333,11.1343333333333,11.3091,12.2949666666667,12.0341
2018-10-01,РАЙФФАЙЗЕН БАНК АВАЛЬ,0.0142682141464527,0.1225869807903774,0.1063888752516698,0.009386818075984,0.0233054921670813,0.0374070931670866,0.0912871833874152,,0.0790266500411906,16.915233333333333,15.5522666666667,14.8307333333333,12.4307333333333,11.1343333333333,11.3091,12.2949666666667,12.0341
2018-10-01,УКРСИББАНК,0.0128472726011211,0.0997815364905028,0.0775499485331788,0.0068645043128236,0.0176084021047243,0.0261314034633644,0.0738815469419778,,0.0168435875144985,16.915233333333333,15.5522666666667,14.8307333333333,12.4307333333333,11.1343333333333,11.3091,12.2949666666667,12.0341
2018-10-01,УНІВЕРСАЛ БАНК,0.0263843557009593,0.0985387154804546,0.0501853980747102,0.0141672204176328,0.0071327339902924,0.0039366203769308,0.051026761344011,,0.0410561437905998,16.915233333333333,15.5522666666667,14.8307333333333,12.4307333333333,11.1343333333333,11.3091,12.2949666666667,12.0341
2019-01-01,КРЕДІ АГРІКОЛЬ БАНК,0.0103178038614601,0.1068893049059394,0.0557461592407684,0.005494297388335,0.0154133199132733,0.0175980713926493,0.0547290343812417,,0.0251891268609692,17.550566666666665,16.9152333333333,15.5522666666667,14.8307333333333,12.4307333333333,11.1343333333333,11.3091,12.2949666666667
2019-01-01,ПУМБ,0.0150854949075888,0.1070358178133626,0.0626627448211494,0.0052798999276059,0.0186153699495753,0.0270122688392117,0.1376299610115273,,0.1369625202646727,17.550566666666665,16.9152333333333,15.5522666666667,14.8307333333333,12.4307333333333,11.1343333333333,11.3091,12.2949666666667
2019-01-01,РАЙФФАЙЗЕН БАНК АВАЛЬ,0.016173869830148,0.1384658220867626,0.110228585231429,0.0096166180602857,0.0226679497527783,0.0363791830588941,0.0678114921380657,,0.0674786375298764,17.550566666666665,16.9152333333333,15.5522666666667,14.8307333333333,12.4307333333333,11.1343333333333,11.3091,12.2949666666667
2019-01-01,УКРСИББАНК,0.0137045900624696,0.1076954822138278,0.0835842408659434,0.0070719956256448,0.0184713635359644,0.0264265280706943,0.0447709244913141,,0.0161465954891552,17.550566666666665,16.9152333333333,15.5522666666667,14.8307333333333,12.4307333333333,11.1343333333333,11.3091,12.2949666666667
2019-01-01,УНІВЕРСАЛ БАНК,0.0295296553895029,0.088584354833691,0.0573702615965325,0.0165174642779298,0.0149764644356857,0.0043118369480734,0.0411120300448573,,0.0287302602692835,17.550566666666665,16.9152333333333,15.5522666666667,14.8307333333333,12.4307333333333,11.1343333333333,11.3091,12.2949666666667
2019-04-01,КРЕДІ АГРІКОЛЬ БАНК,0.011791321046747,0.1181125048959903,0.0545450520351871,0.0034261208036081,0.0190183712701445,0.0170566471491038,0.0698578580444187,0.0698330935092625,0.0272817911916369,16.2205,17.5505666666667,16.9152333333333,15.5522666666667,14.8307333333333,12.4307333333333,11.1343333333333,11.3091
2019-04-01,ПУМБ,0.0184976188112776,0.1136341978180038,0.0503269097427331,0.0054595851682893,0.0209297668819463,0.026963489828456,0.2028103175023413,0.2047079935206794,0.1517038976701582,16.2205,17.5505666666667,16.9152333333333,15.5522666666667,14.8307333333333,12.4307333333333,11.1343333333333,11.3091
2019-04-01,РАЙФФАЙЗЕН БАНК АВАЛЬ,0.017258972880841,0.1508346502491469,0.1071423430550352,0.0080105767211266,0.0218873344507772,0.0370186159194841,0.1165816424196635,0.12119327760333,0.0434191049145549,16.2205,17.5505666666667,16.9152333333333,15.5522666666667,14.8307333333333,12.4307333333333,11.1343333333333,11.3091
2019-04-01,УКРСИББАНК,0.0177540731702456,0.1262208989041834,0.0909001570105961,0.0067466047740674,0.0204730119491727,0.0255193435145538,0.1070707900739368,0.0980071591274424,0.0171887685582877,16.2205,17.5505666666667,16.9152333333333,15.5522666666667,14.8307333333333,12.4307333333333,11.1343333333333,11.3091
2019-04-01,УНІВЕРСАЛ БАНК,0.0294045279770714,0.0815075319662626,0.0470736403090539,0.0151707846519264,0.0164212583579366,0.0050917263825331,0.1236246376832264,0.1185409747002595,0.0778980508399277,16.2205,17.5505666666667,16.9152333333333,15.5522666666667,14.8307333333333,12.4307333333333,11.1343333333333,11.3091
2019-07-01,КРЕДІ АГРІКОЛЬ БАНК,0.0110629353253137,0.1179842740087492,0.0604620135183147,0.0057045886520243,0.0159374319478024,0.0178948735006233,0.0724828594582716,0.0724589684777713,0.0295256638757654,16.029366666666665,16.2205,17.5505666666667,16.9152333333333,15.5522666666667,14.8307333333333,12.4307333333333,11.1343333333333
2019-07-01,ПУМБ,0.0170054540353212,0.1267517829185136,0.0550212174861291,0.00590374317801,0.021599865651267,0.0270108788839901,0.1441988538957748,0.1541052450874209,0.1331953537787223,16.029366666666665,16.2205,17.5505666666667,16.9152333333333,15.5522666666667,14.8307333333333,12.4307333333333,11.1343333333333
2019-07-01,РАЙФФАЙЗЕН БАНК АВАЛЬ,0.0165408376855358,0.1476080016300296,0.1053393966679468,0.0086486877401223,0.0222366298942288,0.0380640733574887,0.0963363126550502,0.0995515290768016,0.0369037081912597,16.029366666666665,16.2205,17.5505666666667,16.9152333333333,15.5522666666667,14.8307333333333,12.4307333333333,11.1343333333333
2019-07-01,УКРСИББАНК,0.0178224224130561,0.1107299075254586,0.0883611126766317,0.0089305926231764,0.0208108052399652,0.0250626476600836,0.1042610217354424,0.0812544843527957,0.0237319644213234,16.029366666666665,16.2205,17.5505666666667,16.9152333333333,15.5522666666667,14.8307333333333,12.4307333333333,11.1343333333333
2019-07-01,УНІВЕРСАЛ БАНК,0.0274369617689867,0.0789415128811636,0.0461871243823534,0.0184769390022148,0.0182428793257527,0.0060645522094947,0.1491153248635419,0.1449430435678651,0.0993378194152798,16.029366666666665,16.2205,17.5505666666667,16.9152333333333,15.5522666666667,14.8307333333333,12.4307333333333,11.1343333333333
2019-10-01,КРЕДІ АГРІКОЛЬ БАНК,0.0113795177611219,0.1121854648210327,0.0748828784754778,0.0057636129873101,0.0145901722999969,0.0185496541384781,0.0631529368642565,0.0631298192551201,0.0302901649206468,15.4799,16.0293666666667,16.2205,17.5505666666667,16.9152333333333,15.5522666666667,14.8307333333333,12.4307333333333
2019-10-01,ПУМБ,0.0161602607017094,0.1296687591234459,0.0534046805851652,0.0055239391734542,0.0229022931332136,0.0287030822930872,0.1304484194261624,0.1370033803880764,0.1266788344661521,15.4799,16.0293666666667,16.2205,17.5505666666667,16.9152333333333,15.5522666666667,14.8307333333333,12.4307333333333
2019-10-01,РАЙФФАЙЗЕН БАНК АВАЛЬ,0.0155260526892578,0.1321192077925892,0.1129822818050982,0.0087490952101943,0.0216516709963576,0.0389174566248758,0.0943776650363892,0.1050397877963413,0.044755324405334,15.4799,16.0293666666667,16.2205,17.5505666666667,16.9152333333333,15.5522666666667,14.8307333333333,12.4307333333333
2019-10-01,УКРСИББАНК,0.0158346468515737,0.1080366762132814,0.0854390625502003,0.0072635778686897,0.0190530603849316,0.025783693516842,0.1042907084991173,0.0821967684907743,0.0265966436305983,15.4799,16.0293666666667,16.2205,17.5505666666667,16.9152333333333,15.5522666666667,14.8307333333333,12.4307333333333
2019-10-01,УНІВЕРСАЛ БАНК,0.0328723422118569,0.0974637922885805,0.0570793736874519,0.0214666843265865,0.0218099781845422,0.0069161567587044,0.1129541726503355,0.1094751168181147,0.0807085282957574,15.4799,16.0293666666667,16.2205,17.5505666666667,16.9152333333333,15.5522666666667,14.8307333333333,12.4307333333333
2020-01-01,КРЕДІ АГРІКОЛЬ БАНК,0.0110959503972502,0.1254362477618481,0.0680451098253735,0.0054911597902157,0.0159005181522544,0.0182745950049893,0.0945431065867309,0.0945198902663801,0.0304427955028704,13.035166666666669,15.4799,16.0293666666667,16.2205,17.5505666666667,16.9152333333333,15.5522666666667,14.8307333333333
2020-01-01,ПУМБ,0.017842377875152,0.1422767290196985,0.0568549509029532,0.0052715354706409,0.0242675890633187,0.028297710080295,0.1601693657563601,0.1613285479232624,0.1246234981686617,13.035166666666669,15.4799,16.0293666666667,16.2205,17.5505666666667,16.9152333333333,15.5522666666667,14.8307333333333
2020-01-01,РАЙФФАЙЗЕН БАНК АВАЛЬ,0.0167181785244812,0.1430382233059868,0.1035845941404053,0.0094939162206693,0.0213080148417401,0.0392496179504549,0.1357213144905905,0.1457505453590865,0.0689159837498424,13.035166666666669,15.4799,16.0293666666667,16.2205,17.5505666666667,16.9152333333333,15.5522666666667,14.8307333333333
2020-01-01,УКРСИББАНК,0.0166411825923942,0.1184186140860825,0.0947636198444318,0.007598681906523,0.0184507769518856,0.0255637049179976,0.1401973458896956,0.1034590441049923,0.0400113089129334,13.035166666666669,15.4799,16.0293666666667,16.2205,17.5505666666667,16.9152333333333,15.5522666666667,14.8307333333333
2020-01-01,УНІВЕРСАЛ БАНК,0.0305083098167757,0.1012639447481312,0.0519196628559046,0.0219221125054943,0.0238326278819949,0.0078036804485449,0.1562421183312857,0.1533232136789945,0.0908726841195976,13.035166666666669,15.4799,16.0293666666667,16.2205,17.5505666666667,16.9152333333333,15.5522666666667,14.8307333333333
2020-04-01,КРЕДІ АГРІКОЛЬ БАНК,0.0117590453662513,0.1329605624533166,0.0639078223345783,0.0015461959679689,0.0185911351502359,0.0176531047437519,0.1909349271266284,0.1909121599091923,0.034073734521112,9.1727,13.0351666666667,15.4799,16.0293666666667,16.2205,17.5505666666667,16.9152333333333,15.5522666666667
2020-04-01,ПУМБ,0.0196307585192151,0.1455392182699207,0.0567545646544723,0.0058593001218469,0.0236043632392046,0.0285713434776116,0.206114133969755,0.2062076137080089,0.1207189169605797,9.1727,13.0351666666667,15.4799,16.0293666666667,16.2205,17.5505666666667,16.9152333333333,15.5522666666667
2020-04-01,РАЙФФАЙЗЕН БАНК АВАЛЬ,0.0153510220875534,0.145676720033844,0.1023212692417415,0.0075910583369684,0.0202446422895628,0.040843896472426,0.1809963018553532,0.1905767170182618,0.0608367043369388,9.1727,13.0351666666667,15.4799,16.0293666666667,16.2205,17.5505666666667,16.9152333333333,15.5522666666667
2020-04-01,УКРСИББАНК,0.0209437511510842,0.1232398031894231,0.0999575240402551,0.0072976812029816,0.0169500218396353,0.0249075389058509,0.2168653383467905,0.1748094875322345,0.0399390451830588,9.1727,13.0351666666667,15.4799,16.0293666666667,16.2205,17.5505666666667,16.9152333333333,15.5522666666667
2020-04-01,УНІВЕРСАЛ БАНК,0.0324784158624196,0.082794330286583,0.0475366550069476,0.0214741628308414,0.023482320850172,0.0092557909101675,0.1655019830305793,0.1631342700202043,0.0694919232342518,9.1727,13.0351666666667,15.4799,16.0293666666667,16.2205,17.5505666666667,16.9152333333333,15.5522666666667
2020-07-01,КРЕДІ АГРІКОЛЬ БАНК,0.0110472053957449,0.1248414841494241,0.0424928810561097,0.0037692240650143,0.0133131154499747,0.0188926843641939,0.1536097146477414,0.153589279022909,0.0329332145952904,6.243133333333333,9.1727,13.0351666666667,15.4799,16.0293666666667,16.2205,17.5505666666667,16.9152333333333
2020-07-01,ПУМБ,0.0155905001708754,0.1251146741736866,0.0610722771624477,0.0038069435307402,0.0247397400968502,0.0288647348549153,0.1961112909470617,0.1964050935360065,0.1325959716013175,6.243133333333333,9.1727,13.0351666666667,15.4799,16.0293666666667,16.2205,17.5505666666667,16.9152333333333
2020-07-01,РАЙФФАЙЗЕН БАНК АВАЛЬ,0.014594104309644,0.1433959299036097,0.094532886216179,0.0069548111947014,0.019026159126728,0.0419591548206563,0.1749251564775472,0.1847424985980168,0.0615551592962593,6.243133333333333,9.1727,13.0351666666667,15.4799,16.0293666666667,16.2205,17.5505666666667,16.9152333333333
2020-07-01,УКРСИББАНК,0.0170555537560318,0.1183946663274659,0.0942834282199659,0.006908343576234,0.0148415146727914,0.0261933341860741,0.1652762960593896,0.1186822954582691,0.0413532818653657,6.243133333333333,9.1727,13.0351666666667,15.4799,16.0293666666667,16.2205,17.5505666666667,16.9152333333333
2020-07-01,УНІВЕРСАЛ БАНК,0.0296234412703364,0.0782679722420824,0.0539110241626769,0.0152209400361763,0.0203849789083121,0.0102304635428397,0.1506689303334969,0.148376714978359,0.0440310707944339,6.243133333333333,9.1727,13.0351666666667,15.4799,16.0293666666667,16.2205,17.5505666666667,16.9152333333333
2020-10-01,КРЕДІ АГРІКОЛЬ БАНК,0.0103121311010339,0.1218928851797832,0.0547086324637952,0.0037846565808587,0.0122065809842087,0.0192195565044667,0.1513208962613739,0.1513013051297997,0.0322667874610848,5.0806,6.24313333333333,9.1727,13.0351666666667,15.4799,16.0293666666667,16.2205,17.5505666666667
2020-10-01,ПУМБ,0.0147847376791681,0.1191690863396274,0.0556761535378727,0.0043214167410862,0.0231553811722552,0.0300380118203329,0.2361073829829403,0.2361186135801761,0.1748700913745825,5.0806,6.24313333333333,9.1727,13.0351666666667,15.4799,16.0293666666667,16.2205,17.5505666666667
2020-10-01,РАЙФФАЙЗЕН БАНК АВАЛЬ,0.0135015814879875,0.1487539447107627,0.0978299376361641,0.0072819212854205,0.0175157042254383,0.0429944865907087,0.1994600812387238,0.2137115467161353,0.069188271960701,5.0806,6.24313333333333,9.1727,13.0351666666667,15.4799,16.0293666666667,16.2205,17.5505666666667
2020-10-01,УКРСИББАНК,0.0139520270266093,0.1127344739607301,0.0830356622331009,0.0054202537840148,0.0113662195477213,0.0277473420859006,0.2063388798354729,0.1541113200095668,0.0450319684949821,5.0806,6.24313333333333,9.1727,13.0351666666667,15.4799,16.0293666666667,16.2205,17.5505666666667
2020-10-01,УНІВЕРСАЛ БАНК,0.0250773161928215,0.0789471409305701,0.0456864700213859,0.0143784964963315,0.0205141393830779,0.0110997150039629,0.1383895974630574,0.1363369872759031,0.0246926308741857,5.0806,6.24313333333333,9.1727,13.0351666666667,15.4799,16.0293666666667,16.2205,17.5505666666667
2021-01-01,КРЕДІ АГРІКОЛЬ БАНК,0.0098525813582186,0.1165885421373094,0.057275875024144,0.0038166024497716,0.0119323976215661,0.020672461136595,0.1453396346988957,0.1453218189741543,0.0293426748486578,5.242566666666666,5.0806,6.24313333333333,9.1727,13.0351666666667,15.4799,16.0293666666667,16.2205
2021-01-01,ПУМБ,0.015847877370147,0.1155307859836212,0.0554154922028851,0.0049435189457147,0.0235657829330311,0.032967838326206,0.226873228272985,0.2270662122389344,0.1673562247106902,5.242566666666666,5.0806,6.24313333333333,9.1727,13.0351666666667,15.4799,16.0293666666667,16.2205
2021-01-01,РАЙФФАЙЗЕН БАНК АВАЛЬ,0.0140231254049697,0.1131006953836424,0.0927322903476933,0.0074631701819266,0.0161185413044554,0.043572188154551,0.1770902722797836,0.1932636504303221,0.0731434815020556,5.242566666666666,5.0806,6.24313333333333,9.1727,13.0351666666667,15.4799,16.0293666666667,16.2205
2021-01-01,УКРСИББАНК,0.0135784478767728,0.1114464049978777,0.0904916875773901,0.0053618649953417,0.010956775260771,0.0287637711509517,0.1993687080536514,0.1422249616620579,0.0427477369331946,5.242566666666666,5.0806,6.24313333333333,9.1727,13.0351666666667,15.4799,16.0293666666667,16.2205
2021-01-01,УНІВЕРСАЛ БАНК,0.0266141176091438,0.0793550304372241,0.0430069831911622,0.0168224423560394,0.0227816824654346,0.0124619174339168,0.1666532323804944,0.1648746844061199,0.1345428262987626,5.242566666666666,5.0806,6.24313333333333,9.1727,13.0351666666667,15.4799,16.0293666666667,16.2205
2021-04-01,КРЕДІ АГРІКОЛЬ БАНК,0.0099930690267682,0.1116992600006114,0.056251272080208,0.0034478691375962,0.0126744635540141,0.0206254004579827,0.1777510147306163,0.157834343979463,0.0492191840582242,5.2969,5.24256666666667,5.0806,6.24313333333333,9.1727,13.0351666666667,15.4799,16.0293666666667
2021-04-01,ПУМБ,0.0167997051408018,0.1194072474382493,0.0621883214411988,0.0042663228121009,0.0211942328101466,0.0329794251612733,0.2449649813455912,0.2455999331500276,0.1629324464637709,5.2969,5.24256666666667,5.0806,6.24313333333333,9.1727,13.0351666666667,15.4799,16.0293666666667
2021-04-01,РАЙФФАЙЗЕН БАНК АВАЛЬ,0.0129723097075213,0.1137888744179676,0.1141690509468686,0.0061722130121057,0.0153469676850774,0.0457376952911774,0.2350921990756632,0.2535480082591781,0.0997866775068355,5.2969,5.24256666666667,5.0806,6.24313333333333,9.1727,13.0351666666667,15.4799,16.0293666666667
2021-04-01,УКРСИББАНК,0.0147697475317702,0.1124552106447604,0.0917057158720914,0.0062826731062577,0.0108172160627066,0.0284549802921237,0.2158984924946423,0.1559074286885199,0.0428745293898884,5.2969,5.24256666666667,5.0806,6.24313333333333,9.1727,13.0351666666667,15.4799,16.0293666666667
2021-04-01,УНІВЕРСАЛ БАНК,0.0239021234199324,0.0737309989434521,0.0402201792410463,0.013099684303363,0.0230730107512593,0.0151604499822412,0.2990031746348735,0.2976119997196087,0.2327992127487184,5.2969,5.24256666666667,5.0806,6.24313333333333,9.1727,13.0351666666667,15.4799,16.0293666666667
2021-07-01,КРЕДІ АГРІКОЛЬ БАНК,0.0097486669481043,0.1085963606578293,0.0537964326565351,0.003962739486505,0.0134288599634416,0.0198159450267914,0.1960201169579507,0.1741612851213083,0.0523807076240354,6.6282,5.2969,5.24256666666667,5.0806,6.24313333333333,9.1727,13.0351666666667,15.4799
2021-07-01,ПУМБ,0.0143854085857461,0.1043645532852582,0.0521323143480651,0.0036415288485314,0.0233536155555819,0.035817431237473,0.2308355519526473,0.2314025236332611,0.1688599867124593,6.6282,5.2969,5.24256666666667,5.0806,6.24313333333333,9.1727,13.0351666666667,15.4799
2021-07-01,РАЙФФАЙЗЕН БАНК АВАЛЬ,0.013464453957065,0.1166519428105631,0.1105360912883947,0.0062262084224854,0.0167535390601674,0.0450690375958147,0.2180899522956521,0.2384224047233998,0.0979973559915484,6.6282,5.2969,5.24256666666667,5.0806,6.24313333333333,9.1727,13.0351666666667,15.4799
2021-07-01,УКРСИББАНК,0.0151262354781846,0.1201730923841381,0.091563593548863,0.0058938406681712,0.0119181779413914,0.0271236864937854,0.1987614445000451,0.1427779388059712,0.0509405774614565,6.6282,5.2969,5.24256666666667,5.0806,6.24313333333333,9.1727,13.0351666666667,15.4799
2021-07-01,УНІВЕРСАЛ БАНК,0.026728736314624,0.0892715236673227,0.0401774889790587,0.0164501413081337,0.0274721173995772,0.0163137571687041,0.2859268976750173,0.2859268976750173,0.2426542981762988,6.6282,5.2969,5.24256666666667,5.0806,6.24313333333333,9.1727,13.0351666666667,15.4799
2021-10-01,КРЕДІ АГРІКОЛЬ БАНК,0.0097446673338972,0.112606758481161,0.0585480604520894,0.0039862371605928,0.0140684502365423,0.0210111380202137,0.1544194452458613,0.1339049499533236,0.050991065494386,7.430266666666667,6.6282,5.2969,5.24256666666667,5.0806,6.24313333333333,9.1727,13.0351666666667
2021-10-01,ПУМБ,0.0134708156757769,0.1049139680253471,0.051329730623785,0.0042595577530364,0.0220134650471974,0.0403617348186305,0.2128779176730628,0.2137870178539871,0.1304743991785897,7.430266666666667,6.6282,5.2969,5.24256666666667,5.0806,6.24313333333333,9.1727,13.0351666666667
2021-10-01,РАЙФФАЙЗЕН БАНК АВАЛЬ,0.0129196278504807,0.1093825252745777,0.1241900871686268,0.0068857487372085,0.016846892303904,0.0491954992292977,0.183773876379196,0.2025713432594462,0.0891002491017772,7.430266666666667,6.6282,5.2969,5.24256666666667,5.0806,6.24313333333333,9.1727,13.0351666666667
2021-10-01,УКРСИББАНК,0.0152728924171318,0.1207028303557457,0.0908800728944726,0.0072466098619078,0.0130056405256343,0.028836815522281,0.216859677022752,0.1703479970905127,0.0621330551837305,7.430266666666667,6.6282,5.2969,5.24256666666667,5.0806,6.24313333333333,9.1727,13.0351666666667
2021-10-01,УНІВЕРСАЛ БАНК,0.0269961778119847,0.0985234046091744,0.0392661693705858,0.0157603165250944,0.0287503615348747,0.0187113327954627,0.2867997808582217,0.2867997808582217,0.2291008267258146,7.430266666666667,6.6282,5.2969,5.24256666666667,5.0806,6.24313333333333,9.1727,13.0351666666667
2022-01-01,КРЕДІ АГРІКОЛЬ БАНК,0.0095215708826521,0.1077968040123008,0.0525506316144591,0.0038726647650372,0.0134628594078155,0.0217210350046406,0.1347665788287645,0.1164120421674996,0.0457329338179172,7.771633333333334,7.43026666666667,6.6282,5.2969,5.24256666666667,5.0806,6.24313333333333,9.1727
2022-01-01,ПУМБ,0.0138011749448788,0.1069662654859723,0.058554721183283,0.0049218556194967,0.0232006162687464,0.0407209880132327,0.2168810392772055,0.2178088181720995,0.1280006476663241,7.771633333333334,7.43026666666667,6.6282,5.2969,5.24256666666667,5.0806,6.24313333333333,9.1727
2022-01-01,РАЙФФАЙЗЕН БАНК АВАЛЬ,0.0135927996069777,0.1147752734372329,0.1051249084816722,0.0068236120624405,0.0170553919603397,0.0474154394184472,0.145157380282051,0.1654309642403311,0.0955158421778234,7.771633333333334,7.43026666666667,6.6282,5.2969,5.24256666666667,5.0806,6.24313333333333,9.1727
2022-01-01,УКРСИББАНК,0.0130264031732564,0.1223340583606626,0.0784380562557696,0.0069450637901625,0.0136720049984544,0.0281567840371521,0.1948963660942472,0.1569651344941289,0.0593322185684716,7.771633333333334,7.43026666666667,6.6282,5.2969,5.24256666666667,5.0806,6.24313333333333,9.1727
2022-01-01,УНІВЕРСАЛ БАНК,0.0294496142162118,0.1227100187079205,0.0374066180825538,0.0162001201720235,0.0282960778025194,0.0193456695885402,0.2765610097101099,0.2765610097101099,0.2161358318497338,7.771633333333334,7.43026666666667,6.6282,5.2969,5.24256666666667,5.0806,6.24313333333333,9.1727
2022-04-01,КРЕДІ АГРІКОЛЬ БАНК,0.0095280704318782,0.1056616575214351,0.0678025384042373,0.0034003139939544,0.0145959530204133,0.0215094707827944,0.1379924011875999,0.109823247118862,0.0569786089030614,9.087233333333332,7.77163333333333,7.43026666666667,6.6282,5.2969,5.24256666666667,5.0806,6.24313333333333
2022-04-01,ПУМБ,0.016141833627404,0.1140285874254896,0.0591322351585268,0.0036388718843992,0.0244542137115827,0.0401219537453517,0.2363372121448393,0.236275048799356,0.1491290732406486,9.087233333333332,7.77163333333333,7.43026666666667,6.6282,5.2969,5.24256666666667,5.0806,6.24313333333333
2022-04-01,РАЙФФАЙЗЕН БАНК АВАЛЬ,0.0141778685549327,0.1167721115368271,0.1144735351207264,0.0062942862617901,0.0170765742314778,0.04795249975578,0.1464857263093369,0.1672239644909497,0.1093747486306215,9.087233333333332,7.77163333333333,7.43026666666667,6.6282,5.2969,5.24256666666667,5.0806,6.24313333333333
2022-04-01,УКРСИББАНК,0.0166397480858622,0.1209820411124295,0.0941980684043658,0.0053831728144239,0.0146453795282153,0.0284989293605388,0.1717043760643916,0.1336635707397274,0.0571530135630697,9.087233333333332,7.77163333333333,7.43026666666667,6.6282,5.2969,5.24256666666667,5.0806,6.24313333333333
2022-04-01,УНІВЕРСАЛ БАНК,0.0309630296918098,0.1152812735054215,0.0591593542857028,0.0131724813839765,0.0277803761339589,0.0213516921013493,0.2494050558391268,0.2494050558391268,0.1683222887315618,9.087233333333332,7.77163333333333,7.43026666666667,6.6282,5.2969,5.24256666666667,5.0806,6.24313333333333
2022-07-01,КРЕДІ АГРІКОЛЬ БАНК,0.0080622075385648,0.0924001131418664,0.0550572714770213,0.0020888625471802,0.0150817874763041,0.0242882290366946,0.2428755877682982,0.2113818570512373,0.0438256485857107,13.666666666666666,9.08723333333333,7.77163333333333,7.43026666666667,6.6282,5.2969,5.24256666666667,5.0806
2022-07-01,ПУМБ,0.0129351688490118,0.1193183559940623,0.0460333270840678,0.0033827237435124,0.026815076297041,0.0385058785121158,0.2166310718726293,0.2165642430312771,0.1585292098954793,13.666666666666666,9.08723333333333,7.77163333333333,7.43026666666667,6.6282,5.2969,5.24256666666667,5.0806
2022-07-01,РАЙФФАЙЗЕН БАНК АВАЛЬ,0.0138636838067579,0.1100971053720112,0.0966846645973633,0.0016092255617318,0.018310064453552,0.0519318794836426,0.1906013326753873,0.2105896009582626,0.1044991481347449,13.666666666666666,9.08723333333333,7.77163333333333,7.43026666666667,6.6282,5.2969,5.24256666666667,5.0806
2022-07-01,УКРСИББАНК,0.0152169791829097,0.1093940142904439,0.0635151709152794,0.0029928592669693,0.0173307010080063,0.0320156962835447,0.2834232181178777,0.2510679083466939,0.0480912302620393,13.666666666666666,9.08723333333333,7.77163333333333,7.43026666666667,6.6282,5.2969,5.24256666666667,5.0806
2022-07-01,УНІВЕРСАЛ БАНК,0.0170166829608748,0.100143086456298,0.0335010629967563,-0.0006740375242978,0.0257305293508353,0.0240960724380459,0.3657826183740759,0.3657826183740759,0.1971028003518219,13.666666666666666,9.08723333333333,7.77163333333333,7.43026666666667,6.6282,5.2969,5.24256666666667,5.0806
2022-10-01,КРЕДІ АГРІКОЛЬ БАНК,0.0078661834571319,0.0893662210761711,0.0456131454706197,0.0021443297401479,0.0206965562195465,0.0234776143118419,0.2546843144604846,0.2178083995557505,0.0401265841245969,23.014166666666668,13.6666666666667,9.08723333333333,7.77163333333333,7.43026666666667,6.6282,5.2969,5.24256666666667
2022-10-01,ПУМБ,0.0099851711206961,0.1109969358448224,0.0413777293960016,0.0027604436481437,0.0231277015427762,0.0388566104902043,0.2081386862152368,0.2080767305492062,0.1408592826789009,23.014166666666668,13.6666666666667,9.08723333333333,7.77163333333333,7.43026666666667,6.6282,5.2969,5.24256666666667
2022-10-01,РАЙФФАЙЗЕН БАНК АВАЛЬ,0.0114446126880288,0.1079376813887982,0.0775501097538519,0.0048385518914504,0.0215587093066853,0.0533014118235282,0.1996187759504377,0.2163330033090159,0.0910196368938092,23.014166666666668,13.6666666666667,9.08723333333333,7.77163333333333,7.43026666666667,6.6282,5.2969,5.24256666666667
2022-10-01,УКРСИББАНК,0.0111703968262143,0.1094069887527683,0.0573642759793655,0.0037902534804663,0.0255636717075936,0.0334009659300475,0.3212462425699899,0.2874445699892782,0.0404309778567603,23.014166666666668,13.6666666666667,9.08723333333333,7.77163333333333,7.43026666666667,6.6282,5.2969,5.24256666666667
2022-10-01,УНІВЕРСАЛ БАНК,0.0154905053824861,0.102442978834168,0.0341422431063997,-0.0024745118325664,0.0299785145133894,0.0236213117456312,0.3633475156909489,0.3633475156909489,0.2275653087856771,23.014166666666668,13.6666666666667,9.08723333333333,7.77163333333333,7.43026666666667,6.6282,5.2969,5.24256666666667
2023-01-01,КРЕДІ АГРІКОЛЬ БАНК,0.0071762796050087,0.0828406694486831,0.0489004069669361,0.0024780961721552,0.022818739780498,0.0237703809325604,0.3267836915033327,0.2873946973104765,0.0338412661628957,22.980866666666667,23.0141666666667,13.6666666666667,9.08723333333333,7.77163333333333,7.43026666666667,6.6282,5.2969
2023-01-01,ПУМБ,0.0104499265937142,0.0990686023386563,0.05615198622622,0.0049490967677902,0.0190653161424503,0.0397362455202789,0.2269689731438694,0.2269114042218435,0.1123659671166844,22.980866666666667,23.0141666666667,13.6666666666667,9.08723333333333,7.77163333333333,7.43026666666667,6.6282,5.2969
2023-01-01,РАЙФФАЙЗЕН БАНК АВАЛЬ,0.0115389465984232,0.1065299733263547,0.0847513339190016,0.0053700112229868,0.0230403994690627,0.0549591607680026,0.2308600550225829,0.2401442049361044,0.0837860909634626,22.980866666666667,23.0141666666667,13.6666666666667,9.08723333333333,7.77163333333333,7.43026666666667,6.6282,5.2969
2023-01-01,УКРСИББАНК,0.0116054139332411,0.1166967049490794,0.0593643969399499,0.0042157817868742,0.0276194372635739,0.0339106950751868,0.3670651743689392,0.3335528035795997,0.0358871733525247,22.980866666666667,23.0141666666667,13.6666666666667,9.08723333333333,7.77163333333333,7.43026666666667,6.6282,5.2969
2023-01-01,УНІВЕРСАЛ БАНК,0.0273936659290696,0.0969984224515501,0.0528011325223661,0.0025601277879111,0.0320897933288258,0.026428544659028,0.3368127768602661,0.3368127768602661,0.1600708216924406,22.980866666666667,23.0141666666667,13.6666666666667,9.08723333333333,7.77163333333333,7.43026666666667,6.6282,5.2969
2023-04-01,КРЕДІ АГРІКОЛЬ БАНК,0.007060480695628,0.0746395910129923,0.0644762743371475,0.0024361312901078,0.021402337930025,0.0251629102110609,0.3413788153898714,0.3029018217712235,0.0347782610329709,23.0,22.9808666666667,23.0141666666667,13.6666666666667,9.08723333333333,7.77163333333333,7.43026666666667,6.6282
2023-04-01,ПУМБ,0.0123654590408177,0.0957031519358993,0.0622205647862736,0.0038331585279619,0.0168460604664223,0.0390863606876726,0.2563417689615,0.2562864404116869,0.1122539904652231,23.0,22.9808666666667,23.0141666666667,13.6666666666667,9.08723333333333,7.77163333333333,7.43026666666667,6.6282
2023-04-01,РАЙФФАЙЗЕН БАНК АВАЛЬ,0.0122546705535516,0.0946321989699452,0.1128515356222068,0.004418243191475,0.0215101967958584,0.0578378265850774,0.2640312427827089,0.2310056520070446,0.0864669541041433,23.0,22.9808666666667,23.0141666666667,13.6666666666667,9.08723333333333,7.77163333333333,7.43026666666667,6.6282
2023-04-01,УКРСИББАНК,0.0139126690914134,0.1194290436434627,0.1002966138916962,0.0038977738804337,0.0261472526237011,0.0351559901469529,0.3576502512472113,0.3296929083361359,0.0358552406594526,23.0,22.9808666666667,23.0141666666667,13.6666666666667,9.08723333333333,7.77163333333333,7.43026666666667,6.6282
2023-04-01,УНІВЕРСАЛ БАНК,0.0231282221035619,0.1006395477291545,0.063414383158514,0.0020857711916574,0.0295006757972201,0.0290166356704662,0.327543114867078,0.327543114867078,0.1271292988077247,23.0,22.9808666666667,23.0141666666667,13.6666666666667,9.08723333333333,7.77163333333333,7.43026666666667,6.6282
2023-07-01,КРЕДІ АГРІКОЛЬ БАНК,0.0066156711975001,0.0687345889016413,0.0908061147399275,0.0019890308049297,0.0197932250866772,0.0280336309707589,0.3467904709014484,0.3087589484475453,0.0381515420401773,20.0,23.0,22.9808666666667,23.0141666666667,13.6666666666667,9.08723333333333,7.77163333333333,7.43026666666667
2023-07-01,ПУМБ,0.0117606143217175,0.1102903860233572,0.0790591320450669,0.0043937585828052,0.0208594846586475,0.0382166706011371,0.2852084292229081,0.2750829223752989,0.1211088721590166,20.0,23.0,22.9808666666667,23.0141666666667,13.6666666666667,9.08723333333333,7.77163333333333,7.43026666666667
2023-07-01,РАЙФФАЙЗЕН БАНК АВАЛЬ,0.0120900052432659,0.1059225415721455,0.1409031135940887,0.0044970523708578,0.0209173723160969,0.0554606513778428,0.2694394039515719,0.2355760412526501,0.1044609017319342,20.0,23.0,22.9808666666667,23.0141666666667,13.6666666666667,9.08723333333333,7.77163333333333,7.43026666666667
2023-07-01,УКРСИББАНК,0.0116607461528425,0.1212866989825936,0.1083025598467237,0.0030805588398247,0.0230403779001269,0.0377840143155684,0.3830708488385504,0.2913147869745975,0.0733254615262179,20.0,23.0,22.9808666666667,23.0141666666667,13.6666666666667,9.08723333333333,7.77163333333333,7.43026666666667
2023-07-01,УНІВЕРСАЛ БАНК,0.0248850667043761,0.1040060642575798,0.100160200813387,0.0003744365163627,0.0276270406768821,0.0296369526061674,0.2946040003777543,0.2909750049978947,0.1505910575990539,20.0,23.0,22.9808666666667,23.0141666666667,13.6666666666667,9.08723333333333,7.77163333333333,7.43026666666667
2023-10-01,КРЕДІ АГРІКОЛЬ БАНК,0.0066266437178124,0.0761747443811242,0.0739642757692714,0.0017975554569909,0.0212209008619045,0.0286624050512023,0.4210107983721129,0.3862747544683731,0.0391972709161861,17.333333333333332,20.0,23.0,22.9808666666667,23.0141666666667,13.6666666666667,9.08723333333333,7.77163333333333
2023-10-01,ПУМБ,0.0121921658146157,0.1162449115410159,0.0657527440634724,0.0029145466529139,0.0235636472476399,0.0402689293851085,0.4080048759492624,0.3640591122373238,0.111532963783179,17.333333333333332,20.0,23.0,22.9808666666667,23.0141666666667,13.6666666666667,9.08723333333333,7.77163333333333
2023-10-01,РАЙФФАЙЗЕН БАНК АВАЛЬ,0.0109051359711543,0.1096662705422287,0.1161191718222244,0.0036908356668638,0.0227995499392871,0.0544332419527442,0.3531842208948834,0.3055764255729098,0.1279465334613694,17.333333333333332,20.0,23.0,22.9808666666667,23.0141666666667,13.6666666666667,9.08723333333333,7.77163333333333
2023-10-01,УКРСИББАНК,0.0101353868404342,0.1240771262319397,0.0918953152927848,0.0029280702126344,0.0230203234425081,0.0397711674268113,0.4710137523110121,0.3264494780849107,0.0998597609618561,17.333333333333332,20.0,23.0,22.9808666666667,23.0141666666667,13.6666666666667,9.08723333333333,7.77163333333333
2023-10-01,УНІВЕРСАЛ БАНК,0.0260196198170437,0.1111941495867366,0.1018447983150636,0.001719000069124,0.0292987604942808,0.0291740588227768,0.3064605072388623,0.2983469477931018,0.1440812790191447,17.333333333333332,20.0,23.0,22.9808666666667,23.0141666666667,13.6666666666667,9.08723333333333,7.77163333333333
2024-01-01,КРЕДІ АГРІКОЛЬ БАНК,0.0066543155570177,0.0881299653235972,0.0918157315233658,0.0018311930682843,0.0195827622510031,0.0284138529843062,0.4231428690846827,0.3746829568779583,0.0417187916982365,15.666666666666666,17.3333333333333,20.0,23.0,22.9808666666667,23.0141666666667,13.6666666666667,9.08723333333333
2024-01-01,ПУМБ,0.0131742359058037,0.1271452652436061,0.0775880087338984,0.0038968340597923,0.0231377099561664,0.0410135746314011,0.4008597304318637,0.3497292248672268,0.1435583500244965,15.666666666666666,17.3333333333333,20.0,23.0,22.9808666666667,23.0141666666667,13.6666666666667,9.08723333333333
2024-01-01,РАЙФФАЙЗЕН БАНК АВАЛЬ,0.0127110171891942,0.1216620923860785,0.1166384925245758,0.0036521256447102,0.0216491987994284,0.0541170091893106,0.3636560781908142,0.2932385277159094,0.1241165300918654,15.666666666666666,17.3333333333333,20.0,23.0,22.9808666666667,23.0141666666667,13.6666666666667,9.08723333333333
2024-01-01,УКРСИББАНК,0.0104159423745206,0.1405227770029263,0.0984051456265833,0.0028688474543789,0.0208794921207643,0.0378232604040663,0.5360401344565757,0.3413115478414762,0.1171273271336365,15.666666666666666,17.3333333333333,20.0,23.0,22.9808666666667,23.0141666666667,13.6666666666667,9.08723333333333
2024-01-01,УНІВЕРСАЛ БАНК,0.0140253291674066,0.1254526838700454,0.0958330784529181,-0.0106035494750936,0.0291717998613406,0.0303252063359129,0.2939844106284839,0.2724929921377884,0.1440469129428447,15.666666666666666,17.3333333333333,20.0,23.0,22.9808666666667,23.0141666666667,13.6666666666667,9.08723333333333
2024-04-01,КРЕДІ АГРІКОЛЬ БАНК,0.0059453018855416,0.0857073626355433,0.0779624996464611,0.0015946725858803,0.0190817565136582,0.029144257267977,0.4589773134750211,0.4104232813862985,0.0571992368741222,14.833333333333334,15.6666666666667,17.3333333333333,20.0,23.0,22.9808666666667,23.0141666666667,13.6666666666667
2024-04-01,ПУМБ,0.0138011826281295,0.1120758934494028,0.0758051557969717,0.0033546971798921,0.022204720044859,0.0412279182865257,0.4270209443290433,0.3698053812196665,0.1855829225262267,14.833333333333334,15.6666666666667,17.3333333333333,20.0,23.0,22.9808666666667,23.0141666666667,13.6666666666667
2024-04-01,РАЙФФАЙЗЕН БАНК АВАЛЬ,0.0120027868682967,0.1098448225641387,0.1289912270433025,0.0031242144642538,0.0206266950948472,0.0530770381558672,0.3667768733417406,0.2967420550300736,0.1231248697005178,14.833333333333334,15.6666666666667,17.3333333333333,20.0,23.0,22.9808666666667,23.0141666666667,13.6666666666667
2024-04-01,УКРСИББАНК,0.0129187708250654,0.1208867353289797,0.0956226785121387,0.0026111185292356,0.0202380257325422,0.0379430845734998,0.5758234259952851,0.3812013040025029,0.121371103609828,14.833333333333334,15.6666666666667,17.3333333333333,20.0,23.0,22.9808666666667,23.0141666666667,13.6666666666667
2024-04-01,УНІВЕРСАЛ БАНК,0.0212363847933401,0.0973146172983399,0.091678788070318,-0.0019528610673908,0.0293185609421766,0.0313369856454351,0.2932813497056363,0.2630720443622569,0.1185816995202248,14.833333333333334,15.6666666666667,17.3333333333333,20.0,23.0,22.9808666666667,23.0141666666667,13.6666666666667
2024-07-01,КРЕДІ АГРІКОЛЬ БАНК,0.0059637371603213,0.0978462013653048,0.0855692895183527,0.0015612087874502,0.0187548231313854,0.0294078181443586,0.4415411317061171,,0.0621681797162455,13.333333333333334,14.8333333333333,15.6666666666667,17.3333333333333,20.0,23.0,22.9808666666667,23.0141666666667
2024-07-01,ПУМБ,0.012488891479501,0.1196455387080174,0.0848867769506786,0.0023417633713476,0.0212768875244927,0.0418262954593564,0.4218124936738436,,0.1789454113142435,13.333333333333334,14.8333333333333,15.6666666666667,17.3333333333333,20.0,23.0,22.9808666666667,23.0141666666667
2024-07-01,РАЙФФАЙЗЕН БАНК АВАЛЬ,0.0112765702676009,0.1183902656654687,0.1302681362528154,0.0033987425245704,0.0199685101661754,0.0529003715797484,0.3108314979201729,,0.1243251726525103,13.333333333333334,14.8333333333333,15.6666666666667,17.3333333333333,20.0,23.0,22.9808666666667,23.0141666666667
2024-07-01,УКРСИББАНК,0.0105555200975226,0.1213836201501732,0.0991487300936445,0.0028610303548083,0.0188266512009121,0.0401795112870976,0.5337023920397964,,0.1147563645051101,13.333333333333334,14.8333333333333,15.6666666666667,17.3333333333333,20.0,23.0,22.9808666666667,23.0141666666667
2024-07-01,УНІВЕРСАЛ БАНК,0.0180018653797088,0.1047828958283373,0.095203269492101,-0.0015947348287366,0.0305811737104823,0.0315458285816441,0.2762396582862785,,0.0969380726313609,13.333333333333334,14.8333333333333,15.6666666666667,17.3333333333333,20.0,23.0,22.9808666666667,23.0141666666667
