,Unnamed: 1,Unnamed: 2,Назва банку,Unnamed: 4,Unnamed: 5,Unnamed: 6,Unnamed: 7,в іноземній валюті,Unnamed: 9,Unnamed: 10,Unnamed: 11,Unnamed: 12,в іноземній валюті.1,Unnamed: 14,в іноземній валюті.2,Unnamed: 16,Unnamed: 17,Unnamed: 18,Unnamed: 19,Unnamed: 20,Unnamed: 21,Unnamed: 22,Unnamed: 23,Unnamed: 24,Unnamed: 25,Unnamed: 26,Unnamed: 27,Unnamed: 28,Unnamed: 29,Unnamed: 30,Unnamed: 31,Unnamed: 32,Unnamed: 33,Unnamed: 34,Unnamed: 35,Unnamed: 36,Unnamed: 37,Unnamed: 38,в іноземній валюті.3
,,,Група I ,,,,,,,,,,,,,,,,,,,,,,,,,,,,,,,,,,,,
1.0,,1.0,ПРИВАТБАНК,20314695.0,102974.0,0.0,1123040.0,1123040.0,-377259.0,33.59,123697096.0,97538895.0,28089993.0,26158201.0,7240597.0,-20927534.0,16.92,100228.0,-12059.0,12.03,72055.0,-2.0,0.0,979744.0,1507.0,738.0,1233.0,1885145.0,14145481.0,-90695.0,0.64,306720.0,-736.0,0.24,40534.0,0.0,0.0,141362906.0,56634484.0
2.0,,2.0,ОЩАДБАНК,8253223.0,0.0,0.0,796631.0,25058.0,-4100.0,0.51,57384465.0,52801353.0,11558775.0,4583112.0,1028969.0,-7561730.0,13.18,9744312.0,-43651.0,0.45,2781856.0,-15755.0,0.57,0.0,0.0,52593.0,0.0,2514446.0,1025871.0,-18400.0,1.79,442691.0,-3549.0,0.8,0.0,0.0,0.0,75348902.0,14037891.0
3.0,,3.0,УКРЕКСІМБАНК,6708968.0,0.0,0.0,1322787.0,934085.0,-34686.0,2.62,54151913.0,53135470.0,26650570.0,1016442.0,797118.0,-8808355.0,16.27,12506106.0,-433594.0,3.47,1542305.0,-18270.0,1.18,0.0,3029106.0,554504.0,0.0,2194021.0,156013.0,-13967.0,8.95,219094.0,-3819.0,1.74,0.0,0.0,0.0,73072127.0,27820834.0
4.0,,4.0,РАЙФФАЙЗЕН БАНК АВАЛЬ,7260051.0,722204.0,0.0,426582.0,183637.0,-28596.0,6.7,45110927.0,23895424.0,10092833.0,21215503.0,15652619.0,-13623746.0,30.2,6431930.0,-7343.0,0.11,2246520.0,-3458.0,0.15,54771.0,90038.0,7027.0,625091.0,3096235.0,428070.0,-223599.0,52.23,563549.0,-8568.0,1.52,0.0,0.0,0.0,53167686.0,21127274.0
5.0,,5.0,УКРСИББАНК,8911457.0,508082.0,12034.0,565603.0,464537.0,-7737.0,1.37,30065758.0,10407729.0,3965061.0,19658029.0,16773745.0,-7181253.0,23.89,3136737.0,-2715.0,0.09,0.0,0.0,0.0,317959.0,34278.0,0.0,1540542.0,1499332.0,2755096.0,-102203.0,3.71,195142.0,-13553.0,6.95,0.0,0.0,0.0,42234559.0,24884414.0
6.0,,6.0,УКРСОЦБАНК,4372452.0,78475.0,0.0,431777.0,15945.0,-10406.0,2.41,37386857.0,18683411.0,11578787.0,18703447.0,15600863.0,-8028971.0,21.48,1509246.0,-26146.0,1.73,20616.0,-20616.0,100.0,7162.0,330377.0,78402.0,93484.0,3198460.0,169273.0,-68380.0,40.4,98449.0,-7270.0,7.38,5438.0,0.0,0.0,39618680.0,23211385.0
7.0,,7.0,ВТБ БАНК,2908415.0,844386.0,720.0,543001.0,232816.0,-5087.0,0.94,33194301.0,29761718.0,19990343.0,3432583.0,2078004.0,-5526012.0,16.65,1372684.0,-7043.0,0.51,0.0,0.0,0.0,0.0,0.0,5453.0,558489.0,930736.0,803680.0,-29388.0,3.66,1063991.0,-2008.0,0.19,5001.0,0.0,0.0,36661320.0,20821072.0
8.0,,8.0,ПРОМІНВЕСТБАНК,3148064.0,0.0,20856.0,1445277.0,1243478.0,-35281.0,2.44,28974033.0,28004551.0,12276618.0,969482.0,515604.0,-3002690.0,10.36,1323375.0,-131212.0,9.91,397.0,-397.0,100.0,105.0,200964.0,33574.0,2491.0,2915252.0,353843.0,-97783.0,27.63,130320.0,-2453.0,1.88,19.0,0.0,0.0,35278754.0,15406045.0
9.0,,9.0,ПЕРШИЙ УКР.МІЖНАРОДНИЙ БАНК,5991813.0,0.0,738.0,2998014.0,1358065.0,-24011.0,0.8,18666273.0,14123444.0,6053821.0,4542829.0,2846284.0,-4037534.0,21.63,2478554.0,-100035.0,4.04,0.0,0.0,0.0,0.0,108307.0,200.0,165502.0,1241495.0,1619607.0,-24714.0,1.53,208477.0,-16728.0,8.02,2504.0,0.0,0.0,29278461.0,14013139.0
10.0,,10.0,АЛЬФА-БАНК,4870450.0,575222.0,778.0,1178709.0,556151.0,-25132.0,2.13,23927850.0,18666574.0,6842095.0,5261276.0,3264848.0,-6369061.0,26.62,610285.0,-55119.0,9.03,0.0,0.0,0.0,0.0,15642.0,29252.0,72326.0,371027.0,942535.0,-4144.0,0.44,17114.0,-669.0,3.91,0.0,0.0,0.0,26157065.0,12761111.0
11.0,,11.0,"""НАДРА""",3198140.0,423187.0,0.0,1073504.0,309447.0,-138252.0,12.88,24329114.0,9968885.0,5208273.0,14360230.0,11217264.0,-6048973.0,24.86,4647.0,-162.0,3.49,0.0,0.0,0.0,0.0,260.0,447.0,40.0,1508526.0,302843.0,-118212.0,39.03,29871.0,-5513.0,18.46,6968.0,0.0,0.0,24566434.0,15201670.0
12.0,,12.0,ОТП БАНК,1933940.0,0.0,2239.0,113027.0,113027.0,-32206.0,28.49,19716568.0,12248755.0,7933758.0,7467813.0,6448105.0,-3167336.0,16.06,2959804.0,-22205.0,0.75,0.0,0.0,0.0,164450.0,20742.0,109081.0,153384.0,517674.0,312534.0,-6198.0,1.98,55240.0,-4450.0,8.06,0.0,0.0,0.0,22826287.0,13149650.0
13.0,,13.0,"""ФІНАНСИ ТА КРЕДИТ""",1217169.0,622227.0,382303.0,45202.0,45202.0,-2324.0,5.14,19342327.0,15405722.0,3805266.0,3936605.0,2792951.0,-1719406.0,8.89,12259.0,-115.0,0.94,243333.0,-6645.0,2.73,0.0,0.0,6950.0,40111.0,125508.0,1143484.0,-4196.0,0.37,223693.0,-460.0,0.21,28182.0,-1523.0,5.4,21698080.0,7597376.0
14.0,,14.0,БРОКБІЗНЕСБАНК,2670404.0,0.0,1441.0,1499467.0,1499467.0,-3065.0,0.2,12970519.0,10068051.0,2631792.0,2902468.0,1106921.0,-851730.0,6.57,315989.0,-6610.0,2.09,0.0,0.0,0.0,0.0,4747.0,2366.0,0.0,669120.0,2035027.0,-3154.0,0.15,135073.0,-41185.0,30.49,0.0,0.0,0.0,19398408.0,8032437.0
15.0,,15.0,УКРГАЗБАНК ,1874740.0,33112.0,0.0,3219705.0,1092623.0,-1137996.0,35.34,14016032.0,11295265.0,696440.0,2720767.0,2017039.0,-7728216.0,55.14,4048570.0,-504190.0,12.45,6047.0,-6047.0,100.0,0.0,10643.0,313.0,170531.0,733945.0,1310691.0,-167828.0,12.8,100000.0,-39062.0,39.06,0.0,0.0,0.0,15940991.0,4276533.0
16.0,,16.0,КРЕДИТПРОМБАНК,970270.0,26061.0,0.0,589970.0,236339.0,-17033.0,2.89,12086835.0,9384758.0,2964319.0,2702076.0,1410231.0,-2381601.0,19.7,1063155.0,-25729.0,2.42,0.0,0.0,0.0,0.0,0.0,7949.0,42305.0,168545.0,612320.0,-3493.0,0.57,66146.0,-690.0,1.04,36331.0,0.0,0.0,13241342.0,4436298.0
17.0,,17.0,БАНК ФОРУМ,1311879.0,542719.0,1965.0,163942.0,65747.0,-145698.0,88.87,14092663.0,10129169.0,4511268.0,3963494.0,3336954.0,-4490522.0,31.86,399019.0,-53141.0,13.32,102937.0,-97763.0,94.97,0.0,0.0,1539.0,18105.0,529514.0,33347.0,-514.0,1.54,52454.0,-9820.0,18.72,41.0,0.0,0.0,12452666.0,6121841.0
,,,,,,,,,,,,,,,,,,,,,,,,,,,,,,,,,,,,,,,
,,,,,,,,,,,,,,,,,,,,,,,,,,,,,,,,,,,,,,,
,,,,,,,,,,,,,,,,,,,,,,,,,,,,,,,,,,,,,,,
,,,Група II ,,,,,,,,,,,,,,,,,,,,,,,,,,,,,,,,,,,,
18.0,,1.0,ДЕЛЬТА БАНК,1528570.0,0.0,0.0,450305.0,374447.0,-6285.0,1.4,14784428.0,8327789.0,3447295.0,6456639.0,1861936.0,-3436657.0,23.25,2326842.0,-13673.0,0.59,0.0,0.0,0.0,0.0,695981.0,789.0,0.0,279729.0,2154910.0,-1835.0,0.09,93865.0,-1381.0,1.47,0.0,0.0,0.0,18855588.0,5385826.0
19.0,,2.0,ДОЧІРНІЙ БАНК СБЕРБАНКУ РОСІЇ,999765.0,1400156.0,0.0,1320648.0,466630.0,-13830.0,1.05,12754466.0,11431499.0,6561554.0,1322968.0,1111499.0,-2660504.0,20.86,319731.0,-76491.0,23.92,0.0,0.0,0.0,40332.0,29983.0,98.0,67116.0,677303.0,241153.0,-5753.0,2.39,24168.0,0.0,0.0,0.0,0.0,0.0,15118342.0,6854094.0
20.0,,3.0,IHГ БАНК УКРАЇНА,1950060.0,1422254.0,8079.0,154722.0,4457.0,-9108.0,5.89,7362728.0,7264655.0,5686897.0,98073.0,71026.0,-183442.0,2.49,6672.0,0.0,0.0,0.0,0.0,0.0,0.0,0.0,2191.0,17948.0,10612.0,98676.0,-1584.0,1.6,2969.0,-30.0,1.02,0.0,0.0,0.0,10842747.0,7293229.0
21.0,,4.0,"""ПІВДЕННИЙ""",1359650.0,0.0,0.0,414545.0,377524.0,-2476.0,0.6,8594190.0,7870557.0,2938336.0,723633.0,629444.0,-633625.0,7.37,18612.0,-1480.0,7.95,0.0,0.0,0.0,118805.0,0.0,2185.0,0.0,590464.0,26200.0,-1239.0,4.73,45009.0,-999.0,2.22,0.0,0.0,0.0,10529842.0,4636611.0
22.0,,5.0,ЕРСТЕ БАНК,1493821.0,0.0,0.0,565553.0,422289.0,-3518.0,0.62,5179379.0,2071959.0,1363084.0,3107419.0,2858283.0,-1446598.0,27.93,2728672.0,0.0,0.0,0.0,0.0,0.0,0.0,0.0,137.0,106179.0,906623.0,844996.0,-10.0,0.0,29943.0,-472.0,1.58,32569.0,0.0,0.0,10437274.0,5348250.0
23.0,,6.0,РОДОВІД БАНК,176591.0,81520.0,0.0,4231.0,0.0,-846.0,20.0,4452396.0,2710387.0,543781.0,1742009.0,1101887.0,-3858697.0,86.67,608443.0,-231430.0,38.04,0.0,0.0,0.0,0.0,4534.0,0.0,0.0,542686.0,6822953.0,-3400559.0,49.84,4162766.0,-350.0,0.01,0.0,0.0,0.0,9364238.0,223557.0
24.0,,7.0,ВIEЙБI БАНК,1127743.0,344786.0,0.0,846787.0,829151.0,-4446.0,0.53,6660049.0,4701185.0,1778609.0,1958864.0,838344.0,-1435147.0,21.55,2362.0,-5.0,0.21,0.0,0.0,0.0,78490.0,173532.0,3716.0,313538.0,266433.0,172035.0,-6395.0,3.72,160259.0,-5294.0,3.3,0.0,0.0,0.0,8698442.0,3125363.0
25.0,,8.0,СВЕДБАНК  ,845254.0,92654.0,0.0,446624.0,90583.0,-5724.0,1.28,9558527.0,4484926.0,3207479.0,5073601.0,4440009.0,-3772794.0,39.47,106166.0,-802.0,0.76,0.0,0.0,0.0,0.0,211360.0,63224.0,392817.0,343129.0,95740.0,-87164.0,91.04,98386.0,-666.0,0.68,202479.0,0.0,0.0,8589208.0,5083884.0
26.0,,9.0,УНIКРЕДИТ БАНК,2038806.0,858363.0,0.0,0.0,0.0,0.0,0.0,5634791.0,4647117.0,4129005.0,987674.0,743365.0,-914939.0,16.24,455630.0,0.0,0.0,0.0,0.0,0.0,2757.0,0.0,0.0,0.0,60971.0,352249.0,-5442.0,1.54,24587.0,-177.0,0.72,1266.0,0.0,0.0,8508861.0,5822642.0
27.0,,10.0,"""ФІНАНСОВА ІНІЦІАТИВА""",345533.0,5179.0,0.0,300003.0,292806.0,-51111.0,17.04,8318217.0,8314441.0,0.0,3776.0,934.0,-1224925.0,14.73,60.0,0.0,0.0,0.0,0.0,0.0,0.0,0.0,0.0,0.0,37937.0,91978.0,-665.0,0.72,23291.0,-194.0,0.83,0.0,0.0,0.0,7845304.0,265150.0
28.0,,11.0,"""ХРЕЩАТИК""",1347461.0,12.0,0.0,728339.0,634317.0,-896.0,0.12,4444318.0,3929594.0,407284.0,514724.0,98151.0,-388389.0,8.74,87975.0,-25.0,0.03,162369.0,0.0,0.0,0.0,0.0,8279.0,9548.0,271008.0,219535.0,-4948.0,2.25,433038.0,0.0,0.0,0.0,0.0,0.0,7317624.0,2373530.0
29.0,,12.0,БАНК КРЕДИТ ДНІПРО,550725.0,0.0,0.0,1358600.0,1346199.0,-437.0,0.03,5056214.0,0.0,0.0,0.0,0.0,-468106.0,9.26,37186.0,-50.0,0.13,0.0,0.0,0.0,0.0,46400.0,100.0,0.0,192426.0,301123.0,-1382.0,0.46,111032.0,0.0,0.0,2743.0,0.0,0.0,7186573.0,3700532.0
30.0,,13.0,IМЕКСБАНК,459431.0,0.0,0.0,176353.0,176353.0,-3360.0,1.91,6414459.0,5914675.0,266790.0,499784.0,197289.0,-699667.0,10.91,10.0,0.0,0.0,0.0,0.0,0.0,0.0,0.0,74.0,0.0,401955.0,13730.0,-23.0,0.17,12674.0,0.0,0.0,0.0,0.0,0.0,6775634.0,737308.0
31.0,,14.0,УНІВЕРСАЛ БАНК,485098.0,448063.0,0.0,386455.0,103682.0,-5882.0,1.52,5498032.0,1932619.0,1063460.0,3565412.0,2517881.0,-1513786.0,27.53,104182.0,-11.0,0.01,20885.0,0.0,0.0,0.0,13058.0,571.0,254533.0,258136.0,690358.0,-3228.0,0.47,44366.0,-1303.0,2.94,0.0,0.0,0.0,6679527.0,3839138.0
32.0,,15.0,КРЕДІ АГРІКОЛЬ БАНК,1046237.0,0.0,261.0,300509.0,57911.0,-3488.0,1.16,5239768.0,3087941.0,1016881.0,2151827.0,876274.0,-502478.0,9.59,73074.0,0.0,0.0,0.0,0.0,0.0,0.0,3705.0,802.0,0.0,370618.0,62534.0,-3681.0,5.89,17410.0,-1889.0,10.85,0.0,0.0,0.0,6603384.0,2312055.0
33.0,,16.0,"""КИЇВСЬКА РУСЬ"" ",854581.0,0.0,0.0,258287.0,127247.0,-708.0,0.27,4354892.0,3854468.0,189642.0,500424.0,207563.0,-224680.0,5.16,128135.0,-1.0,0.0,0.0,0.0,0.0,0.0,95.0,89.0,0.0,138914.0,670044.0,-353.0,0.05,46755.0,-1.0,0.0,0.0,0.0,0.0,6226048.0,1718452.0
34.0,,17.0,ПРАВЕКС-БАНК,633424.0,0.0,0.0,51826.0,51826.0,-518.0,1.0,5162627.0,1503692.0,582453.0,3658935.0,1840137.0,-939543.0,18.2,80103.0,0.0,0.0,0.0,0.0,0.0,0.0,0.0,2431.0,178567.0,580895.0,52899.0,-4579.0,8.66,57545.0,-1152.0,2.0,0.0,0.0,0.0,5854525.0,2124022.0
35.0,,18.0,СІТІБАНК (УКРАЇНА)  ,1765405.0,44705.0,27572.0,148673.0,3883.0,-1564.0,1.05,2464318.0,2410906.0,761855.0,53412.0,0.0,-112162.0,4.55,929479.0,0.0,0.0,0.0,0.0,0.0,0.0,0.0,89648.0,0.0,37066.0,26001.0,-623.0,2.4,6083.0,0.0,0.0,0.0,0.0,0.0,5424599.0,2105049.0
36.0,,19.0,БТА БАНК  ,1995318.0,0.0,0.0,90544.0,90544.0,-2305.0,2.55,2322141.0,1887625.0,471503.0,434516.0,355592.0,-351718.0,15.15,94198.0,0.0,0.0,0.0,0.0,0.0,0.0,315016.0,711.0,10456.0,103834.0,545382.0,-3633.0,0.67,38613.0,-2259.0,5.85,0.0,0.0,0.0,5156299.0,2412475.0
37.0,,20.0,КІБ КРЕДІ АГРІКОЛЬ,954055.0,0.0,0.0,40225.0,0.0,-1916.0,4.76,3385909.0,3362530.0,1090873.0,23379.0,112.0,-273210.0,8.07,1240.0,0.0,0.0,0.0,0.0,0.0,0.0,0.0,25808.0,3307.0,65389.0,81137.0,0.0,0.0,997.0,-35.0,3.52,0.0,0.0,0.0,4282906.0,1297696.0
38.0,,21.0,КРЕДOБАНК,735835.0,0.0,0.0,23644.0,3776.0,-2881.0,12.19,3580215.0,2670677.0,1012976.0,909537.0,603169.0,-1179114.0,32.93,372027.0,-102923.0,27.67,0.0,0.0,0.0,0.0,0.0,4807.0,47424.0,602102.0,36332.0,-24368.0,67.07,60658.0,-5060.0,8.34,247.0,-247.0,100.0,4148698.0,1729191.0
,,,,,,,,,,,,,,,,,,,,,,,,,,,,,,,,,,,,,,,
,,,,,,,,,,,,,,,,,,,,,,,,,,,,,,,,,,,,,,,
,,,,,,,,,,,,,,,,,,,,,,,,,,,,,,,,,,,,,,,
,,,Група III,,,,,,,,,,,,,,,,,,,,,,,,,,,,,,,,,,,,
39.0,,1.0,МАРФІН БАНК ,998211.0,31029.0,0.0,494508.0,80948.0,-2280.0,0.46,3148522.0,2212815.0,1192344.0,935707.0,844106.0,-639211.0,20.3,167353.0,-3425.0,2.05,196535.0,0.0,0.0,0.0,13830.0,111.0,0.0,146768.0,33767.0,-2832.0,8.39,121755.0,-282.0,0.23,0.0,0.0,0.0,4704359.0,2382633.0
40.0,,2.0,ПІРЕУС БАНК МКБ,951509.0,0.0,0.0,494565.0,2830.0,-182.0,0.04,2839097.0,2177127.0,1399390.0,661970.0,553169.0,-1024778.0,36.1,100292.0,-1481.0,1.48,192526.0,0.0,0.0,0.0,55972.0,6205.0,189067.0,200520.0,673962.0,-8113.0,1.2,20561.0,-4166.0,20.26,0.0,0.0,0.0,4685557.0,2500014.0
41.0,,3.0,МЕГАБАНК,616544.0,0.0,0.0,308326.0,141570.0,-535.0,0.17,2996913.0,2418436.0,981829.0,578477.0,295152.0,-171746.0,5.73,108187.0,-1151.0,1.06,0.0,0.0,0.0,0.0,0.0,23.0,0.0,170112.0,141356.0,-226.0,0.16,38877.0,-89.0,0.23,0.0,0.0,0.0,4206589.0,1952369.0
42.0,,4.0,"""ТАВРИКА""",104840.0,69.0,0.0,926370.0,926370.0,-844.0,0.09,3139417.0,2870683.0,82120.0,268734.0,67777.0,-103530.0,3.3,20870.0,0.0,0.0,0.0,0.0,0.0,0.0,12788.0,30.0,1302.0,5962.0,10513.0,-201.0,1.91,10449.0,-4.0,0.04,0.0,0.0,0.0,4128031.0,1088380.0
43.0,,5.0,"""ПІВДЕНКОМБАНК"" ",242478.0,85.0,0.0,198502.0,169475.0,-12063.0,6.08,2612923.0,2534251.0,216627.0,78672.0,51094.0,-131031.0,5.01,310716.0,0.0,0.0,0.0,0.0,0.0,0.0,0.0,286.0,257.0,16304.0,647441.0,-852.0,0.13,78838.0,-633.0,0.8,0.0,0.0,0.0,3963250.0,1187805.0
44.0,,6.0,БМ БАНК,427201.0,49056.0,10.0,143544.0,143537.0,-140.0,0.1,2835915.0,2351021.0,1040862.0,484894.0,270368.0,-193243.0,6.81,14149.0,-12422.0,87.8,0.0,0.0,0.0,0.0,0.0,2.0,0.0,23858.0,227725.0,-6925.0,3.04,106294.0,-44.0,0.04,1446.0,0.0,0.0,3616425.0,1863806.0
45.0,,7.0,УКРІНБАНК,261756.0,0.0,0.0,244024.0,244024.0,-2636.0,1.08,2534235.0,2193520.0,446921.0,340714.0,118942.0,-168888.0,6.66,8119.0,-322.0,3.96,0.0,0.0,0.0,0.0,108854.0,457.0,27436.0,287249.0,15309.0,-3653.0,23.86,108440.0,-283.0,0.26,0.0,0.0,0.0,3420097.0,909754.0
46.0,,8.0,IНДУСТРІАЛБАНК,873087.0,0.0,12908.0,198910.0,663.0,-2859.0,1.44,1940127.0,1709165.0,594670.0,230962.0,195641.0,-336124.0,17.32,232540.0,-9981.0,4.29,22999.0,-5251.0,22.83,0.0,149228.0,3252.0,3982.0,228556.0,47597.0,-5680.0,11.93,34143.0,-3197.0,9.36,2221.0,0.0,0.0,3386458.0,1191723.0
47.0,,9.0,"""КЛІРИНГОВИЙ ДІМ""",762342.0,0.0,0.0,126615.0,66746.0,0.0,0.0,2738903.0,2458868.0,169942.0,280035.0,118276.0,-423230.0,15.45,44527.0,-7597.0,17.06,0.0,0.0,0.0,0.0,0.0,160.0,1918.0,122337.0,6445.0,-224.0,3.47,4305.0,-751.0,17.45,0.0,0.0,0.0,3375750.0,1480550.0
48.0,,10.0,ЕКСПРЕС-БАНК,1592509.0,69138.0,0.0,803.0,802.0,-163.0,20.29,1613193.0,1017071.0,48544.0,596121.0,50477.0,-153574.0,9.52,0.0,0.0,0.0,5169.0,0.0,0.0,16303.0,0.0,3425.0,1561.0,110873.0,48123.0,-63.0,0.13,22242.0,-3.0,0.01,0.0,0.0,0.0,3329534.0,819201.0
49.0,,11.0,АКТАБАНК ,670158.0,0.0,0.0,450401.0,283371.0,-538.0,0.12,1535870.0,1460499.0,779738.0,75371.0,8635.0,-59699.0,3.89,0.0,0.0,0.0,0.0,0.0,0.0,0.0,0.0,0.0,0.0,327754.0,343870.0,-179.0,0.05,39145.0,0.0,0.0,0.0,0.0,0.0,3306781.0,1851066.0
50.0,,12.0,АКТИВ - БАНК,163138.0,0.0,0.0,373320.0,373320.0,-399.0,0.11,2486671.0,1849605.0,652827.0,637066.0,122554.0,-107451.0,4.32,617.0,0.0,0.0,0.0,0.0,0.0,0.0,0.0,1177.0,819.0,274557.0,1676.0,-394.0,23.5,66827.0,-144.0,0.22,0.0,0.0,0.0,3260414.0,1171355.0
51.0,,13.0,"""КИЇВ""",96973.0,0.0,0.0,313783.0,9209.0,-1203.0,0.38,5357645.0,4650289.0,970862.0,707357.0,314198.0,-4333681.0,80.89,752946.0,-197755.0,26.26,0.0,0.0,0.0,0.0,84176.0,1773.0,205445.0,461868.0,15050.0,-3701.0,24.59,80154.0,-12801.0,15.97,276912.0,0.0,0.0,3097585.0,230377.0
52.0,,14.0,ЄВРОГАЗБАНК ,466224.0,82572.0,0.0,584136.0,456952.0,-2221.0,0.38,616690.0,388193.0,282236.0,228497.0,157829.0,-19015.0,3.08,0.0,0.0,0.0,0.0,0.0,0.0,0.0,0.0,15.0,197.0,231617.0,1108868.0,-1915.0,0.17,3395.0,0.0,0.0,0.0,0.0,0.0,3070562.0,2166899.0
53.0,,15.0,УКРАЇНСЬКИЙ ПРОФЕСІЙНИЙ БАНК,183864.0,0.0,597.0,543087.0,320011.0,-1659.0,0.31,2136638.0,1940908.0,250819.0,195731.0,81402.0,-120991.0,5.66,196571.0,-557.0,0.28,0.0,0.0,0.0,0.0,28885.0,8280.0,1154.0,27499.0,4495.0,-751.0,16.71,23771.0,-158.0,0.67,0.0,0.0,0.0,3030725.0,731365.0
54.0,,16.0,УКРАЇНСЬКИЙ БІЗНЕС БАНК ,717729.0,0.0,0.0,177865.0,0.0,-8118.0,4.56,2010109.0,1206564.0,455271.0,803545.0,277863.0,-99537.0,4.95,44406.0,0.0,0.0,40616.0,-766.0,1.88,0.0,0.0,241.0,1447.0,104861.0,15662.0,-2105.0,13.44,11269.0,-15.0,0.13,0.0,0.0,0.0,3013664.0,1159430.0
55.0,,17.0,СЕБ БАНК,710408.0,0.0,0.0,108917.0,8879.0,-1002.0,0.92,2081216.0,955152.0,576679.0,1126064.0,1030921.0,-595163.0,28.6,173950.0,-1525.0,0.88,0.0,0.0,0.0,16538.0,0.0,200.0,0.0,398206.0,32734.0,-5843.0,17.85,15285.0,-2280.0,14.92,0.0,0.0,0.0,2931641.0,1591157.0
56.0,,18.0,ФОЛЬКСБАНК,723819.0,0.0,0.0,99906.0,0.0,-700.0,0.7,2018712.0,800595.0,451561.0,1218117.0,1071207.0,-602530.0,29.85,77.0,0.0,0.0,467005.0,0.0,0.0,0.0,303.0,4540.0,0.0,156168.0,6911.0,-612.0,8.86,5116.0,0.0,0.0,0.0,0.0,0.0,2878714.0,1599129.0
57.0,,19.0,ПРОКРЕДИТ БАНК,369382.0,0.0,0.0,169673.0,169673.0,-1515.0,0.89,2009298.0,1067620.0,436301.0,941677.0,538027.0,-187733.0,9.34,1335.0,-1085.0,81.28,0.0,0.0,0.0,0.0,0.0,6311.0,31083.0,133823.0,20180.0,-711.0,3.52,24031.0,-1393.0,5.8,0.0,0.0,0.0,2572678.0,1214375.0
58.0,,20.0,ДІАМАНТБАНК,400054.0,21484.0,0.0,223769.0,223769.0,-260.0,0.12,1622835.0,1538777.0,226286.0,84058.0,21237.0,-98035.0,6.04,163109.0,-5333.0,3.27,0.0,0.0,0.0,0.0,0.0,0.0,0.0,102718.0,50728.0,-9544.0,18.81,31438.0,-7.0,0.02,16489.0,0.0,0.0,2519445.0,706595.0
59.0,,21.0,ЕКСПОБАНК,721599.0,76892.0,0.0,28503.0,28503.0,-478.0,1.68,1434886.0,1074680.0,362204.0,360206.0,261499.0,-237763.0,16.57,8882.0,-3.0,0.03,0.0,0.0,0.0,0.0,46263.0,1702.0,1185.0,85378.0,2916.0,-201.0,6.9,6513.0,-698.0,10.72,0.0,0.0,0.0,2175577.0,866415.0
,,,,,,,,,,,,,,,,,,,,,,,,,,,,,,,,,,,,,,,
,,,,,,,,,,,,,,,,,,,,,,,,,,,,,,,,,,,,,,,
,,,,,,,,,,,,,,,,,,,,,,,,,,,,,,,,,,,,,,,
,,,Група IV ,,,,,,,,,,,,,,,,,,,,,,,,,,,,,,,,,,,,
60.0,,1.0,"""СОЮЗ""",315374.0,0.0,0.0,233541.0,85047.0,-449.0,0.19,4008241.0,4007218.0,13965.0,1023.0,0.0,-264470.0,6.6,24655.0,0.0,0.0,0.0,0.0,0.0,0.0,0.0,0.0,46.0,7265.0,5163.0,0.0,0.0,789.0,-1.0,0.18,0.0,0.0,0.0,4330153.0,267284.0
61.0,,2.0,ПЛАТИНУМ БАНК,682912.0,0.0,0.0,311172.0,183263.0,-4067.0,1.31,2186369.0,57898.0,8430.0,2128471.0,702134.0,-314823.0,14.4,1173.0,0.0,0.0,0.0,0.0,0.0,70868.0,74364.0,158.0,177.0,157743.0,20753.0,0.0,0.0,28037.0,-220.0,0.78,788.0,0.0,0.0,3215404.0,1117421.0
62.0,,3.0,БАНК 3/4,325388.0,0.0,355.0,1292736.0,306689.0,-12371.0,0.96,139301.0,24800.0,0.0,114501.0,0.0,-3753.0,2.69,24101.0,0.0,0.0,0.0,0.0,0.0,0.0,0.0,0.0,3890.0,3497.0,1262871.0,0.0,0.0,18497.0,-3.0,0.02,0.0,0.0,0.0,3054511.0,1554807.0
63.0,,4.0,ЗЛАТОБАНК,202682.0,0.0,0.0,532376.0,416267.0,-1936.0,0.36,2391382.0,2228691.0,817310.0,162691.0,8306.0,-290115.0,12.13,60.0,0.0,0.0,0.0,0.0,0.0,0.0,0.0,0.0,90.0,19432.0,12063.0,-329.0,2.73,7243.0,-6.0,0.09,0.0,0.0,0.0,2872943.0,1303407.0
64.0,,5.0,"""HАЦІОНАЛЬНІ ІНВЕСТИЦІЇ""",608112.0,0.0,0.0,209601.0,200597.0,-430.0,0.21,1699723.0,1338336.0,164753.0,361387.0,195418.0,-94350.0,5.55,68637.0,-18.0,0.03,2289.0,0.0,0.0,0.0,2691.0,0.0,0.0,1385.0,30311.0,0.0,0.0,727.0,0.0,0.0,0.0,0.0,0.0,2528680.0,829522.0
65.0,,6.0,БАНК КІПРУ,150074.0,0.0,0.0,39880.0,35879.0,0.0,0.0,1950515.0,1218738.0,882797.0,731778.0,193452.0,-142521.0,7.31,35.0,-1.0,2.29,0.0,0.0,0.0,0.0,40520.0,0.0,11.0,134354.0,2027.0,-24.0,1.18,93484.0,-589.0,0.63,0.0,0.0,0.0,2267767.0,1123066.0
66.0,,7.0,ТЕРРА БАНК,487231.0,36015.0,0.0,236938.0,187947.0,-276.0,0.12,1188457.0,1018540.0,110923.0,169917.0,42882.0,-39788.0,3.35,182135.0,-5653.0,3.1,0.0,0.0,0.0,0.0,0.0,250.0,0.0,70362.0,8008.0,0.0,0.0,11809.0,-61.0,0.52,12245.0,0.0,0.0,2187673.0,681107.0
67.0,,8.0,КОНВЕРСБАНК,125145.0,0.0,0.0,1350049.0,1219332.0,-13013.0,0.96,448202.0,400633.0,13183.0,47569.0,6991.0,-38042.0,8.49,43182.0,-237.0,0.55,0.0,0.0,0.0,0.0,0.0,294.0,0.0,75882.0,167176.0,-1697.0,1.01,22491.0,-4264.0,18.96,0.0,0.0,0.0,2175169.0,1245901.0
68.0,,9.0,ТАСКОМБАНК,552242.0,0.0,0.0,338667.0,38039.0,-639.0,0.19,927489.0,691339.0,310964.0,236150.0,203455.0,-173484.0,18.7,65221.0,-7284.0,11.17,0.0,0.0,0.0,0.0,6262.0,490.0,0.0,69791.0,118141.0,-377.0,0.32,210610.0,-21.0,0.01,0.0,0.0,0.0,2107110.0,935756.0
69.0,,10.0,ЕРДЕ БАНК,71034.0,70731.0,0.0,267271.0,117195.0,-6220.0,2.33,683047.0,585881.0,69141.0,97166.0,70451.0,-31267.0,4.58,23154.0,0.0,0.0,0.0,0.0,0.0,0.0,0.0,0.0,2957.0,92521.0,919782.0,-2269.0,0.25,5204.0,-177.0,3.41,0.0,0.0,0.0,2095768.0,1154420.0
70.0,,11.0,IНТЕГРАЛ - БАНК,68349.0,0.0,0.0,984534.0,710989.0,-5278.0,0.54,611812.0,554850.0,17736.0,56963.0,28098.0,-116159.0,18.99,466.0,-76.0,16.36,0.0,0.0,0.0,0.0,0.0,8.0,306.0,7467.0,447915.0,-17.0,0.0,1910.0,-54.0,2.85,0.0,0.0,0.0,2001182.0,1171092.0
71.0,,12.0,ФІНБАНК,306051.0,0.0,0.0,360185.0,232663.0,-661.0,0.18,993863.0,935916.0,357322.0,57947.0,19552.0,-16295.0,1.64,27590.0,-2723.0,9.87,0.0,0.0,0.0,0.0,0.0,0.0,0.0,179456.0,107384.0,-339.0,0.32,8302.0,0.0,0.0,0.0,0.0,0.0,1962813.0,815741.0
72.0,,13.0,БАНК ІНВЕСТИЦІЙ ТА ЗАОЩАДЖЕНЬ,119473.0,0.0,0.0,381059.0,280347.0,-1445.0,0.38,1284899.0,1265603.0,594653.0,19295.0,854.0,-67392.0,5.24,0.0,0.0,0.0,18361.0,0.0,0.0,0.0,0.0,0.0,0.0,21711.0,21903.0,-926.0,4.23,2314.0,0.0,0.0,0.0,0.0,0.0,1779955.0,932796.0
73.0,,14.0,ФОРТУНА-БАНК,177845.0,0.0,0.0,252874.0,252873.0,-1206.0,0.48,1321138.0,1299791.0,225635.0,21347.0,12561.0,-165537.0,12.53,60.0,0.0,0.0,0.0,0.0,0.0,0.0,0.0,11.0,196.0,179221.0,604.0,-142.0,23.57,1488.0,-3.0,0.22,0.0,0.0,0.0,1766546.0,521729.0
74.0,,15.0,ЕНЕРГОБАНК,195628.0,0.0,0.0,240387.0,80473.0,-275.0,0.11,1112988.0,840588.0,226784.0,272400.0,46675.0,-89833.0,8.07,31108.0,-3361.0,10.81,0.0,0.0,0.0,0.0,21027.0,264.0,985.0,75572.0,49890.0,-997.0,2.0,1990.0,-45.0,2.25,0.0,0.0,0.0,1635328.0,480340.0
75.0,,16.0,АСТРА БАНК,139474.0,0.0,0.0,20268.0,20257.0,-23457.0,115.73,939450.0,293807.0,18166.0,645643.0,79686.0,-127689.0,13.59,624434.0,0.0,0.0,0.0,0.0,0.0,0.0,0.0,270.0,0.0,45060.0,1316.0,-18.0,1.38,5249.0,-321.0,6.11,54.0,0.0,0.0,1624089.0,130700.0
76.0,,17.0,БАНК ПЕРШИЙ,161763.0,67576.0,0.0,243532.0,198195.0,-486.0,0.2,877001.0,717087.0,174948.0,159914.0,114527.0,-68594.0,7.82,15698.0,-3899.0,24.84,0.0,0.0,0.0,0.0,36831.0,222.0,1858.0,125804.0,111727.0,-2240.0,2.0,4296.0,-16.0,0.38,25438.0,0.0,0.0,1596510.0,608168.0
77.0,,18.0,"""ГЛОБУС""",627681.0,100854.0,0.0,294498.0,220763.0,-12991.0,4.41,461178.0,439521.0,0.0,21658.0,7.0,-67789.0,14.7,0.0,0.0,0.0,0.0,0.0,0.0,0.0,0.0,0.0,0.0,74461.0,106128.0,-2.0,0.0,4230.0,0.0,0.0,0.0,0.0,0.0,1588248.0,636713.0
78.0,,19.0,КРЕДИТ ЄВРОПА БАНК ,157695.0,0.0,0.0,83055.0,67104.0,-1461.0,1.76,1232543.0,986415.0,676984.0,246128.0,99238.0,-170222.0,13.81,262667.0,-8926.0,3.4,0.0,0.0,0.0,0.0,0.0,167.0,0.0,10408.0,660.0,-101.0,15.35,18734.0,-569.0,3.04,0.0,0.0,0.0,1584648.0,859632.0
79.0,,20.0,МІСТО БАНК,388497.0,0.0,0.0,85945.0,44050.0,-240.0,0.28,1062417.0,751558.0,148494.0,310859.0,255366.0,-224356.0,21.12,25543.0,0.0,0.0,0.0,0.0,0.0,0.0,16091.0,82.0,0.0,115421.0,82630.0,-38.0,0.05,9641.0,-464.0,4.82,0.0,0.0,0.0,1561169.0,492381.0
80.0,,21.0,"""АРКАДА""",40195.0,0.0,0.0,0.0,0.0,0.0,0.0,1363902.0,1350236.0,0.0,13666.0,214.0,-95743.0,7.02,80.0,-11.0,13.24,0.0,0.0,0.0,0.0,0.0,120.0,527.0,226868.0,14036.0,0.0,0.0,2679.0,-553.0,20.64,0.0,0.0,0.0,1552101.0,23378.0
81.0,,22.0,БАНК КАМБІО,113533.0,0.0,0.0,59365.0,59365.0,-323.0,0.54,1198536.0,1051216.0,439375.0,147321.0,101785.0,-49736.0,4.15,71851.0,0.0,0.0,0.0,0.0,0.0,0.0,14124.0,0.0,182.0,48298.0,6044.0,-12.0,0.2,16114.0,-24.0,0.15,0.0,0.0,0.0,1477952.0,664235.0
82.0,,23.0,"""ДЕМАРК""",52246.0,0.0,0.0,245541.0,218897.0,-304.0,0.12,1273442.0,1172788.0,129910.0,100655.0,40323.0,-163092.0,12.81,15.0,0.0,0.0,0.0,0.0,0.0,0.0,0.0,0.0,0.0,45235.0,907.0,-576.0,63.57,2111.0,-16.0,0.77,0.0,0.0,0.0,1455509.0,385661.0
83.0,,24.0,"""ТК КРЕДИТ""",676280.0,0.0,0.0,100523.0,523.0,-16.0,0.02,638665.0,604858.0,0.0,33807.0,15967.0,-49031.0,7.68,34183.0,0.0,0.0,0.0,0.0,0.0,0.0,16726.0,1.0,188.0,7647.0,7527.0,-3731.0,49.57,7510.0,-1.0,0.01,0.0,0.0,0.0,1436470.0,313617.0
84.0,,25.0,БАНК МЕРКУРІЙ,134877.0,70181.0,0.0,127947.0,127947.0,-550.0,0.43,766382.0,514091.0,56831.0,252291.0,60511.0,-19454.0,2.54,22671.0,-50.0,0.22,8133.0,0.0,0.0,0.0,14255.0,41.0,0.0,133014.0,7160.0,-49.0,0.68,131160.0,-1.0,0.0,0.0,0.0,0.0,1395716.0,332820.0
85.0,,26.0,"""ДАНІЕЛЬ""",286854.0,70524.0,0.0,222668.0,98105.0,-132.0,0.06,685781.0,468521.0,19909.0,217260.0,99551.0,-62068.0,9.05,70755.0,0.0,0.0,0.0,0.0,0.0,0.0,30257.0,0.0,0.0,4260.0,66236.0,-1135.0,1.71,16135.0,-2.0,0.01,0.0,0.0,0.0,1390132.0,448658.0
86.0,,27.0,БАНК ЗОЛОТІ ВОРОТА,184168.0,0.0,0.0,5782.0,2484.0,-50.0,0.86,1152137.0,653154.0,185073.0,498982.0,139374.0,-119302.0,10.35,31131.0,0.0,0.0,0.0,0.0,0.0,0.0,224.0,0.0,24.0,50911.0,19860.0,-5275.0,26.56,902.0,-9.0,1.0,0.0,0.0,0.0,1320504.0,306321.0
87.0,,28.0,МІЖНАРОДНИЙ ІНВЕСТИЦІЙНИЙ БАНК,610921.0,67899.0,0.0,84397.0,5581.0,-699.0,0.83,538402.0,478338.0,232910.0,60064.0,16311.0,-9121.0,1.69,5569.0,0.0,0.0,0.0,0.0,0.0,0.0,5102.0,0.0,0.0,7709.0,391.0,-6.0,1.44,5208.0,0.0,0.01,0.0,0.0,0.0,1315771.0,676522.0
88.0,,29.0,ПЛЮС БАНК,80659.0,0.0,0.0,124014.0,124014.0,-117.0,0.09,1066674.0,79472.0,22121.0,987202.0,40438.0,-64614.0,6.06,76.0,-3.0,4.34,0.0,0.0,0.0,100.0,0.0,7.0,2747.0,86481.0,3860.0,-377.0,9.77,13622.0,-583.0,4.28,0.0,0.0,0.0,1312547.0,231652.0
89.0,,30.0,АКЦЕНТ-БАНК,278623.0,0.0,0.0,18454.0,18454.0,-185.0,1.0,1112319.0,80794.0,12880.0,1031525.0,392965.0,-176043.0,15.83,0.0,0.0,0.0,0.0,0.0,0.0,0.0,0.0,0.0,354.0,29145.0,17465.0,-1604.0,9.18,2149.0,-28.0,1.31,0.0,0.0,0.0,1280648.0,452269.0
90.0,,31.0,ПОЛТАВА - БАНК,199173.0,50121.0,0.0,30781.0,17969.0,-992.0,3.22,831328.0,730860.0,24434.0,100469.0,8836.0,-70775.0,8.51,26474.0,-335.0,1.26,0.0,0.0,0.0,0.0,0.0,5123.0,4.0,145450.0,5594.0,-44.0,0.78,38533.0,0.0,0.0,3640.0,0.0,0.0,1264076.0,119615.0
91.0,,32.0,"""ЮНЕКС""",127357.0,0.0,0.0,176866.0,154038.0,-1038.0,0.59,847593.0,833061.0,52025.0,14532.0,572.0,-54959.0,6.48,32599.0,0.0,0.0,0.0,0.0,0.0,0.0,0.0,0.0,0.0,48173.0,1124.0,-7.0,0.58,9207.0,-20.0,0.21,0.0,0.0,0.0,1186893.0,308572.0
92.0,,33.0,"""БАЗИС""",170574.0,0.0,0.0,17889.0,17889.0,-149.0,0.83,830749.0,671344.0,149497.0,159406.0,108386.0,-57557.0,6.93,4439.0,-2.0,0.04,10000.0,0.0,0.0,0.0,5681.0,342.0,0.0,93524.0,14579.0,-2322.0,15.92,93338.0,-8.0,0.01,0.0,0.0,0.0,1181077.0,346449.0
93.0,,34.0,УКРГАЗПРОМБАНК,93866.0,0.0,0.0,263860.0,185838.0,-3588.0,1.36,691913.0,596738.0,169768.0,95174.0,22117.0,-48242.0,6.97,309.0,-6.0,2.02,13310.0,0.0,0.0,0.0,0.0,0.0,0.0,32065.0,77087.0,-432.0,0.56,3159.0,-9.0,0.29,0.0,0.0,0.0,1123291.0,499830.0
94.0,,35.0,ВСЕУКРАЇНСЬКИЙ БАНК РОЗВИТКУ,368017.0,0.0,0.0,4444.0,4444.0,-222.0,5.0,659749.0,433196.0,33065.0,226553.0,3799.0,-5592.0,0.85,0.0,0.0,0.0,0.0,0.0,0.0,0.0,0.0,20.0,114.0,68420.0,824.0,-46.0,5.63,12832.0,0.0,0.0,0.0,0.0,0.0,1108560.0,182247.0
95.0,,36.0,"""КАПІТАЛ""",94603.0,39857.0,0.0,22914.0,22909.0,-85.0,0.37,808636.0,581447.0,64191.0,227189.0,76599.0,-37215.0,4.6,28583.0,0.0,0.0,0.0,0.0,0.0,0.0,0.0,0.0,0.0,28394.0,26531.0,-531.0,2.0,32068.0,-51.0,0.16,0.0,0.0,0.0,1043705.0,180120.0
96.0,,37.0,БАНК УКРАЇНСЬКИЙ КАПІТАЛ,23332.0,67893.0,0.0,373303.0,286006.0,-164.0,0.04,239777.0,151001.0,36787.0,88776.0,57251.0,-20317.0,8.47,17842.0,0.0,0.0,0.0,0.0,0.0,0.0,0.0,0.0,0.0,48661.0,283055.0,-23.0,0.01,1235.0,0.0,0.0,0.0,0.0,0.0,1034594.0,665635.0
97.0,,38.0,БАНК ПЕТРОКОММЕРЦ-УКРАЇНА,204540.0,0.0,0.0,216208.0,104563.0,-120.0,0.06,665982.0,580682.0,237633.0,85300.0,80684.0,-226791.0,34.05,130115.0,0.0,0.0,0.0,0.0,0.0,0.0,7067.0,1874.0,14.0,4639.0,1377.0,-82.0,5.95,23443.0,-12.0,0.05,0.0,0.0,0.0,1028254.0,377079.0
98.0,,39.0,БАНК РУСКИЙ СТАНДАРТ,147618.0,0.0,0.0,139527.0,139527.0,-1909.0,1.37,719873.0,57708.0,0.0,662165.0,0.0,-42034.0,5.84,0.0,0.0,0.0,0.0,0.0,0.0,22.0,0.0,76.0,1067.0,41324.0,9078.0,-22.0,0.24,9781.0,-2534.0,25.9,0.0,0.0,0.0,1021868.0,209636.0
99.0,,40.0,АВАНТ-БАНК,151547.0,0.0,0.0,622767.0,501773.0,-1325.0,0.21,241244.0,213347.0,0.0,27897.0,0.0,-6867.0,2.85,0.0,0.0,0.0,0.0,0.0,0.0,0.0,0.0,0.0,0.0,2404.0,7809.0,0.0,0.0,434.0,0.0,0.0,0.0,0.0,0.0,1018013.0,598413.0
100.0,,41.0,АВТОКРАЗБАНК,132513.0,41703.0,0.0,108811.0,0.0,-444.0,0.41,708068.0,624578.0,132065.0,83490.0,33994.0,-65490.0,9.25,18040.0,-580.0,3.21,0.0,0.0,0.0,0.0,0.0,615.0,3121.0,33309.0,1480.0,-141.0,9.56,33162.0,-8.0,0.02,2517.0,0.0,0.0,1016674.0,165742.0
101.0,,42.0,"""УКРАЇНСЬКИЙ ФІНАНСОВИЙ СВІТ""",71982.0,0.0,0.0,2486.0,0.0,-2486.0,100.0,846739.0,821360.0,375765.0,25379.0,15962.0,-89155.0,10.53,101809.0,-4934.0,4.85,0.0,0.0,0.0,0.0,0.0,427.0,0.0,71545.0,6412.0,-63.0,0.98,1936.0,-32.0,1.65,0.0,0.0,0.0,1006666.0,393767.0
102.0,,43.0,БАНК РЕНЕСАНС КАПІТАЛ,152724.0,0.0,0.0,140213.0,140213.0,-31082.0,22.17,733062.0,0.0,0.0,733062.0,0.0,-65244.0,8.9,0.0,0.0,0.0,0.0,0.0,0.0,0.0,0.0,207.0,11142.0,23807.0,11323.0,-446.0,3.94,16360.0,-212.0,1.29,0.0,0.0,0.0,991855.0,250834.0
103.0,,44.0,ЄКАТЕРИНОСЛАВСЬКИЙ КОМЕРЦІЙНИЙ БАНК,25873.0,0.0,0.0,18269.0,1090.0,-73.0,0.4,1074104.0,1071573.0,0.0,2532.0,1860.0,-216390.0,20.15,17315.0,-17315.0,100.0,0.0,0.0,0.0,0.0,249.0,0.0,15.0,1974.0,1714.0,-314.0,18.33,5482.0,0.0,0.0,0.0,0.0,0.0,910902.0,3214.0
104.0,,45.0,ПЕРШИЙ ІНВЕСТИЦІЙНИЙ БАНК,88814.0,1043.0,0.0,128953.0,97179.0,-7696.0,5.97,702017.0,594105.0,45622.0,107912.0,50015.0,-125488.0,17.88,28357.0,-1972.0,6.95,0.0,0.0,0.0,6000.0,15095.0,880.0,5630.0,24642.0,15409.0,-115.0,0.75,6084.0,-290.0,4.77,0.0,0.0,0.0,887364.0,191460.0
105.0,,46.0,КОМІНВЕСТБАНК,188276.0,0.0,0.0,246230.0,195288.0,-64.0,0.03,390824.0,311078.0,114424.0,79746.0,9197.0,-25797.0,6.6,210.0,-210.0,100.0,0.0,0.0,0.0,0.0,3548.0,0.0,185.0,39162.0,2625.0,0.0,0.0,11958.0,0.0,0.0,0.0,0.0,0.0,856947.0,455049.0
106.0,,47.0,БАНК НАЦІОНАЛЬНИЙ КРЕДИТ,88762.0,0.0,0.0,26663.0,646.0,-16.0,0.06,725682.0,478257.0,29429.0,247425.0,17117.0,-82331.0,11.35,0.0,0.0,0.0,0.0,0.0,0.0,0.0,0.0,632.0,0.0,35542.0,6579.0,-229.0,3.48,17119.0,-101.0,0.59,0.0,0.0,0.0,818302.0,90697.0
107.0,,48.0,ЗАХІДІНКОМБАНК,33191.0,0.0,0.0,558.0,558.0,-6.0,1.02,1006522.0,794551.0,71491.0,211971.0,120836.0,-280950.0,27.91,30075.0,0.0,0.0,0.0,0.0,0.0,0.0,0.0,1708.0,0.0,15879.0,1260.0,-281.0,22.33,4252.0,-1064.0,25.03,0.0,0.0,0.0,811143.0,112469.0
108.0,,49.0,ЄВРОБАНК,116001.0,0.0,332.0,19941.0,11960.0,-22.0,0.11,437506.0,317405.0,68715.0,120100.0,60415.0,-17156.0,3.92,132689.0,0.0,0.0,0.0,0.0,0.0,0.0,0.0,48.0,0.0,93087.0,21891.0,-147.0,0.67,2996.0,-285.0,9.5,0.0,0.0,0.0,806882.0,237669.0
109.0,,50.0,"""ЛЬВІВ""",57768.0,9080.0,0.0,88536.0,60067.0,-48.0,0.05,609195.0,440137.0,165939.0,169058.0,60429.0,-90234.0,14.81,0.0,0.0,0.0,12317.0,0.0,0.0,0.0,946.0,340.0,0.0,53204.0,658.0,-17.0,2.64,48206.0,-63.0,0.13,0.0,0.0,0.0,789888.0,261449.0
110.0,,51.0,"""ПОРТО-ФРАНКО""",146986.0,0.0,0.0,103826.0,68826.0,-32.0,0.03,473784.0,364343.0,182937.0,109442.0,64436.0,-29591.0,6.25,4997.0,0.0,0.0,0.0,0.0,0.0,0.0,20170.0,75.0,137.0,34933.0,8296.0,-68.0,0.82,2670.0,0.0,0.0,15190.0,0.0,0.0,781375.0,351698.0
111.0,,52.0,ФІНРОСТБАНК,135470.0,0.0,0.0,202218.0,38068.0,-3881.0,1.92,446094.0,417598.0,35378.0,28497.0,19071.0,-47524.0,10.65,6000.0,0.0,0.0,0.0,0.0,0.0,0.0,0.0,11.0,597.0,7640.0,440.0,-375.0,85.21,1966.0,-17.0,0.86,0.0,0.0,0.0,748641.0,101421.0
112.0,,53.0,МЕТАБАНК,126670.0,0.0,0.0,69967.0,14878.0,-61.0,0.09,479260.0,332633.0,24506.0,146627.0,46037.0,-46270.0,9.65,34919.0,-94.0,0.27,0.0,0.0,0.0,0.0,1992.0,168.0,0.0,33329.0,3938.0,-497.0,12.62,16080.0,-247.0,1.53,8238.0,0.0,0.0,727392.0,150606.0
113.0,,54.0,АПЕКС-БАНК,110496.0,0.0,29430.0,282998.0,152248.0,-25825.0,9.13,259790.0,149926.0,2714.0,109864.0,0.0,-9424.0,3.63,47861.0,0.0,0.0,11007.0,0.0,0.0,0.0,0.0,275.0,0.0,2316.0,7979.0,0.0,0.0,426.0,0.0,0.0,0.0,0.0,0.0,717328.0,247617.0
114.0,,55.0,БАНК ВОСТОК,664288.0,0.0,0.0,0.0,0.0,-4.0,0.0,0.0,0.0,0.0,0.0,0.0,0.0,1.93,0.0,0.0,0.0,0.0,0.0,0.0,0.0,2272.0,17370.0,14690.0,3226.0,1946.0,-127.0,6.52,2982.0,-474.0,15.91,0.0,0.0,0.0,706169.0,158132.0
115.0,,56.0,"""НОВИЙ""",34918.0,3179.0,0.0,35909.0,35909.0,-31.0,0.09,569636.0,495897.0,60757.0,73739.0,13239.0,-44637.0,7.84,24213.0,-1.0,0.0,0.0,0.0,0.0,0.0,15183.0,1678.0,1074.0,5628.0,5488.0,-1130.0,20.6,768.0,-1.0,0.1,0.0,0.0,0.0,651874.0,105506.0
116.0,,57.0,ІНПРОМБАНК,18937.0,1.0,0.0,414.0,404.0,-20.0,4.85,991278.0,826308.0,42109.0,164969.0,120358.0,-537800.0,54.25,425.0,-281.0,66.08,0.0,0.0,0.0,0.0,0.0,483.0,16.0,134586.0,58923.0,-58490.0,99.27,845.0,0.0,0.0,0.0,0.0,0.0,609316.0,162871.0
117.0,,58.0,ЧОРНОМОРСЬКИЙ БАНК РОЗВИТКУ ТА РЕКОНСТР.,101808.0,0.0,0.0,26375.0,18371.0,-60.0,0.23,397960.0,302889.0,80340.0,95071.0,60846.0,-8663.0,2.18,3627.0,-101.0,2.78,0.0,0.0,0.0,0.0,9422.0,6.0,283.0,57178.0,680.0,-124.0,18.28,18638.0,0.0,0.0,2.0,0.0,0.0,607030.0,194557.0
118.0,,59.0,"""ГРАНТ""",80014.0,0.0,0.0,4952.0,4883.0,-10.0,0.21,451824.0,353893.0,101196.0,97931.0,23700.0,-7834.0,1.73,4320.0,-460.0,10.65,0.0,0.0,0.0,0.0,0.0,0.0,48.0,42686.0,6606.0,-12.0,0.18,1928.0,-10.0,0.51,0.0,0.0,0.0,584051.0,172679.0
119.0,,60.0,СТАРОКИЇВСЬКИЙ БАНК,43277.0,0.0,0.0,118576.0,104901.0,-131.0,0.11,316284.0,105678.0,38678.0,210606.0,52708.0,-3461.0,1.09,1242.0,0.0,0.0,0.0,0.0,0.0,0.0,0.0,8761.0,0.0,70254.0,877.0,0.0,0.0,11919.0,-70.0,0.59,0.0,0.0,0.0,567529.0,206581.0
120.0,,61.0,УНIКОМБАНК,27739.0,0.0,0.0,10897.0,2393.0,-2004.0,18.39,669108.0,663069.0,0.0,6039.0,1042.0,-148510.0,22.2,0.0,0.0,0.0,0.0,0.0,0.0,0.0,0.0,0.0,0.0,3759.0,177.0,-177.0,100.0,98.0,0.0,0.0,0.0,0.0,0.0,561086.0,5106.0
121.0,,62.0,"""КОНТРАКТ""",65704.0,19000.0,0.0,64299.0,52800.0,-102.0,0.16,337867.0,302019.0,68003.0,35848.0,1124.0,-37477.0,11.09,0.0,0.0,0.0,0.0,0.0,0.0,0.0,2039.0,0.0,0.0,48281.0,54514.0,-5937.0,10.89,6202.0,0.0,0.0,1557.0,0.0,0.0,555946.0,153803.0
122.0,,63.0,УКРКОМУНБАНК,152854.0,797.0,0.0,8179.0,8179.0,-36.0,0.44,318382.0,220329.0,13931.0,98053.0,7124.0,-27428.0,8.61,0.0,0.0,0.0,0.0,0.0,0.0,0.0,14487.0,0.0,2385.0,69056.0,7586.0,-263.0,3.47,1415.0,-124.0,8.75,0.0,0.0,0.0,547291.0,46334.0
123.0,,64.0,АГРОКОМБАНК,38914.0,16749.0,0.0,78024.0,36594.0,-168.0,0.22,338408.0,238456.0,40705.0,99953.0,36961.0,-38020.0,11.23,12822.0,-2.0,0.01,0.0,0.0,0.0,0.0,0.0,0.0,0.0,95933.0,3686.0,-972.0,26.37,1337.0,0.0,0.0,0.0,0.0,0.0,546711.0,127921.0
124.0,,65.0,"""МОРСЬКИЙ""",30644.0,0.0,0.0,100918.0,45515.0,-79.0,0.08,328254.0,255144.0,47554.0,73110.0,38810.0,-24230.0,7.38,7846.0,0.0,0.0,0.0,0.0,0.0,0.0,22736.0,48.0,0.0,39296.0,1123.0,-9.0,0.76,31577.0,-88.0,0.28,0.0,0.0,0.0,538036.0,131878.0
125.0,,66.0,РАДИКАЛ БАНК,53612.0,0.0,0.0,41189.0,41189.0,-108.0,0.26,404148.0,330719.0,198.0,73429.0,720.0,-3844.0,0.95,529.0,0.0,0.0,0.0,0.0,0.0,0.0,0.0,50.0,0.0,7586.0,213.0,0.0,0.02,2738.0,0.0,0.0,0.0,0.0,0.0,506111.0,63388.0
126.0,,67.0,"""ПРЕМIУМ""",79239.0,0.0,0.0,214879.0,183877.0,-33.0,0.02,313914.0,310287.0,7179.0,3627.0,8.0,-150332.0,47.89,0.0,0.0,0.0,0.0,0.0,0.0,0.0,0.0,0.0,100.0,33227.0,162.0,-125.0,77.24,111.0,0.0,0.0,0.0,0.0,0.0,491142.0,196080.0
127.0,,68.0,IНВЕСТБАНК,53576.0,8128.0,0.0,73651.0,2310.0,-7024.0,9.54,313466.0,273934.0,88196.0,39532.0,16856.0,-10756.0,3.43,60.0,0.0,0.0,0.0,0.0,0.0,0.0,8374.0,22.0,58.0,26614.0,2231.0,-79.0,3.54,2552.0,-6.0,0.23,486.0,0.0,0.0,471352.0,124700.0
128.0,,69.0,АРТЕМ-БАНК,43145.0,0.0,0.0,179900.0,159197.0,-1652.0,0.92,165795.0,92163.0,22257.0,73632.0,49079.0,-18460.0,11.13,58592.0,-90.0,0.15,0.0,0.0,0.0,0.0,0.0,0.0,0.0,24887.0,687.0,-14.0,1.99,155.0,0.0,0.0,0.0,0.0,0.0,452945.0,237729.0
129.0,,70.0,АКОРДБАНК,81176.0,0.0,3908.0,98151.0,19934.0,-7.0,0.01,260226.0,226676.0,122639.0,33550.0,10160.0,-6963.0,2.68,1093.0,0.0,0.0,0.0,0.0,0.0,0.0,0.0,496.0,29.0,9190.0,3370.0,-23.0,0.68,2277.0,0.0,0.0,0.0,0.0,0.0,452925.0,192304.0
130.0,,71.0,АСВІО БАНК,28456.0,0.0,0.0,33306.0,27306.0,-5462.0,16.4,386588.0,308387.0,0.0,78200.0,0.0,-16380.0,4.24,0.0,0.0,0.0,0.0,0.0,0.0,0.0,0.0,120.0,37.0,11761.0,34.0,-13.0,37.59,236.0,-73.0,30.81,0.0,0.0,0.0,438610.0,39320.0
131.0,,72.0,БАНК БОГУСЛАВ,33372.0,0.0,0.0,58913.0,58913.0,-11854.0,20.12,397818.0,361380.0,24496.0,36438.0,9233.0,-93946.0,23.62,15331.0,0.0,0.0,0.0,0.0,0.0,0.0,6344.0,0.0,0.0,21327.0,684.0,-3.0,0.4,5170.0,0.0,0.0,0.0,0.0,0.0,433158.0,71855.0
132.0,,73.0,ПРОМЕКОНОМБАНК,10739.0,0.0,0.0,6101.0,6101.0,-1.0,0.01,348508.0,304026.0,6344.0,44482.0,13333.0,-32988.0,9.47,68223.0,0.0,0.0,0.0,0.0,0.0,0.0,0.0,785.0,3395.0,13953.0,1340.0,-602.0,44.93,5579.0,0.0,0.0,0.0,0.0,0.0,425032.0,19134.0
133.0,,74.0,КЛАСИКБАНК,66213.0,0.0,0.0,74382.0,74382.0,-14875.0,20.0,366283.0,365140.0,4.0,1143.0,1127.0,-95074.0,25.96,25221.0,0.0,0.0,0.0,0.0,0.0,0.0,0.0,0.0,42.0,1298.0,16.0,-14.0,91.53,1023.0,-970.0,94.84,0.0,0.0,0.0,423544.0,64121.0
134.0,,75.0,ПОЛІКОМБАНК,31410.0,0.0,0.0,86233.0,83231.0,-49.0,0.06,270164.0,259127.0,13424.0,11037.0,1488.0,-29889.0,11.06,3199.0,-2302.0,71.97,0.0,0.0,0.0,0.0,7638.0,47.0,0.0,50825.0,92.0,-3.0,2.83,1506.0,-19.0,1.23,0.0,0.0,0.0,418852.0,107886.0
135.0,,76.0,"""ТРАСТ-КАПІТАЛ""",56313.0,0.0,0.0,171190.0,157207.0,-14875.0,8.69,154418.0,100545.0,9763.0,53873.0,39692.0,-30044.0,19.46,25108.0,0.0,0.0,0.0,0.0,0.0,0.0,21498.0,0.0,0.0,1136.0,258.0,-12.0,4.57,29026.0,0.0,0.0,0.0,0.0,0.0,414015.0,223237.0
136.0,,77.0,РЕАЛ БАНК,69470.0,0.0,0.0,45000.0,0.0,-744.0,1.65,243422.0,232396.0,44651.0,11026.0,1088.0,-914.0,0.38,35107.0,-66.0,0.19,0.0,0.0,0.0,0.0,544.0,0.0,6.0,9427.0,5236.0,0.0,0.0,1802.0,-2.0,0.12,0.0,0.0,0.0,408289.0,83382.0
137.0,,78.0,ЄВРОПРОМБАНК,30217.0,0.0,0.0,60297.0,40223.0,-647.0,1.07,310630.0,304445.0,117120.0,6185.0,0.0,-16497.0,5.31,0.0,0.0,0.0,0.0,0.0,0.0,0.0,0.0,0.0,0.0,2548.0,45.0,0.0,0.0,10080.0,0.0,0.0,0.0,0.0,0.0,396672.0,156487.0
138.0,,79.0,ДІВІ БАНК,127953.0,0.0,0.0,184352.0,0.0,0.0,0.0,72354.0,72354.0,72204.0,0.0,0.0,-2265.0,3.13,0.0,0.0,0.0,0.0,0.0,0.0,0.0,0.0,3.0,0.0,396.0,6.0,0.0,0.0,210.0,0.0,0.0,0.0,0.0,0.0,383010.0,185147.0
139.0,,80.0,IНТЕРБАНК,41370.0,6454.0,0.0,39312.0,39312.0,-46.0,0.12,144244.0,135365.0,76595.0,8879.0,8410.0,-58713.0,40.7,146427.0,-7196.0,4.91,0.0,0.0,0.0,0.0,0.0,0.0,0.0,62426.0,1532.0,-84.0,5.46,308.0,-4.0,1.4,0.0,0.0,0.0,376029.0,97148.0
140.0,,81.0,РЕГІОН-БАНК,71151.0,0.0,0.0,45745.0,7973.0,-8.0,0.02,233369.0,168175.0,20202.0,65194.0,13891.0,-14545.0,6.23,3030.0,-27.0,0.88,0.0,0.0,0.0,0.0,0.0,0.0,1.0,16698.0,4590.0,0.0,0.0,6329.0,0.0,0.0,0.0,0.0,0.0,366333.0,79694.0
141.0,,82.0,ДІАПАЗОН-МАКСИМУМ БАНК,121663.0,0.0,0.0,15946.0,15946.0,-137.0,0.86,151893.0,104777.0,0.0,47116.0,0.0,-3610.0,2.38,44100.0,0.0,0.0,0.0,0.0,0.0,0.0,0.0,168.0,0.0,24340.0,1164.0,-14.0,1.17,801.0,0.0,0.0,0.0,0.0,0.0,356314.0,71282.0
142.0,,83.0,CИГМАБАНК,42419.0,0.0,0.0,0.0,0.0,0.0,0.0,367347.0,361594.0,234.0,5753.0,0.0,-66339.0,18.06,4769.0,-1656.0,34.72,0.0,0.0,0.0,0.0,0.0,0.0,822.0,442.0,794.0,-794.0,100.0,80.0,0.0,0.0,0.0,0.0,0.0,347885.0,7531.0
143.0,,84.0,ЛЕГБАНК,32384.0,0.0,0.0,8372.0,0.0,0.0,0.0,250646.0,234760.0,71143.0,15886.0,96.0,-17512.0,6.99,41174.0,-673.0,1.63,0.0,0.0,0.0,0.0,0.0,250.0,0.0,8666.0,11371.0,-103.0,0.9,3688.0,-11.0,0.29,0.0,0.0,0.0,338253.0,85609.0
144.0,,85.0,ДОЙЧЕ БАНК ДБУ,47621.0,0.0,0.0,62000.0,0.0,-620.0,1.0,6000.0,6000.0,0.0,0.0,0.0,0.0,0.0,207133.0,0.0,0.0,0.0,0.0,0.0,0.0,0.0,0.0,10387.0,1150.0,1572.0,-5.0,0.3,258.0,-21.0,7.99,0.0,0.0,0.0,335476.0,37003.0
145.0,,86.0,БАНК ТРАСТ,33964.0,0.0,0.0,23131.0,23131.0,-100.0,0.43,221098.0,144711.0,120042.0,76386.0,38306.0,-4269.0,1.93,0.0,0.0,0.0,0.0,0.0,0.0,0.0,0.0,0.0,486.0,50867.0,1317.0,-48.0,3.63,926.0,-54.0,5.87,0.0,0.0,0.0,327318.0,203715.0
146.0,,87.0,БАНК РИНКОВІ ТЕХНОЛОГІЇ,32327.0,0.0,0.0,0.0,0.0,0.0,0.0,293091.0,267112.0,0.0,25979.0,0.0,-13188.0,4.5,0.0,0.0,0.0,0.0,0.0,0.0,0.0,0.0,0.0,0.0,6547.0,73.0,0.0,0.0,331.0,0.0,0.0,0.0,0.0,0.0,319181.0,177.0
147.0,,88.0,"""УКООПСПІЛКА""",14437.0,0.0,0.0,26326.0,12536.0,-149.0,0.56,213496.0,193168.0,15340.0,20328.0,6159.0,-4809.0,2.25,0.0,0.0,0.0,0.0,0.0,0.0,0.0,0.0,259.0,1341.0,59345.0,64.0,-3.0,4.31,256.0,0.0,0.0,0.0,0.0,0.0,310564.0,37918.0
148.0,,89.0,КРЕДИТВЕСТ БАНК,10352.0,0.0,0.0,204972.0,121651.0,-1910.0,0.93,83679.0,75824.0,23726.0,7855.0,3880.0,-11792.0,14.09,0.0,0.0,0.0,0.0,0.0,0.0,0.0,0.0,0.0,22.0,1257.0,59.0,-28.0,48.27,10201.0,-26.0,0.26,3002.0,0.0,0.0,299787.0,148462.0
149.0,,90.0,"""КОНКОРД""",71393.0,2917.0,0.0,0.0,0.0,0.0,0.0,230633.0,228971.0,0.0,1662.0,747.0,-11853.0,5.14,6624.0,-2960.0,44.69,0.0,0.0,0.0,0.0,0.0,0.0,0.0,317.0,3.0,0.0,0.0,24.0,0.0,0.0,0.0,0.0,0.0,297097.0,1397.0
150.0,,91.0,ПРОФІН БАНК,53736.0,0.0,0.0,8450.0,8450.0,-89.0,1.06,158247.0,4814.0,0.0,153433.0,10615.0,-23211.0,14.67,0.0,0.0,0.0,0.0,0.0,0.0,0.0,0.0,3.0,327.0,58665.0,5830.0,-220.0,3.77,2207.0,-70.0,3.17,0.0,0.0,0.0,263874.0,37490.0
151.0,,92.0,ОКСІ БАНК,32976.0,4091.0,0.0,12675.0,46.0,-1.0,0.01,211793.0,175704.0,62153.0,36088.0,5480.0,-5419.0,2.56,0.0,0.0,0.0,0.0,0.0,0.0,0.0,0.0,0.0,148.0,3774.0,684.0,-3.0,0.41,2278.0,0.0,0.01,0.0,0.0,0.0,262995.0,79222.0
152.0,,93.0,ЄВРОПЕЙСЬКИЙ БАНК РАЦІОН.ФІНАНС.,35069.0,0.0,0.0,15988.0,5988.0,-2080.0,13.01,233970.0,220687.0,0.0,13283.0,5126.0,-44687.0,19.1,117.0,-102.0,87.2,0.0,0.0,0.0,0.0,256.0,10.0,32.0,16370.0,2558.0,-16.0,0.62,252.0,0.0,0.0,0.0,0.0,0.0,257736.0,23516.0
153.0,,94.0,ПРАЙМ-БАНК,115060.0,0.0,0.0,19860.0,4860.0,-344.0,1.73,108918.0,96952.0,2979.0,11965.0,7271.0,-7571.0,6.95,0.0,0.0,0.0,0.0,0.0,0.0,0.0,0.0,0.0,0.0,13609.0,576.0,0.0,0.0,347.0,0.0,0.0,0.0,0.0,0.0,250455.0,93032.0
154.0,,95.0,ФІНЕКСБАНК,87475.0,0.0,0.0,48045.0,0.0,-1035.0,2.15,79465.0,61203.0,0.0,18262.0,4340.0,-18094.0,22.77,0.0,0.0,0.0,0.0,0.0,0.0,0.0,0.0,0.0,43.0,3744.0,1472.0,-53.0,3.62,42040.0,-9.0,0.02,0.0,0.0,0.0,243093.0,52884.0
155.0,,96.0,ПРОМИСЛОВО-ФІНАНСОВИЙ БАНК,37491.0,44235.0,0.0,34997.0,1022.0,-1561.0,4.46,119613.0,100935.0,1860.0,18678.0,8053.0,-10613.0,8.87,2.0,0.0,0.0,0.0,0.0,0.0,0.0,0.0,26.0,878.0,14259.0,196.0,-28.0,14.2,2475.0,-156.0,6.29,0.0,0.0,0.0,241814.0,33635.0
156.0,,97.0,"""СТОЛИЧНИЙ""",22552.0,0.0,0.0,0.0,0.0,0.0,0.0,252171.0,247664.0,3967.0,4507.0,525.0,-44659.0,17.71,4457.0,-131.0,2.94,0.0,0.0,0.0,0.0,0.0,0.0,0.0,4365.0,17.0,0.0,0.0,176.0,0.0,0.0,0.0,0.0,0.0,238948.0,6795.0
157.0,,98.0,МОТОР-БАНК,50580.0,0.0,0.0,51867.0,10365.0,-10522.0,20.29,126074.0,124647.0,0.0,1427.0,0.0,-13713.0,10.88,0.0,0.0,0.0,10017.0,0.0,0.0,0.0,0.0,381.0,318.0,12432.0,2744.0,0.0,0.0,5041.0,0.0,0.0,0.0,0.0,0.0,235220.0,51522.0
158.0,,99.0,КОМЕРЦІЙНИЙ ІНДУСТРІАЛЬНИЙ БАНК,32468.0,0.0,6.0,133722.0,22367.0,-5922.0,4.43,45863.0,43577.0,30133.0,2286.0,1156.0,-1366.0,2.98,60.0,0.0,0.0,0.0,0.0,0.0,675.0,0.0,2478.0,446.0,14969.0,1612.0,-31.0,1.89,401.0,-1.0,0.31,0.0,0.0,0.0,225379.0,63152.0
159.0,,100.0,БАНК СІЧ,14065.0,0.0,0.0,40382.0,0.0,0.0,0.0,167294.0,167044.0,1994.0,250.0,0.0,-411.0,0.25,0.0,0.0,0.0,0.0,0.0,0.0,0.0,0.0,0.0,0.0,2032.0,1.0,0.0,0.0,1828.0,0.0,0.0,0.0,0.0,0.0,225190.0,15151.0
160.0,,101.0,"""СТАНДАРТ""",23584.0,0.0,0.0,27506.0,27506.0,-29.0,0.1,116525.0,108105.0,0.0,8420.0,0.0,-1161.0,1.0,51546.0,0.0,0.0,0.0,0.0,0.0,0.0,0.0,0.0,0.0,6660.0,46.0,0.0,0.6,249.0,0.0,0.13,0.0,0.0,0.0,224925.0,46400.0
161.0,,102.0,КРЕДИТ ОПТИМА БАНК,8471.0,0.0,0.0,64621.0,35080.0,-984.0,1.52,117890.0,86618.0,3690.0,31273.0,3647.0,-9276.0,7.87,0.0,0.0,0.0,0.0,0.0,0.0,0.0,0.0,0.0,0.0,13562.0,7.0,-5.0,74.83,1351.0,-104.0,7.71,0.0,0.0,0.0,195533.0,41936.0
162.0,,103.0,"""ЦЕНТР""",4428.0,0.0,0.0,10367.0,10367.0,-42.0,0.41,81387.0,74554.0,0.0,6833.0,0.0,-4788.0,5.88,87710.0,0.0,0.0,0.0,0.0,0.0,0.0,0.0,19.0,0.0,2573.0,4.0,0.0,2.52,278.0,-3.0,0.96,0.0,0.0,0.0,181933.0,11674.0
163.0,,104.0,БАНК ВЕЛЕС,28291.0,7435.0,0.0,40.0,40.0,-1.0,2.05,158580.0,158110.0,1901.0,471.0,293.0,-31226.0,19.69,10.0,-10.0,100.0,0.0,0.0,0.0,0.0,954.0,50.0,3.0,3506.0,21.0,-12.0,58.31,152.0,0.0,0.0,0.0,0.0,0.0,167793.0,3307.0
164.0,,105.0,ГРІН БАНК,7975.0,0.0,0.0,48066.0,19052.0,-3912.0,8.14,122007.0,77961.0,532.0,44046.0,3147.0,-21497.0,17.62,3024.0,-751.0,24.82,0.0,0.0,0.0,0.0,0.0,2.0,0.0,3184.0,1481.0,-25.0,1.7,347.0,0.0,0.0,0.0,0.0,0.0,159900.0,22297.0
165.0,,106.0,БАНК НАРОДНИЙ КАПIТАЛ,36333.0,0.0,0.0,14002.0,4002.0,-4.0,0.03,95322.0,94541.0,0.0,781.0,0.0,-15420.0,16.18,0.0,0.0,0.0,0.0,0.0,0.0,0.0,0.0,76.0,343.0,21471.0,319.0,-2.0,0.48,284.0,-2.0,0.7,0.0,0.0,0.0,152724.0,14759.0
166.0,,107.0,ТММ-БАНК,10335.0,0.0,0.0,2985.0,0.0,0.0,0.0,81234.0,61176.0,0.0,20058.0,6843.0,-11121.0,13.69,0.0,0.0,0.0,0.0,0.0,0.0,0.0,1122.0,101.0,0.0,59745.0,5.0,0.0,0.0,36.0,0.0,0.0,0.0,0.0,0.0,144442.0,10867.0
167.0,,108.0,УКРБУДІНВЕСТБАНК,18801.0,0.0,0.0,4001.0,0.0,-800.0,19.99,106424.0,60928.0,0.0,45496.0,9529.0,-8492.0,7.98,0.0,0.0,0.0,0.0,0.0,0.0,0.0,0.0,0.0,171.0,16839.0,30.0,-24.0,80.14,1445.0,0.0,0.0,0.0,0.0,0.0,138394.0,19684.0
168.0,,109.0,УКРАЇНСЬКИЙ БАНК РЕКОНСТР.ТА РОЗВ.,12788.0,0.0,0.0,25004.0,0.0,-280.0,1.12,25698.0,25289.0,0.0,410.0,0.0,-848.0,3.3,0.0,0.0,0.0,0.0,0.0,0.0,0.0,24674.0,416.0,0.0,38346.0,61.0,-10.0,15.84,2095.0,-2.0,0.1,0.0,0.0,0.0,127942.0,29.0
169.0,,110.0,СХІДНО-ПРОМИСЛ.КОМЕРЦ.БАНК,39493.0,0.0,0.0,0.0,0.0,0.0,0.0,83327.0,59172.0,0.0,24155.0,4454.0,-6380.0,7.66,0.0,0.0,0.0,0.0,0.0,0.0,0.0,0.0,0.0,16.0,7216.0,969.0,-259.0,26.71,188.0,0.0,0.0,0.0,0.0,0.0,124570.0,13945.0
170.0,,111.0,БАНК СТОЛИЦЯ,3928.0,0.0,0.0,0.0,0.0,0.0,0.0,109376.0,72179.0,17820.0,37197.0,15547.0,-96478.0,88.21,12931.0,-12931.0,100.0,0.0,0.0,0.0,0.0,0.0,0.0,0.0,94646.0,54060.0,-53994.0,99.88,7278.0,-3.0,0.04,0.0,0.0,0.0,118813.0,12043.0
171.0,,112.0,РАДАБАНК,52293.0,0.0,0.0,2539.0,2539.0,-51.0,2.0,59848.0,54573.0,2303.0,5275.0,119.0,-6949.0,11.61,0.0,0.0,100.0,0.0,0.0,0.0,0.0,4357.0,0.0,233.0,3801.0,8.0,0.0,4.79,298.0,0.0,0.0,0.0,0.0,0.0,116379.0,11463.0
172.0,,113.0,"""ЗЕМЕЛЬНИЙ КАПІТАЛ""",25486.0,0.0,0.0,0.0,0.0,0.0,0.0,69967.0,52192.0,2127.0,17776.0,9930.0,-6411.0,9.16,8435.0,-48.0,0.57,416.0,-416.0,100.0,0.0,0.0,0.0,375.0,11069.0,69.0,-61.0,88.48,7283.0,0.0,0.0,0.0,0.0,0.0,116164.0,21688.0
173.0,,114.0,СОЦКОМБАНК,4531.0,0.0,0.0,5.0,5.0,0.0,2.0,769519.0,577371.0,186949.0,192148.0,100858.0,-679571.0,88.31,0.0,0.0,0.0,0.0,0.0,0.0,28.0,0.0,0.0,0.0,18987.0,364.0,0.0,0.09,51.0,0.0,0.0,50.0,0.0,0.0,113964.0,20866.0
174.0,,115.0,"""ФАМІЛЬНИЙ""",21991.0,0.0,0.0,797.0,797.0,-9.0,1.19,36213.0,357.0,0.0,35856.0,21356.0,-9488.0,26.2,1.0,0.0,0.0,14616.0,0.0,0.0,0.0,0.0,221.0,0.0,32678.0,1092.0,-58.0,5.32,328.0,0.0,0.0,0.0,0.0,0.0,98381.0,31640.0
175.0,,116.0,БАНК АЛЬЯНС,16422.0,0.0,0.0,2500.0,0.0,-25.0,1.0,69748.0,57347.0,3050.0,12401.0,1104.0,-4361.0,6.25,0.0,0.0,0.0,0.0,0.0,0.0,0.0,0.0,5.0,0.0,7853.0,1.0,0.0,0.0,9.0,0.0,0.0,0.0,0.0,0.0,92151.0,6813.0
