Date,ПРИВАТБАНК,РАЙФФАЙЗЕН БАНК АВАЛЬ,ОЩАДБАНК,УКРСИББАНК,УКРЕКСІМБАНК,УКРСОЦБАНК,ПРОМІНВЕСТБАНК,ОТП БАНК,СЕНС БАНК,НАДРА,ВТБ БАНК,ФОРУМ,ПУМБ,ФІНАНСИ ТА КРЕДИТ,ОМЕГА БАНК,БРОКБІЗНЕСБАНК,УКРГАЗБАНК,УКРПРОМБАНК,КРЕДИТПРОМБАНК,РОДОВІД БАНК,ПІВДЕННИЙ,ЕРСТЕ БАНК,УНIКРЕДИТ БАНК,УНІВЕРСАЛ БАНК,ВIEЙБI БАНК,ПРАВЕКС-БАНК,ДОНГОРБАНК,КРЕДОБАНК,ДЕЛЬТА БАНК,ФІНАНСОВА ІНІЦІАТИВА,ХРЕЩАТИК,IМЕКСБАНК,СБЕРБАНК,СІТІБАНК,КАЛІОН БАНК УКРАЇНА,ІНДУСТРІАЛБАНК,IНДУСТРІАЛЬНО-ЕКСПОРТНИЙ БАНК,КИЇВ,БАНК МОРСЬКИЙ,ФІДОБАНК,БАНК КРЕДИТ ДНІПРО,КЛІРИНГОВИЙ ДІМ,ПРОКРЕДИТ БАНК,МЕГАБАНК,БМ БАНК,ВІЕС БАНК,ПІРЕУС БАНК МКБ,БТА БАНК,КРЕДИТ ЄВРОПА БАНК,ЄВРОПЕЙСЬКИЙ,ЕКСПРЕС-БАНК,АКТИВ БАНК,ЕКСПОБАНК,КАПІТАЛ,УКРАЇНСЬКИЙ ПРОФЕСІЙНИЙ БАНК,ХОУМ КРЕДИТ БАНК,УКРІНБАНК,АГРОПРОСПЕРІС БАНК,СОЮЗ,БАНК ТАВРИКА,IПОБАНК,АЛЬТБАНК,Діамантбанк,БГ БАНК,БАНК HАЦІОНАЛЬНІ ІНВЕСТИЦІЇ,УКРБІЗНЕСБАНК,СТАНДАРТ,БІГ ЕНЕРГІЯ,ПЛАТИНУМ БАНК,АРКАДА,ЕНЕРГОБАНК,БАЗИС,БАНК ІНВЕСТИЦІЙ ТА ЗАОЩАДЖЕНЬ,БАНК ДЕМАРК,ПЕТРОКОММЕРЦ-УКРАЇНА,МІСТО БАНК,СХІДНОЄВРОПЕЙСЬКИЙ БАНК,ДНІСТЕР,ЗАХІДІНКОМБАНК,ПОЛТАВА - БАНК,БАНК ЗОЛОТІ ВОРОТА,АКЦЕНТ-БАНК,БАНК МЕРКУРІЙ,ЗЛАТОБАНК,ПІВДЕНКОМБАНК,ТРАНСБАНК,ФІНБАНК,ПЕРШИЙ ІНВЕСТИЦІЙНИЙ БАНК,ІНПРОМБАНК,ФОРТУНА БАНК,БАНК РЕГІОНАЛЬНОГО РОЗВИТКУ,ЗЕМЕЛЬНИЙ БАНК,БАНК КАМБІО,ДАНІЕЛЬ,ПАРТНЕР-БАНК,СОЦКОМБАНК,ЛЬВІВ,УКРАЇНСЬКИЙ ФІНАНСОВИЙ СВІТ,УКРГАЗПРОМБАНК,МЕТАБАНК,ГЛОБУС,АВТОКРАЗБАНК,ІДЕЯ БАНК,IНТЕГРАЛ БАНК,АРТЕМ-БАНК,ТРАСТ,АРМА,ТЕРРА БАНК,НОВИЙ,АЙБОКС БАНК,БАНК БОГУСЛАВ,ПОРТО-ФРАНКО,КОМІНВЕСТБАНК,БАНК СТОЛИЦЯ,НАЦІОНАЛЬНИЙ КРЕДИТ,ОДЕСА-БАНК,БАНК ГРАНТ,УКРКОМУНБАНК,СИНТЕЗ,АКСІОМА,ПРОМЕКОНОМБАНК,ВОЛОДИМИРСЬКИЙ,ЄВРОПЕЙСЬКИЙ БАНК РАЦІОН.ФІНАНС.,БАНК КОНТРАКТ,ЄВРОГАЗБАНК,ЕРДЕ БАНК,ТК КРЕДИТ,УКРАЇНСЬКА ФІНАНСОВА ГРУПА,ЛЕГБАНК,РЕАЛ БАНК,ПРЕМIУМ,IНТЕРБАНК,IНВЕСТБАНК,ПОЛІКОМБАНК,ФІНРОСТБАНК,АКТАБАНК,ФІНЕКСБАНК,АКОРДБАНК,УКООПСПІЛКА,КРЕДИТВЕСТ БАНК,ПРОМИСЛОВО-ФІНАНСОВИЙ БАНК,КОНКОРД,КОМЕРЦІЙНИЙ ІНДУСТРІАЛЬНИЙ БАНК,ОКСІ БАНК,СТОЛИЧНИЙ,ТММ-БАНК,ПРАЙМ-БАНК,ДІАЛОГБАНК,ОЛІМПІЙСЬКА УКРАЇНА,ЄВРОБАНК,УНIКОМБАНК,"""ПРИЧОРНОМОР'Я""",МОТОР-БАНК,СХІДНО-ПРОМИСЛОВИЙ БАНК,ВЕЛЕС,РАДАБАНК,ЄВРОПРОМБАНК,МІЖНАРОДНИЙ ІНВЕСТИЦІЙНИЙ БАНК,УКРБУДІНВЕСТБАНК,БАНК ФАМІЛЬНИЙ,УКРАЇНСЬКИЙ БАНК РЕКОНСТР.ТА РОЗВ.,НК БАНК,КРЕДИТ ОПТИМА БАНК,АСВІО БАНК,БАНК АЛЬЯНС,КЛАСИКБАНК,ДІАПАЗОН-МАКСИМУМ БАНК,АВАНТ-БАНК,БАНК 3/4,ВСЕУКРАЇНСЬКИЙ БАНК РОЗВИТКУ,КРЕДІ АГРІКОЛЬ БАНК,ЄКАТЕРИНОСЛАВСЬКИЙ КОМЕРЦІЙНИЙ БАНК,СКАЙ БАНК,ДОЙЧЕ БАНК ДБУ,ПРОФІНБАНК,АПЕКС-БАНК,МІСЬКИЙ КОМЕРЦІЙНИЙ БАНК,РАДИКАЛ БАНК,ГРІН БАНК,ЦЕНТР,МТБ БАНК,БАНК РИНКОВІ ТЕХНОЛОГІЇ,ТАСКОМБАНК,БАНК ПЕРШИЙ,А - БАНК,БАНК ВОСТОК,ДІВІ БАНК,БАНК СІЧ,ЮНЕКС БАНК,ІНТЕРКРЕДИТБАНК,МЕЛІОР БАНК,БАНК СОФІЙСЬКИЙ,ФІНАНСОВИЙ ПАРТНЕР,АЛЬПАРІ БАНК,БАНК ЮНІСОН,ФІДОКОМБАНК,МЕГА БАНК,БАНК МИХАЙЛІВСЬКИЙ,БАНК АВАНГАРД,ЮНІОН СТАНДАРД БАНК,ВЕРНУМ БАНК,КСГ БАНК,БАНК ПОРТАЛ,ДЕРЖЗЕМБАНК,ГЕФЕСТ,ВЕКТОР БАНК,БАНК ФОРВАРД,КРИСТАЛБАНК,СМАРТБАНК,РВС БАНК,ІНГ БАНК УКРАЇНА,ІНВЕСТБАНК,ПФБ,КОМІНБАНК
2018-02-01,1136167.0962,547027.82323,481071.87548,291695.92044,243775.16567,33977.03844,92787.50111,208982.32259,287774.83929,,-23267.0056,,303042.42561,,,,243553.79136,,,,95456.64559,,,44012.05284,,29224.06618,,105498.93187,,241295.75091,,,263153.02396,98683.00093,,24613.9474,,5631.9144,,10858.7854,4169.01707000001,32909.95875,88620.66553,10517.57434,1419.20128,17569.45169,19750.36214,8704.37754,7681.62281,,,,,4616.15494,,,,5507.78396,,,,3607.60696,,,,,,,,3087.3296,,,14599.81433,,,11803.27559,,,,8777.56229,,,,,,,,6724.18588,,,,,,,,,5879.1921,,,3894.83778,5272.16233,,120190.3459,,,1485.86322,,,,4289.61874,,,5563.87993,,,,11964.80481,,,,,,,,,,,,,,,,,2952.77582,,,,3534.5256,,8631.42694,,5706.29403,3917.53925,2375.20395,,,,,,,,,7234.86932,,,9234.41477,9059.99797,14580.04861,4612.25183,1867.72585,1516.85096,,,8961.32515,6986.24555,,,,6827.00538,,180083.00318,,698.89016,11203.58194,,,,,,3893.28567,15033.78956,,93131.52605,,85561.20422,49523.49586,3424.27882,2593.8737,,,,,,2425.82856,6617.32895,,,,8064.84325,,3809.55585,,3876.45488,,,,26574.50145,9945.27673,,787.30218,70158.37951,,,
2018-03-01,2029725.7314,1051095.35014,931918.65689,557451.28149,413986.98546,60799.62939,193418.02365,386192.84689,559139.77732,,-40629.84638,,586315.21798,,,,492884.63954,,,,175565.67689,,,82144.35165,,56570.3063,,189260.05873,,515249.26805,,,484578.71889,194918.00496,,47814.43937,,10944.14679,,20764.64266,19426.84372,37949.15359,168076.80375,19132.71095,26672.65965,35565.52013,37061.54155,15560.0925,13544.39323,,,,,8565.51242,,,,10880.88956,,,,6188.41353,,,,,,,,7713.65573,,,29895.22857,,,19738.67666,,,,19722.20418,,,,,,,,13562.7677,,,,,,,,,11123.69317,,,7497.88715,10942.9748,,201778.152,,,2852.09686,,,,7936.81691,,,9457.4633,,,,22532.4337,,,,,,,,,,,,,,,,,5525.56641,,,,6754.04583,,16320.68964,,14968.09035,8358.56881,4386.00961,,,,,,,,,12399.66472,,,17769.55553,15992.07802,25509.31088,10010.37529,3532.82208,3022.5586,,,17694.35691,14372.89837,,,,12916.31965,,360717.25419,,1693.42563,21065.88016,,,,,,8368.70074,29394.44844,,170035.16249,,219758.02629,96111.60362,6440.79876,5836.82443,,,,,,4732.91393,12267.54932,,,,15470.90531,,6860.26542,,7043.00419,,,,40207.10057,20549.50562,,1621.01412,138515.60385,,,
2018-04-01,3227573.87537,1639393.94693,1492319.96383,851321.30716,588351.72382,110037.58989,303423.11723,584507.30913,846836.25772,,-61933.5667,,905576.1271,,,,770066.57293,,,,269669.92782,,,121298.98766,,87189.29871,,294476.80539,,746827.29588,,,722254.07777,311620.16661,,102710.29444,,17598.62636,,31248.60784,40229.30808,45032.31544,256237.55551,30982.09805,29319.72972,53085.83394,55385.51189,20951.2495,20711.60866,,,,,3212330.44926,,,,17314.78153,,,,10728.486,,,,,,,,11144.32477,,,43604.8843,,,31517.64571,,,,29523.12834,,,,,,,,21274.18018,,,,,,,,,16184.55899,,,11699.9921,17051.00282,,291748.93863,,,4585.4815,,,,12683.41297,,,14366.93735,,,,34795.37204,,,,,,,,,,,,,,,,,8604.80942,,,,10777.75265,,24939.44036,,21980.4451,13734.59053,6309.52222,,,,,,,,,17467.12222,,,27716.30973,38320.24653,56060.71472,15611.1794,5513.03481,4714.34964,,,26632.52539,26778.37451,,,,20558.76947,,532854.086,,1985.34766,31712.1014,,,,,,9600.24486,44375.46049,,258740.95351,,459767.98579,144459.95877,9788.24086,8586.02828,,,,,,7395.14796,18242.92224,,,,25876.84335,,10462.12106,,11103.26976,,,,45386.62813,28355.89105,,2605.01127,219800.14774,,,
2018-05-01,4295091.46836,2205398.57336,2037362.29008,1144035.29454,754367.50851,216287.09833,466656.03373,810223.40603,1129524.04604,,-80398.42484,,1213176.86861,,,,1044129.54528,,,,328655.41175,,,162428.90224,,118555.78575,,393745.52694,,997036.34582,,,950338.69453,424581.63707,,81152.55257,,24369.10649,,41941.77555,55723.37237,49285.80506,339144.32483,44423.97252,31662.21062,71282.93425,72347.35218,23335.02546,27009.12617,,,,,4124137.23562,,,,24275.96792,,,,14189.14419,,,,,,,,14230.69021,,,54419.43195,,,37874.74701,,,,40417.11706,,,,,,,,28202.69686,,,,,,,,,20982.49202,,,15044.72592,23684.87482,,396486.60521,,,6255.40688,,,,16540.15362,,,18573.09218,,,,46649.51374,,,,,,,,,,,,,,,,,11957.63406,,,,14789.569,,34575.82893,,26905.51936,19263.23799,8303.18806,,,,,,,,,22954.47048,,,37837.92193,45631.62176,71120.90914,20540.16743,7338.19319,6425.96921,,,34919.54061,36448.86032,,,,27539.92512,,701238.326,,2501.63189,42470.86403,,,,,,12775.33483,58724.27365,,345483.0011,,555417.81045,190909.82055,13243.53281,11793.74821,,,,,,9987.00663,23892.87326,,,,34712.04258,,13465.22427,,15083.85126,,,,57633.69625,37583.16089,,3673.24649,300675.49884,,,
2018-06-01,5489553.90814,2804684.76982,2634037.78628,1451401.58917,885198.718979999,342496.2899,559744.2321,1035654.86001,1460702.41047,,-95641.11985,,1516545.49396,,,,1332225.74803,,,,420925.54647,,,204374.66623,,151248.78624,,499358.24369,,1240620.02487,,,1171892.25601,543219.97769,,111322.10323,,31191.5626,,52990.71759,70016.71702,55378.59334,428679.04898,60183.30605,29237.99319,90478.89332,89659.39358,25781.70052,34210.73973,,,,,5134425.37451,,,,30963.91526,,,,17893.0939,,,,,,,,16748.84122,,,65106.21458,,,44034.01638,,,,51190.98244,,,,,,,,35584.35548,,,,,,,,,26273.18463,,,19214.37837,30982.03959,,508805.02602,,,7952.49331,,,,20132.99632,,,23401.26944,,,,59202.99096,,,,,,,,,,,,,,,,,15414.16656,,,,19184.22082,,43350.17721,,29408.25299,25663.48028,10269.72984,,,,,,,,,29644.59303,,,48377.8637,51243.66129,84802.33471,26226.42538,9353.67674,8210.95024,,,43271.18516,47114.73031,,,,34525.26182,,880178.15291,,2794.70972,53843.56131,,,,,,16141.58203,74300.79894,,430473.96879,,662844.86805,238085.84179,16444.7422,15170.73063,,,,,,12646.02739,29959.1041,,,,44266.65608,,16179.51037,,19514.09797,,,,67601.78044,45691.35201,,4558.46147,385035.76234,,,
2018-07-01,7038036.99182,3408393.77821,1901770.2844,1762563.11305,1120447.53746,525507.73737,652060.69812,1266314.02476,1720318.55519,,-104574.71299,,1862879.87746,,,,1611812.20976,,,,497610.78731,,,187112.87525,,183423.28332,,604264.74852,,46346.17831,,,1394826.6618,657974.30696,,136566.94641,,37968.55284,,64117.16612,85181.40325,62862.45153,517005.83081,76871.90575,29402.50477,109096.75376,106631.45267,28466.67424,39161.53689,,,,,5885009.31728,,,,37022.60285,,,,21534.46717,,,,,,,,20179.37435,,,75306.90161,,,47867.3007,,,,62812.02042,,,,,,,,43690.56217,,,,,,,,,32201.09647,,,22819.56447,39856.74605,,554558.72787,,,9581.86309,,,,23587.31337,,,27782.08085,,,,70138.51293,,,,,,,,,,,,,,,,,18418.91671,,,,24015.57611,,52585.69942,,35738.28942,31960.73241,12243.80272,,,,,,,,,35767.78299,,,59280.04058,56085.19636,93988.4803500001,32079.33035,12775.67776,10117.72738,,,51174.65419,57893.69896,,,,40932.94144,,1064508.99816,,3589.67511,64175.29678,,,,,,19331.37912,92498.89377,,516623.79729,,540392.08049,283865.81997,19505.50108,19051.12118,,,,,,15277.82089,,,,,57533.16716,,18677.95296,,23877.60261,,,,78971.80407,53209.80786,,5935.97496,463258.69658,,,
2018-08-01,8368825.83612,4038221.81002,2501869.61227,2088594.71404,1303423.28385,561307.02579,736808.63775,1520590.80787,2018865.19335,,-123600.76152,,2226558.13143,,,,1891508.14199,,,,581959.87705,,,224594.4024,,217631.51168,,720721.01155,,51812.84338,,,1618975.04414,778116.60712,,166562.67094,,44926.3416,,75734.305,107201.32792,68485.56901,608504.16843,96485.72608,30413.95877,129069.85552,125022.80538,30971.24498,44264.78771,,,,,6986626.79045,,,,44759.51657,,,,25604.46804,,,,,,,,23496.60067,,,84156.92672,,,50303.85829,,,,74173.59076,,,,,,,,53435.31679,,,,,,,,,38756.85878,,,27549.73305,49064.38109,,687011.13787,,,11484.29766,,,,26998.28785,,,32777.73788,,,,82049.15048,,,,,,,,,,,,,,,,,21601.54066,,,,30113.95138,,62212.00315,,43247.14826,37880.42344,14193.66414,,,,,,,,,42967.46114,,,69936.03037,60506.45532,103165.30965,37356.5123,14899.80736,12046.0921,,,59498.16601,68900.09821,,,,47326.74725,,1246663.10058,,4081.11098,74467.64181,,,,,,22988.25865,110887.04704,,610845.41108,,651431.91641,333733.434,22646.00713,21979.36586,,,,,,18472.41479,,,,,72904.96981,,21256.21802,,28409.9427,,,,92169.99614,61995.07299,,7793.61184,544491.34449,,,
2018-09-01,9258530.17768,4656623.09034,3031918.03209,2428857.01271,1503731.68635,672011.57355,830451.92042,1774987.43531,2341761.83957,,-138693.57835,,2601435.19719,,,,2117770.89946,,,,739627.51394,,,264022.38544,,251724.36774,,841079.2861,,53295.2622,,,1834531.46539,907096.4358,,193139.195,,52385.57622,,87534.01901,124064.50317,73783.25937,698586.74518,112838.42467,28754.96087,148985.17779,144187.81888,33657.1233,49903.95568,,,,,8112894.84135,,,,52208.23702,,,,29784.45242,,,,,,,,28847.06515,,,93308.02321,,,52425.85586,,,,86392.39451,,,,,,,,62372.28456,,,,,,,,,45755.52169,,,31724.57565,58818.86399,,803500.36789,,,13435.05951,,,,29799.14761,,,37249.42459,,,,93847.13369,,,,,,,,,,,,,,,,,24945.65677,,,,36360.99628,,71971.08578,,50446.16272,43002.65614,16158.70997,,,,,,,,,49816.03482,,,81407.72963,64971.08428,114635.05234,42627.58586,17030.94712,14088.68339,,,67772.17289,81109.83061,,,,53381.9491,,1444099.19077,,4817.09232,85106.44057,,,,,,26271.30121,135220.6731,,695650.54393,,734048.31096,389373.97787,,24738.84145,,,,,,21813.16021,,,,,87934.83427,,23234.24792,,33013.14727,,,,111308.52949,70439.60122,,9673.79729,626583.21366,,,
2018-10-01,10685208.33609,5254594.263,3318126.53258,2773247.51141,1694667.48403,747340.26434,919517.21632,2040070.54787,2671780.20539,,-155658.74818,,2964465.54853,,,,2375240.77974,,,,838392.44408,,,307242.20837,,284903.17908,,958233.99485,,53556.71258,,,2062066.68336,1039236.59265,,219768.38474,,61193.97867,,100815.42982,138937.33606,79572.89606,788523.27816,130634.36527,25327.72726,167338.91614,162164.38127,36056.66961,55254.40361,,,,,9169939.07697,,,,58986.32341,,,,34277.59444,,,,,,,,33162.47066,,,102630.57213,,,60157.47934,,,,98959.38202,,,,,,,,69978.50566,,,,,,,,,52413.00327,,,35560.14577,69182.28233,,914139.78646,,,15058.53167,,,,34005.7787,,,41903.93648,,,,105463.47334,,,,,,,,,,,,,,,,,28300.89368,,,,44694.90409,,81269.4116,,57321.88761,47854.62874,18097.38441,,,,,,,,,55620.26612,,,93353.71691,69471.70807,123910.74044,47895.06521,19174.51673,16087.48365,,,75976.52922,93248.08051,,,,58522.55662,,1628651.07459,,5461.67228,96090.20715,,,,,,29086.31356,160196.0441,,775506.56208,,807405.89939,435267.04826,,27001.74898,,,,,,24948.66319,,,,,99813.67789,,25007.81928,,37026.49597,,,,131233.90575,80438.14295,,12698.63622,715678.96647,,,
2018-11-01,12052928.51603,5882340.23287,3616187.34824,3136656.98983,1845497.45656,845029.79909,1008746.74946,2328892.68007,3044018.5849,,-162866.12043,,3333444.63586,,,,2682179.88629,,,,952826.83389,,,353596.76907,,320148.92222,,1069577.5732,,53789.79023,,,2310809.36029,1178960.17228,,248817.36597,,70585.94875,,114306.86928,148688.58781,87424.23374,886124.28758,147573.04155,26106.37394,,181310.27435,38384.58165,61085.61412,,,,,10139515.50335,,,,66791.2242,,,,38600.17939,,,,,,,,37591.53156,,,112873.83854,,,62502.4324,,,,111862.03918,,,,,,,,78337.7464,,,,,,,,,60178.09502,,,40188.45333,79737.81804,,1031381.56231,,,16962.7386,,,,39230.61971,,,46409.03296,,,,117713.90584,,,,,,,,,,,,,,,,,31774.50055,,,,52527.84031,,91225.40789,,63911.43492,53305.59871,20096.80004,,,,,,,,,63207.74283,,,106107.39841,74164.68642,129577.76737,53004.3947,21467.88117,18152.91442,,,84713.99782,105892.22383,,,,64106.80535,,1831265.90809,,5253.52744,108668.34562,,,,,,54103.69995,211519.81866,,879083.49588,,938147.84618,479427.17798,,29176.04541,,,,,,28203.16738,,,,,108644.12863,,26863.71507,,41753.91065,,,,153062.36825,93225.52564,,14679.18312,811037.6497,,,
2018-12-01,14915366.57757,6453949.92151,3951682.36135,3492757.33151,2025972.99711,918643.46891,1085810.24433,2609898.46862,3413091.67197,,-164077.48647,,3697394.95844,,,,2986080.36639,,,,1042403.60783,,,404767.55655,,355400.2711,,1185310.33759,,112341.0877,,,2545406.75142,1316991.21362,,275158.107,,78950.01124,,126523.05446,164766.40258,94383.78711,980471.47405,166642.12248,,,199404.03069,40706.24912,67934.59106,,,,,11236437.20113,,,,74115.86699,,,,42961.45299,,,,,,,,41587.87196,,,122815.49944,,,66622.3215,,,,124158.71687,,,,,,,,86176.76107,,,,,,,,,67858.95673,,,44629.47073,88822.37621,,1146419.08095,,,22525.0142,,,,44534.90115,,,50379.61884,,,,129450.61815,,,,,,,,,,,,,,,,,34868.29849,,,,60590.09976,,100433.39233,,69760.42653,59289.44592,21754.57868,,,,,,,,,69774.52716,,,118761.74073,78784.62543,138919.13331,57665.40842,23707.32584,20270.34174,,,92869.31381,117431.61017,,,,71119.38965,,2035283.831,,5160.01609,121627.40459,,,,,,57727.61425,234162.51759,,975746.98831,,1055718.79036,528550.83084,,31343.22861,,,,,,31368.49529,,,,,115201.51614,,27932.79349,,46049.61806,,,,174449.59048,105116.34628,,15585.85375,907557.77575,,,
2019-01-01,16767464.776,7050561.18823,5450245.34011,3881001.63165,2245582.22237,1057720.87945,1602843.14213,2907027.97698,3778100.21447,,,,4123490.04156,,,,3210922.49345,,,,1143889.82582,,,462450.14647,,392564.65901,,1304456.7894,,68654.24561,,,2781638.39231,1494403.75885,,302263.00919,,88826.91597,,139370.45487,196842.23521,104527.61107,1049921.10342,174159.90995,,,220560.68734,35035.31541,74581.2908,,,,,12486456.94129,,,,82913.56388,,,,47742.8483,,,,,,,,46649.38313,,,133463.71228,,,55635.17788,,,,139558.42804,,,,,,,,95042.44256,,,,,,,,,75934.30848,,,51408.19934,99748.34814,,1264667.30693,,,23866.45598,,,,50524.54398,,,53882.68434,,,,141898.34882,,,,,,,,,,,,,,,,,38102.95694,,,,71176.04514,,109495.00818,,77382.0092,65739.70397,23610.53914,,,,,,,,,77309.03081,,,132804.15179,83413.83727,151953.79011,63133.43872,24681.04598,22471.79258,,,100683.63126,129240.53982,,,,79799.99489,,2329614.88125,,5099.65205,136401.59306,,,,,,61628.71663,257806.31987,,1101142.15028,,1201335.02483,571973.71694,,33860.34395,,,,,,34626.65962,,,,,123103.04351,,29263.47646,,50436.84582,,,,194699.70193,117733.02871,,16729.78958,1015822.08739,,,
2019-02-01,1709657.74538,602828.20422,751118.00078,396291.1033,121314.93322,67975.8775,40282.5431,320930.14176,372842.67123,,,,370678.52798,,,,300529.6638,,,,124181.54616,,,62079.63729,,36270.13682,,123087.00712,,178.10735,,,234567.28504,176668.7128,,28286.74534,,10099.23152,,13447.03956,23622.75515,7684.79198,101862.97571,11213.22112,,,19854.75012,2476.45121,6038.32298,,,,,1146863.12463,,,,8271.01622,,,,5313.65493,,,,,,,,3648.66522,,,10325.87285,,,194.81925,,,,11408.63642,,,,,,,,10511.66897,,,,,,,,,9093.06595,,,5191.82554,10654.49921,,120132.56303,,,1500.48016,,,,6179.52575,,,4086.45935,,,,11794.71544,,,,,,,,,,,,,,,,,3286.39456,,,,10943.51903,,9486.87976,,7667.34852,7406.38426,1837.02987,,,,,,,,,7139.3725,,,12051.52723,5265.30938,14750.42607,5148.73998,2723.50122,2063.18786,,,7463.31699,12189.30483,,,,8612.53328,,209025.80414,,199.24469,15393.32504,,,,,,3507.55843,24382.72646,,103218.8926,,83247.9453,53567.14051,,1879.21731,,,,,,3302.09094,,,,,6877.5591,,1222.32471,,4203.05644,,,,23121.95966,10875.73217,,1566.71105,101609.79222,,,
2019-03-01,3163425.54223,1148931.91825,2519362.82057,737316.04622,244260.92899,148503.7792,109622.75088,609656.78159,699562.07217,,,,789693.43906,,,,502500.17538,,,,241579.93323,,,122448.64988,,67518.34086,,232610.12058,,718.22891,,,451176.25454,321954.50246,,56376.34997,,19489.94852,,25287.94305,38951.71592,17468.90764,188542.31441,23800.83715,,,38243.73732,4795.76291,10899.30109,,,,,2263356.28728,,,,15757.14805,,,,9064.23137,,,,,,,,6369.1799,,,21068.70414,,,-1181.57533,,,,24880.44303,,,,,,,,19956.32201,,,,,,,,,16897.84223,,,9900.58434,19352.50865,,232709.14883,,,3628.64759,,,,11071.45719,,,5600.38617,,,,21408.831,,,,,,,,,,,,,,,,,6261.95595,,,,20426.91733,,17624.40423,,14916.70903,13604.24217,3320.58533,,,,,,,,,13490.33469,,,22189.59433,10152.13178,23656.26175,9682.55108,4894.20204,4028.32602,,,14140.91074,22431.21638,,,,15226.85903,,404519.85677,,56.2125399999995,26396.2941,,,,,,6484.11931,47331.24409,,199939.06049,,154432.44038,97667.117,,3616.95911,,,,,,6161.33648,,,,,12078.21814,,2276.28579,,8218.88946,,,,46373.94139,21132.45432,,2919.40463,190327.92744,,,
2019-04-01,4897292.67787,1740504.38071,1598882.07833,1101609.06421,355428.05568,190489.10563,163192.66395,903921.15568,1019275.74499,,,,1205935.289,,,,723633.95005,,,,342212.95884,,,190895.32872,,99652.74896,,351980.52399,,1156.23545,,,683560.36937,477285.91553,,84765.93308,,29713.43703,,37008.5941,46210.44667,27761.91751,284534.82521,38668.44449,,,55195.20215,7236.97886,17152.61532,,,,,3448635.240350001,,,,25168.06863,,,,13033.98783,,,,,,,,9790.80823,,,32754.04581,,,-3777.05255,,,,37202.44833,,,,,,,,29947.03152,,,,,,,,,24937.12164,,,14224.04996,29029.15264,,360290.76288,,,5146.43799,,,,16051.26042,,,8485.82924,,,,32402.3637,,,,,,,,,,,,,,,,,9558.30111,,,,31051.74985,,26605.49964,,21802.48024,20708.23263,5309.65723,,,,,,,,,20014.31876,,,33159.53786,15356.78976,32354.83512,14442.16858,7456.75939,6161.80014,,,21445.65005,36030.89506,,,,22932.48818,,607413.69927,,319.68557,37756.5978,,,,,,9961.3278,67082.31459,,303254.35479,,281103.76595,147430.49191,,5950.88634,,,,,,9318.90737,,,,,19707.52348,,3427.00033,,12723.9578,,,,63149.20751,32543.98065,,4702.17901,278843.92019,,,
2019-05-01,6497732.4106,2334768.0544,2098837.452,1465393.5454,474086.85951,259550.00997,229808.76991,1191276.06446,1333664.57462,,,,1618668.95057,,,,1001932.88273,,,,429996.67244,,,269677.43457,,133800.54244,,467943.28453,,1156.23545,,,903145.03663,635966.18592,,114852.03158,,,,47636.03218,54471.66419,40164.34309,388593.50313,46592.63556,,,72869.30406,9633.70068,23380.38279,,,,,4621368.0182,,,,33898.18815,,,,17124.3007,,,,,,,,13645.47092,,,44404.57607,,,-6807.09671999999,,,,51042.79927,,,,,,,,38985.83081,,,,,,,,,33842.92686,,,18392.36266,38956.0245,,487608.05046,,,6505.01225,,,,21226.2769,,,12547.7988,,,,43510.10245,,,,,,,,,,,,,,,,,12729.74858,,,,42164.46694,,35728.42573,,28501.33699,28252.40184,6776.22113,,,,,,,,,26404.81523,,,44790.54443,20738.02677,44761.7036,18707.78792,9891.60286,8188.41752,,,28857.90324,48189.42067,,,,30545.40573,,810451.33873,,1051.76576,51996.45076,,,,,,13517.23068,89647.60403,,408790.30097,,383918.82569,205765.47869,,8800.92402,40136.86873,,,,,12342.38332,,,,,28059.19441,,4409.36376,,16925.30971,,,,83886.82474,42948.49335,,6289.33135,366093.10348,,,
2019-06-01,8209241.13312,2950551.17512,2533986.02987,1847499.16519,646950.4989,302083.19162,301534.67742,1500230.71045,1669718.19356,,,,2031541.75084,,,,1278781.35673,,,,533670.70202,,,357937.80436,,166409.22653,,581848.8268,,,,,1140076.64019,805669.79597,,145753.85459,,,,59016.51821,67692.03594,51474.55965,496948.6423,54843.5227199999,,,91860.24213,12153.45567,29944.24458,,,,,5838983.66842,,,,42452.91953,,,,21409.69486,,,,,,,,16251.69972,,,56543.24881,,,-9121.73992000001,,,,63688.78965,,,,,,,,48606.98851,,,,,,,,,43377.68747,,,23677.45563,49545.72256,,623611.96263,,,7931.78671,,,,26807.2203,,,13632.77055,,,,55125.28481,,,,,,,,,,,,,,,,,15869.45732,,,,53228.0983,,45172.19722,,34104.51419,36262.31219,8481.39159,,,,,,,,,34709.28429,,,56700.83372,26356.56993,61631.16138,23228.02812,12519.97352,10218.82271,,,36911.54613,61184.88764,,,,38688.61297,,1011571.67167,,994.55509,62387.39291,,,,,,17272.83418,110933.72168,,535552.97019,,486192.82626,257664.94592,,11474.67025,48953.17611,,,,,15334.8057,,,,,36361.23055,,,,21407.21018,,,,106880.09425,54973.34675,,7590.57604,450518.80735,,,
2019-07-01,9825782.57434,3532389.43716,2942765.73528,2196428.85757,1003258.08307,331769.92253,367031.49691,1786229.34586,2006728.1371,,,,2453725.67165,,,,1530684.5136,,,,618902.104,,,452966.68654,,199709.72703,,707179.26951,,,,,1367683.40676,968717.6551,,167455.49717,,,,70796.68531,80383.58302,62427.53074,598912.82827,68258.68852,,,110683.41464,14614.29051,35983.97049,,,,,7035470.84217,,,,49718.2174,,,,25234.31551,,,,,,,,19135.02176,,,68194.43025,,,-13738.98515,,,,77700.65719,,,,,,,,57075.94466,,,,,,,,,52742.28772,,,27961.19834,60597.663,,756918.53223,,,9325.76078,,,,31871.9462,,,16320.37109,,,,65656.28405,,,,,,,,,,,,,,,,,19080.49611,,,,61016.59144,,54797.23852,,39806.6556,43384.83008,10171.65244,,,,,,,,,41158.29484,,,68536.71578,31938.56007,74532.62267,27759.77248,14928.1862,12271.30368,,,44446.84547,75509.50306,,,,45507.181,,1198207.94816,,3895.7435,72800.17978,,,,,,20804.28124,133218.00425,,651698.81887,,589738.64752,310520.63296,,14223.0557,57811.87984,,,,,18288.68619,,,,,44512.79916,,,,25615.66297,,,,127950.85332,67475.9701,,9481.41391,526102.10299,,,
2019-08-01,11462001.5404,4134605.45309,3395772.03686,2547537.11167,1319092.43325,363297.4939,427470.13802,2089266.2538,2325485.23147,,,,2951150.52904,,,,1775439.52615,,,,720403.12415,,,559726.318,,233894.30501,,835968.65393,,,,,1612556.48442,1132721.26571,,195834.47053,,,,82339.69398,101340.03053,70531.76723,721969.59165,77675.4558,,,130320.4743,17240.95964,41950.5018,,,,,8368487.39238,,,,57992.35744,,,,29116.47076,,,,,,,,18817.52259,,,79882.99369,,,-16993.82255,,,,91599.40837,,,,,,,,65577.87612,,,,,,,,,63255.12357,,,33997.37242,75554.63372,,901014.65544,,,10764.43981,,,,36998.57112,,,18993.65243,,,,76825.01126,,,,,,,,,,,,,,,,,22769.12083,,,,72778.45992,,64246.40002,,45503.71676,51530.06567,11678.00259,,,,,,,,,49073.37065,,,81416.97903,37901.01186,84763.11726,32197.53458,17471.50595,14356.61383,,,52080.28005,89858.60679,,,,52959.19724,,1394550.14251,,4928.52397,84741.16725,,,,,,24265.20781,155060.78412,,767901.35444,,706894.02009,370486.35944,,15981.84879,65178.16869,,,,,21291.08825,,,,,51662.53073,,,,30295.88509,,,,151526.99119,77420.30366,,10732.86786,615441.30378,,,
2019-09-01,13097892.02112,4738678.86515,3730328.46449,2889990.6908,1534262.69953,324196.39333,599823.73034,2379967.92311,2646800.7571799997,,,,3426528.76364,,,,2026823.05907,,,,814150.7719,,,678035.62599,,267133.17633000005,,967542.04584,,,,,1836927.01539,1281779.20242,,220762.49514,,,,93287.27214,122317.01833,79333.03072,840723.49251,84853.52335,,,149194.61643,20060.26212,48302.676490000005,,,,,9720589.297050005,,,,66717.49979,,,,33269.335230000004,,,,,,,,15516.88928,,,92360.38234,,,-20148.54735,,,,105336.01599,,,,,,,,73988.48843,,,,,,,,,74406.75944000001,,,39402.5551,90055.59466,,1033908.06472,,,12214.2956,,,,41641.25347,,,25989.31598,,,,88227.19490999999,,,,,,,,,,,,,,,,,26144.53545,,,,85458.30001,,73676.79902,,53005.17949,59890.374039999995,13108.75263,,,,,,,,,55727.111229999995,,,94066.80481,43617.67299,100045.98224,35675.575469999996,19917.97234,16356.82517,,,59884.29903,103332.45921,,,,60095.99959,,1585898.22571,,5351.333280000001,95212.76953,,,,,,27714.0521,177677.41372,,885010.61583,,862590.26692,425022.53152,,18715.63079,72390.94804,,,,,24412.86953,,,,,58373.93641,,,,34996.740119999995,,,,174628.24388000002,87573.6921,,12026.26538,685532.2731400001,,,
2019-10-01,14681270.89343,5314578.81412,4185238.3559,3246510.33957,1730092.05366,381628.1495399999,656190.42928,2672214.5226100003,2998231.74963,,,,3882568.28854,,,,2314325.5341499997,,,,906628.28696,,,802489.80753,,299122.94937,,1092827.29843,,,,,2068588.88161,1436253.41377,,245794.35332,,,,103289.85459,143898.50096,87570.00370999999,952414.18683,96980.91359,,,167280.99177999998,22828.80752,54734.40579,,,,,11024466.12303,,,,75507.04495,,,,37121.49211,,,,,,,,17668.0824,,,105326.13376,,,-23244.08299,,,,118761.31522,,,,,,,,81528.96861000001,,,,,,,,,86603.38455,,,45325.20464,105055.95596,,1175402.84815,,,13524.09458,,,,45464.9057,,,28247.23158,,,,99456.35613,,,,,,,,,,,,,,,,,29394.07231,,,,98755.26038,,82884.02648999999,,58982.381680000006,68180.11466,14647.8239,,,,,,,,,62887.40865,,,105973.13702,49010.559389999995,111623.83405,40201.75111,22330.16683,18168.502709999997,,,67435.79522,115164.59852,,,,66976.90157,,1787490.11,,8118.19015,105229.35785,,,,,,30892.54946,209499.43376,,993741.63622,,984994.9215,477380.67754,,22733.24627,79926.19994,,,,,27138.61106,,,,,63926.734260000005,,,,39458.11555,,,,197399.41402,98428.44129,,13507.67422,756339.61852,,,
2019-11-01,16311268.74394,5931546.278879999,4634683.25003,3577291.10248,1992708.02087,,766729.33178,2999212.1325399997,3362758.23699,,,,4391782.8276700005,,,,2590229.88285,,,,996357.25239,,,937439.73554,,331813.75976,,1223532.33511,,,,,2296856.2427000003,1603729.94969,,272808.30605,,,,113303.58862,169909.20869,95611.14729,1071175.0370699998,107134.65592,,,185813.96021,25677.884899999997,61735.92413,,,,,12446603.827999998,,,,84663.14308,,,,40910.952979999995,,,,,,,,20968.90433,,,118867.00802,,,-26627.50726,,,,132468.041,,,,,,,,88987.59848,,,,,,,,,99933.72327,,,50745.319,118498.74997,,1323385.66226,,,14919.50081,,,,49143.60926,,,30983.76652,,,,111140.76032,,,,,,,,,,,,,,,,,32967.66928,,,,113851.38499,,92844.68424,,65316.487519999995,76846.30021,15903.48139,,,,,,,,,69979.61054,,,118459.06094,54545.42301,123258.6967,45092.569930000005,24556.59318,20035.93433,,,75024.42375,126038.07641,,,,74425.70984,,1999951.04509,,8454.577000000001,116308.66153,,,,,,35281.039450000004,239980.42484,,1112939.19382,,1144548.68941,530406.12601,,29286.23692,88334.12577,,,,,30123.87879,,,,,70339.51049,,,,43880.335,,,,219315.69741,108286.46039,,15516.64761,833032.3870400001,,,
2019-12-01,17976361.49386,6532498.06403,5063294.241339999,3901660.2866,2187156.91326,,825045.1638,3312289.36348,3738210.33315,,,,4899445.40333,,,,2902196.61704,,,,1087892.94877,,,1076942.62181,,363105.7836,,1354516.26587,,,,,2413239.6558,1755095.23682,,298544.83957999997,,,,122534.57728,195424.40431,105411.32987,1188867.0388,115657.86236,,,203563.54582,28245.448549999997,69600.42094000001,,,,,13843831.39506,,,,92454.78616,,,,44646.82375,,,,,,,,22664.13277,,,132645.31069,,,-29071.84721,,,,146743.51246,,,,,,,,96270.25734,,,,,,,,,112908.66692,,,56092.05428,132338.65326,,1463130.2123200002,,,16359.486919999998,,,,52274.875049999995,,,33022.42227,,,,122418.11434,,,,,,,,,,,,,,,,,36829.25857,,,,126643.40835,,102644.5341,,71205.43075,84851.33690000001,17104.62654,,,,,,,,,76212.41433,,,130648.90195,59776.65478,136697.10467,49528.45898,26807.02799,21783.60407,,,82111.22454,135817.3604,,,,81889.1579,,2209143.91236,,8199.16755,126254.1615,,,,,,38618.46126,264064.86347,,1219274.62616,,1306887.88428,581574.6749999999,,36426.273,96541.65148,,,,,32901.73767,,,,,75588.82010000001,,,,48129.66799,,,,240477.64808,116333.93336,,18360.28938,912828.06287,,,
2020-01-01,19666809.25846,7173438.23822,5491640.16971,4230761.48906,1770932.83507,,924467.53121,3647214.92132,3976594.05943,,,,5292099.6725200005,,,,2739886.5457900004,,,,1199848.98946,,,1226568.08383,,393880.49115,,1490852.54644,,,,,2822710.6641599997,1921891.32294,,334414.55276,,,,132012.85154,221619.80264,118175.23579,1295567.45453,113915.83845,,,225376.74817,30958.76721,76525.72714,,,,,15201633.489969997,,,,100554.04216,,,,49214.91305,,,,,,,,24736.76301,,,146059.28790999998,,,-30576.51568,,,,163299.51421000002,,,,,,,,104108.19537,,,,,,,,,127044.20336,,,61815.24264,148700.36217,,1610031.3443699998,,,18129.34148,,,,59630.93023,,,31587.971459999997,,,,134256.88423,,,,,,,,,,,,,,,,,40522.601350000004,,,,141430.23278000002,,113174.2066,,77105.25605,93996.265,18815.28673,,,,,,,,,83244.14521,,,143739.30462,65216.10517,147478.88692999998,54671.32335,27729.44714,23504.66379,,,84636.72197,151901.17038,,,,89229.26221,,2531153.4882300003,,9028.50002,136004.50673,,,,,,41901.935379999995,288808.50878000003,,1337138.57747,,1443184.61692,655116.1447299999,,44146.44714,106032.98947,,,,,35820.77577,,,,,80725.26121999999,,,,52941.1866,,,,262707.93081,124960.8678,,29396.11097,983699.11033,,,
2020-02-01,1796027.70291,634564.1428400001,525191.98071,332986.52843,160597.10318,,35594.99768,312618.2084,416720.89793,,,,580411.4127100001,,,,307893.17125,,,,106440.83899,,,176042.49958,,30177.23019,,141900.64459,,,,,186043.83419,197901.27232,,25260.7708,,,,10077.21192,30303.41029,9247.20058,117442.28515,8824.09389,,,18390.13435,2791.09225,7419.92575,,,,,1554668.7033699998,,,,8029.33863,,,,5199.01502,,,,,,,,-522.5053800000001,,,13055.21653,,,-2530.21858,,,,11082.10798,,,,,,,,7715.714300000001,,,,,,,,,14383.65663,,,5026.894,16883.25847,,147015.89588,,,1874.98415,,,,3578.49605,,,2684.8634100000004,,,,11980.69613,,,,,,,,,,,,,,,,,3606.42546,,,,14904.54212,,9613.93253,,5354.07524,9183.30564,1450.32232,,,,,,,,,6400.66384,,,13220.7804,5667.27821,11613.3493,4977.5241399999995,2107.98375,1711.8785,,,6651.48273,13582.56584,,,,7785.66243,,219828.66457,,1972.56326,11219.59202,,,,,,3727.30643,25614.297270000003,,112507.13969,,162008.10197999998,59652.79231,,5139.684179999999,10439.50189,,,,,2864.7431,,,,,4416.7773,,,,4120.46447,,,,24296.88024,10072.48494,,4478.83091,71519.1521,,,
2020-03-01,3422395.89664,1231239.87613,967807.72072,626796.50155,263689.28018,,68757.35926,614125.6385499999,996417.54718,,,,1134325.52545,,,,555938.95283,,,,219705.35152,,,342487.59937,,52912.0517,,272283.0724,,,,,368915.34218,362441.83403,,46524.52604,,,,18210.20234,63173.197539999994,20024.69211,215437.73024,21060.176160000003,,,33654.82541,5265.044620000001,15071.67441,,,,,3059332.38884,,,,15085.8676,,,,8583.32007,,,,,,,,-1867.75104,,,27634.38944,,,-5637.8264,,,,23530.153680000003,,,,,,,,16304.76953,,,,,,,,,25790.47722,,,9332.42651,35507.00125,,275103.5407,,,3589.14922,,,,7157.75428,,,4863.18092,,,,21955.96897,,,,,,,,,,,,,,,,,6856.22535,,,,27822.05133,,19341.33095,,9260.98001,17925.066919999997,2574.44219,,,,,,,,,11904.21958,,,25530.536900000003,10942.25435,23742.33976,9375.94778,4443.98466,3444.99501,,,12711.60545,25493.39306,,,,15054.97558,,421073.45719,,2075.2175899999997,19825.60368,,,,,,6957.34289,50406.35356,,215233.62697,,334992.72151,116283.08274,,9765.65875,18251.46148,,,,,5408.21794,,,,,8257.40442,,,,7771.96039,,,,46405.110380000006,19268.38013,,9185.43349,127880.88211,,,
2020-04-01,5217613.01226,1860255.69779,1482721.60979,937283.32388,325986.30921,,106025.95166,950995.41932,1388036.34028,,,,1722445.9062400002,,,,881077.1366699999,,,,330335.44139999995,,,502872.35714,,78664.12389,,413889.60696,,,,,416391.1872,501815.75668,,69731.34572,,,,25307.79903,96031.42427,31039.613589999997,326853.05561000004,32005.13339,,,50645.64219,7697.95773,21391.85467,,,,,4509820.57635,,,,22344.5822,,,,11635.37051,,,,,,,,-1045.94636,,,44215.20883,,,-7167.64428,,,,34796.665740000004,,,,,,,,25184.61692,,,,,,,,,40978.659810000005,,,14385.0014,58125.12531,,423839.48781,,,5237.5373500000005,,,,11076.80848,,,6764.74424,,,,32750.177020000003,,,,,,,,,,,,,,,,,10319.468219999999,,,,40667.58651,,29875.26693,,13098.83992,27419.9391,3455.33752,,,,,,,,,18986.75253,,,38484.128939999995,15423.59932,34656.917129999994,14337.78867,6113.49802,4958.93596,,,18791.94385,38357.38132,,,,22362.38953,,619554.01254,,1694.36956,29571.71049,,,,,,10471.2254,73553.30994,,317400.40076000005,,408764.81467,176130.55082,,14431.84151,26180.22713,,,,,8212.82014,,,,,13734.37858,,,,11665.04342,,,,72822.65327000001,29869.85355,,13551.01086,180654.48574,,,
2020-05-01,7038161.23147,2470841.21003,2053352.07889,1251378.96814,350828.95092000003,,142488.71557,1245993.5763,1770287.642,,,,2294030.48301,,,,879656.57836,,,,432613.24773,,,667958.89119,,103267.43936,,549827.64349,,,,,550529.56895,606286.40314,,95694.96671,,,,33170.157779999994,123744.84674,42280.17571,431314.14232,47959.97852,,,67901.6095,9893.90867,27553.18167,,,,,6010560.013209999,,,,29387.10216,,,,14458.5552,,,,,,,,-624.2890100000001,,,64718.19307,,,-8371.67521,,,,47565.3196,,,,,,,,34203.720519999995,,,,,,,,,55063.1094,,,19415.73988,80732.69804,,573527.13694,,,6765.00259,,,,14830.84429,,,8075.52454,,,,42728.63769,,,,,,,,,,,,,,,,,14040.47542,,,,54103.35556,,39846.3222,,16409.50459,35204.875889999996,4889.06392,,,,,,,,,25185.00997,,,50685.09357,21332.79685,46854.93344,18833.04879,8385.61047,6553.63342,,,24958.43781,53597.945770000006,,,,31175.10554,,829249.4964,,2108.4607,38288.97635,,,,,,12502.30534,98987.15293,,422553.8812699999,,537017.89328,235490.82462,,20967.78745,33770.72185,,,,,10922.5717,,,,,20548.78424,,,,15586.42396,,,,97332.55626,39024.06849,,17577.239110000002,235931.52063,,,
2020-06-01,8880096.75316,3112884.73672,2674199.35154,1543077.77752,439107.9604,,179088.51271,1518187.81173,2149475.37147,,,,2817474.30929,,,,1219416.98398,,,,561136.64833,,,834034.9738899999,,128618.84929,,693223.5290600001,,,,,673734.9988299999,690572.5444700001,,117017.72176,,,,40871.05701,155441.79345,54777.97718,535782.61605,56475.76036,,,85375.04328999999,12173.85303,33475.259710000006,,,,,7491434.750240001,,,,36179.23787,,,,17266.127829999998,,,,,,,,320.93524,,,86107.06142,,,-9386.10356,,,,59451.24737,,,,,,,,44478.72212,,,,,,,,,69963.288,,,23849.21912,103095.58894,,711297.4112000001,,,8261.08453,,,,18499.38589,,,9970.43863,,,,53170.028719999995,,,,,,,,,,,,,,,,,18061.99952,,,,69832.53259,,50117.83681,,20191.4318,43417.75655,6457.64692,,,,,,,,,30998.75452,,,64783.76308,27206.69277,56053.47746,23452.43921,10120.05082,8073.08592,,,31465.59222,68671.64486999999,,,,39846.14689,,1013907.5476,,1931.99274,45261.487850000005,,,,,,14224.27922,118982.67481,,525570.2033,,675024.71736,292677.96053,,27418.0754,41443.330539999995,,,,,13658.85097,,,,,30062.46817,,,,19199.59547,,,,118406.74488,49524.446679999994,,20859.49031,281982.47311,,,
2020-07-01,10570106.22341,3724726.54264,3377110.04192,1797977.94752,509470.14058,,195995.80907,1778729.24645,2547990.04939,,,,3319877.00637,,,,1442352.9808200002,,,,729359.43614,,,1002500.52629,,151571.70373,,833299.33592,,,,,776456.95134,778768.68535,,140407.59229,,,,47183.63319,185523.27105,65853.43717,637494.57216,41432.19749,,,102326.76454,14285.91513,39337.69416,,,,,8969664.086580005,,,,42839.19925,,,,20449.26542,,,,,,,,946.86117,,,107858.06823,,,-11527.97518,,,,72748.93404,,,,,,,,54490.73715,,,,,,,,,83937.85443,,,29145.95388,126209.48327,,850990.63093,,,9685.0041,,,,22101.829810000003,,,11495.40858,,,,63363.86673,,,,,,,,,,,,,,,,,21896.94695,,,,86873.93606,,59989.754,,21222.56155,52579.46465,8226.9766,,,,,,,,,36658.86657,,,78854.43857,32874.00746,65972.71078,27651.60234,11678.80682,9552.62762,,,37307.5122,82783.35674,,,,48652.88826,,1193020.73189,,2037.01299,50561.24725,,,,,,15954.50136,146032.68451,,630494.31917,,813136.02373,346090.22163,,33925.46878,48767.59967,,,,,15908.32817,,,,,39081.73343,,,,22605.45269,,,,140930.19921999998,57980.46731,,24392.3125,322178.54318000004,,,
2020-08-01,12345446.19549,4341463.43535,4218381.58834,2049281.31057,577341.70578,,229335.53622,2071476.5876,2943884.15769,,,,3875863.6683,,,,1710772.9110299998,,,,894743.26537,,,1188409.75645,,175067.61474000002,,988309.53943,,,,,904316.20071,869518.43489,,164272.57051000002,,,,53830.91254,218025.90644,75308.73733999999,749110.39916,40232.19008,,,118222.91716,16460.104789999998,44967.92147,,,,,10597261.812259998,,,,49881.24337,,,,24128.69437,,,,,,,,-4725.64718,,,133690.32971,,,-14375.868219999998,,,,85967.93168000001,,,,,,,,63408.90019,,,,,,,,,98795.45881,,,34693.272919999996,152280.81755,,992843.42637,,,11137.59941,,,,26374.66453,,,11652.07155,,,,73372.89693,,,,,,,,,,,,,,,,,25766.658629999998,,,,106950.69347,,69790.20310999999,,25716.538490000003,63821.42661,10526.71538,,,,,,,,,41758.901459999994,,,94250.05685,38811.86378,78586.69009999999,32312.30659,13107.36976,10957.26229,,,43913.21945,100369.55875,,,,58274.2852,,1387613.91723,,2897.14076,55916.712080000005,,,,,,17586.3158,189678.93766,,744869.36069,,971842.86256,402517.31989,,39644.87814,55859.92942,,,,,17948.23014,,,,,47128.93845,,,,25777.55732,,,,167195.60109,66643.26547,,28181.94582,356185.22182,,,
2020-09-01,14092739.12189,4932916.13054,5087908.888979999,2305290.05143,668289.3709999999,,263254.84586,2351007.54244,3351411.07314,,,,4498450.75233,,,,1906388.54348,,,,1023724.71575,,,1384340.2022,,199716.68605,,1146615.79209,,,,,1029869.67984,968553.15186,,186674.14794,,,,60419.5281,253836.59834,84908.50163,856748.96906,50276.62257,,,134334.34722000005,18521.38414,50903.55665,,,,,12312167.116559995,,,,56824.92442,,,,28016.60908,,,,,,,,-5393.9874,,,174537.06843,,,-17114.563489999997,,,,99168.03695,,,,,,,,72351.80025,,,,,,,,,117151.31202,,,40169.86272,178036.52052999998,,1115080.3941,,,12454.29806,,,,31228.73131,,,13281.0293,,,,84123.64202,,,,,,,,,,,,,,,,,29662.745619999998,,,,129644.26926,,79054.41931,,30672.63106,75368.58125,13496.45139,,,,,,,,,46645.264939999994,,,109190.69154,44564.79396,87047.60541,36104.858389999994,15250.80813,12423.17001,,,50597.10328,118404.47913,,,,68802.25816,,1580898.2113899998,,3354.20758,61229.33072,,,,,,19313.92922,226195.29955,,867174.28537,,1131782.02044,458926.33603,,45669.57265,62315.28804,,,,,20249.89942,,,,,53779.80412,,,,28796.72903,,,,196796.78554,76711.48624,,32240.87247,386875.97592,,,
2020-10-01,15847590.9925,5507612.00892,5668736.9535799995,2565393.8154100003,751240.8110999999,,283209.12811,2631969.59873,3766353.98561,,,,5126363.04362,,,,2150651.77696,,,,1159041.45034,,,1592679.35704,,224216.162,,1299236.2965,,,,,1152817.8016700002,1064649.12814,,207230.49564,,,,66517.60814,290832.20517000003,95123.74459,959423.69246,59262.21036,,,151100.73016,20428.23472,56549.157880000006,,,,,14048290.314380003,,,,63792.78909,,,,32195.857580000004,,,,,,,,,,,197523.20237999997,,,-18657.18418,,,,112095.33968,,,,,,,,80969.6822,,,,,,,,,134215.94992,,,44900.30117,203312.37607,,1258046.10937,,,13712.27944,,,,35453.51674,,,15342.45521,,,,94191.88064,,,,,,,,,,,,,,,,,32603.282659999997,,,,152471.31181,,87284.75727999999,,36610.000929999995,86817.09929,16969.89733,,,,,,,,,51063.58038,,,124468.8119,50662.10819,112251.34388,39969.0015,15366.76438,13855.4681,,,56874.80573,136302.87838,,,,78792.78417,,1775245.32658,,4649.91462,66410.44176,,,,,,21006.74463,254924.58628,,998757.16006,,1293277.49032,515568.885,,54145.77156,68072.37913,,,,,22607.17432,,,,,60942.80105,,,,31996.30556,,,,226183.48554,87376.34863,,37764.11303,416900.47904,,,
2020-11-01,17699452.443040002,6100981.74617,6398130.58675,2827588.65712,950008.63052,,314104.91438000003,2928123.37415,4193889.24675,,,,5782630.66737,,,,2409474.23438,,,,1302028.51308,,,1833882.1009,,248715.90574,,1462060.49758,,,,,1279010.49737,1159442.46282,,226446.07162,,,,73155.19215999999,329854.27464,107873.20963,1070420.19289,72113.80428,,,168009.93844000003,22272.68417,62390.78877,,,,,15878365.471549995,,,,70079.99220000001,,,,36742.24011,,,,,,,,,,,220123.1973,,,-20920.679539999997,,,,124660.2787,,,,,,,,90104.69924,,,,,,,,,152292.20813,,,49651.436859999994,229432.4802,,1419303.72542,,,14997.58452,,,,40115.13275,,,17823.702269999998,,,,106162.64645,,,,,,,,,,,,,,,,,35888.45824,,,,175041.09789,,95859.41757,,43580.0098,99496.26663,21470.81116,,,,,,,,,55034.880800000006,,,139758.19814,56555.323540000005,122520.99409,44608.58801,16864.17719,15424.40402,,,63293.95524,153368.21234000003,,,,88968.44153000001,,1985420.13448,,6434.01315,73992.29542000001,,,,,,22744.395050000003,289805.18633999996,,1129521.3573200002,,1468528.19367,573485.93508,,63944.81005,73834.58543,,,,,24679.73334,,,,,67334.73135,,,,35063.58601,,,,255550.83311,99374.01676,,43900.401719999994,452164.72108,,,
2020-12-01,19588743.91425,6668241.12015,7182536.86467,3083997.43496,1163365.46277,,344066.6886,3239374.71649,4619343.45589,,,,6418083.09671,,,,2693096.09395,,,,1448897.97234,,,2085821.95407,,274640.63361,,1619694.86224,,,,,1382108.31395,1248536.86777,,247075.72033,,,,79366.04977,370490.40949,121736.28767,1159774.3570299998,87548.56114,,,184955.83519,24181.70641,68052.06554,,,,,17720491.463050004,,,,76271.98973,,,,41098.95232,,,,,,,,,,,242679.88309,,,-22362.67913,,,,137781.51194,,,,,,,,99335.44318,,,,,,,,,169575.44485,,,53486.91061,254558.37357,,1535702.9496499998,,,16439.43869,,,,46178.45459,,,20347.73239,,,,116604.41011,,,,,,,,,,,,,,,,,38596.86271,,,,202504.81323,,104596.71962,,48912.27934,112298.30886,26440.48892,,,,,,,,,58711.53175,,,154681.07511,62089.74415,134972.15162000002,49349.65191,18107.24666,16978.26185,,,69776.37788,172385.93516,,,,98557.4814,,2190386.85096,,8149.723379999999,79502.02108,,,,,,24269.97621,324411.84351,,1251971.70799,,1639754.28306,629562.6717899999,,74560.17132,79421.286,,,,,26986.77627,,,,,72940.79630999999,,,,38235.34043,,,,285246.21985,110762.58622,,50354.64081,482993.48404,,,
2021-01-01,21601641.48997,7272092.346100001,7986003.80587,3347970.8345600003,1362246.1999100002,,374874.82488,3576792.88252,5058422.1017700005,,,,6846907.8922999995,,,,3209604.2673799996,,,,1551677.72389,,,2363194.31973,,302351.1878,,1788682.60717,,,,,1455732.20166,1339974.2782,,259388.99751,,,,86069.92295000001,415321.2762,135412.43329,1266216.0996,105577.75078,,,204000.12859,26152.30051,74054.63489,,,,,19357988.47201,,,,81693.78591,,,,45860.31489,,,,,,,,,,,266363.74460000003,,,,,,,154074.52849,,,,,,,,109317.82911,,,,,,,,,190183.66914999997,,,58597.717789999995,289160.54777,,1675082.6734,,,18234.25274,,,,50979.93832,,,23629.06413,,,,128488.95914,,,,,,,,,,,,,,,,,41752.59233,,,,233200.25689,,114177.45553,,55756.41998,127057.05922,32873.86286,,,,,,,,,62757.10103,,,170931.63596,67159.27436,141607.19404,54980.74398,19397.60565,18563.549290000003,,,76125.38408999999,188090.64321,,,,108978.64472,,2419199.6720000003,,10542.78824,88847.06636999999,,,,,,25989.43103,363615.59721,,1383947.17642,,1821455.28106,673318.4044700001,,87725.91818,85231.39672,,,,,29064.858269999997,,,,,78852.79586999999,,,,41522.47839,,,,314958.38667,123714.41116,,57603.213670000005,519011.55055,,,
2021-02-01,2087437.06578,614489.3696300001,1018479.60696,267435.09654,254386.39933,,28261.5121,342200.42471,476813.29321,,,,698326.3058999999,,,,392025.31141,,,,148189.47134000002,,,307614.67252,,27963.32093,,172709.13408999998,,,,,99795.77732,94969.7659,,21995.41184,,,,7592.98984,53245.5546,12213.54964,100221.9997,16461.1904,,,19825.12374,2237.16341,6020.18464,,,,,2038362.46075,,,,6681.76577,,,,5129.67566,,,,,,,,,,,19516.08386,,,,,,,12063.44541,,,,,,,,9151.134709999998,,,,,,,,,18840.23609,,,4159.62195,33610.00729,,141896.51517,,,2062.43937,,,,5782.53239,,,2476.6628100000003,,,,11403.80482,,,,,,,,,,,,,,,,,2554.58257,,,,37110.05518,,9852.62674,,8575.723829999999,15169.29175,7237.28519,,,,,,,,,3178.91959,,,17406.885150000002,5502.89697,5513.56164,7583.13625,1400.06035,1647.49984,,,6220.96285,19060.40083,,,,10103.29093,,224949.9995,,2383.6659400000003,7487.268730000001,,,,,,1597.41176,34353.97436,,130149.67218999998,,199128.79008,69693.64165,,17063.578110000002,5660.40419,,,,,1259.7648299999998,,,,,6872.23527,,,,3028.05674,,,,32338.730140000003,12958.07575,,7987.33707,35383.64362,,,
2021-03-01,4097237.3318,1183852.1970300002,1891782.12923,519947.80087,485722.97082,,53366.19761,644883.71463,926963.89574,,,,1351336.68018,,,,769528.86367,,,,282763.3515,,,613498.9517300001,,53130.01137,,321942.18461999996,,,,,215873.0297,173829.7386,,42580.28143,,,,14170.22402,103272.23732,24632.89205,192454.63071,32659.66961,,,37067.48349,4004.90304,11058.89132,,,,,3992938.7496100017,,,,14918.70512,,,,9573.66497,,,,,,,,,,,37658.897959999995,,,,,,,25788.5478,,,,,,,,20549.71342,,,,,,,,,36516.40827,,,9269.30527,65330.08314,,276635.42774,,,3822.62932,,,,11899.26547,,,4415.8097,,,,21976.89793,,,,,,,,,,,,,,,,,5035.38355,,,,72857.9513,,18341.83043,,17124.065049999997,29917.9895,14377.86813,,,,,,,,,6801.20186,,,32920.242,10368.30022,10883.86474,14260.28319,2826.27492,3159.2420300000003,,,12279.73446,35025.68841,,,,19358.74455,,436966.94553,,5194.21934,15152.26744,,,,,,3062.42155,70022.31332,,257819.38846,,395788.32536,139677.01903,,31346.3055,11004.40904,,,,,2386.35604,,,,,13547.58606,,,,5544.81893,,,,72559.43397,26579.61586,,16047.18909,69145.20218,,,
2021-04-01,6345306.07599,1811932.37458,2898215.59046,789310.35858,802966.4503200001,,80640.2202,1013191.542,1415579.4290399998,,,,2029068.2475,,,,1189447.13265,,,,434457.10119,,,978101.49767,,79733.72999,,483702.75854,,,,,405629.61445,271988.25906,,66968.12067999999,,,,22388.80827,157656.95496,38771.67376,299013.81956,50602.97512,,,56271.15739,5224.647489999999,19901.823409999997,,,,,6062743.808850002,,,,23337.44921,,,,14403.43915,,,,,,,,,,,58135.233,,,,,,,38821.68377,,,,,,,,32266.65503,,,,,,,,,58743.24545,,,16578.14185,102507.42808,,432908.15597,,,5716.18161,,,,22254.53721,,,6200.96764,,,,34526.6396,,,,,,,,,,,,,,,,,8154.59691,,,,110398.68969,,27505.88738,,26875.44355,49337.6315,22430.99132,,,,,,,,,11277.51516,,,50376.07181,15827.65673,15079.85186,21705.24018,4268.70348,4743.2271200000005,,,20091.038999999997,51125.381089999995,,,,28753.8462,,662377.7816100001,,9007.75462,23731.289149999997,,,,,,5317.26104,115877.80803,,387959.84541,,528469.99411,217216.43464,,48729.40098,16748.19663,,,,,3851.29031,,,,,20001.858129999997,,,,8439.92837,,,,123077.47369,44371.22911,,25754.09211,110582.16922,,,
2021-05-01,8610532.21699,2459549.2229,3886912.09888,1068044.73557,1143188.48652,,107820.16852,1374751.69914,1879820.67566,,,,2767467.73917,,,,1596817.76567,,,,589734.6271500001,,,1363269.89261,,107967.14254,,639557.4079100001,,,,,540377.93486,374584.02812,,89084.41371000001,,,,30377.28479,215518.08215,53320.50021,408105.95709,65681.42109,,,75529.79261,4287.98733,23392.05672,,,,,8293005.884409999,,,,32909.36488,,,,18991.79522,,,,,,,,,,,75249.62461,,,,,,,53372.283449999995,,,,,,,,42910.37527,,,,,,,,,84620.18064,,,23525.95978,137611.67750000002,,585191.3895899999,,,7518.635920000001,,,,31233.44047,,,7311.13043,,,,46671.469260000005,,,,,,,,,,,,,,,,,11182.69637,,,,147756.88826,,35718.58311,,37467.26707,70787.82214999999,30243.25024,,,,,,,,,16744.539230000002,,,67473.04686,21218.60925,17833.26527,29671.05639,5681.2365,4168.45532,,,27993.52404,67024.70942,,,,37864.21109,,894872.81533,,12358.09931,35986.26163,,,,,,7040.45733,155607.87555,,527389.27719,,738418.46457,295144.89602,,65212.57515,22293.43926,,,,,5407.3792300000005,,,,,25903.7362,,,,11470.47689,,,,175407.53312,62322.58231,,36755.62174,149363.54137999998,,,
2021-06-01,10965952.47951,3147058.85851,4961416.87529,1360451.74064,1433788.00621,,135317.96758,1755115.08819,2374615.6336600003,,,,3526188.81225,,,,2056879.03052,,,,750217.19483,,,1778770.92076,,138820.85158999998,,801244.4390199999,,,,,668021.90209,485685.00472,,109328.52093,,,,38759.16202,278836.29355,69953.49893,519247.04642999993,85006.44261,,,95861.06691,6900.03836,29696.52764,,,,,10609047.483159998,,,,43459.35374,,,,23718.40501,,,,,,,,,,,99235.61932,,,,,,,67946.47807,,,,,,,,54106.89596,,,,,,,,,111189.67939,,,30380.55006,174808.95205,,751796.6160800001,,,9366.51454,,,,42407.00876,,,8855.248870000001,,,,59263.3663,,,,,,,,,,,,,,,,,14190.601490000001,,,,185493.97188,,44737.37176,,56494.10274,93151.35557,38357.69793,,,,,,,,,22797.17174,,,87261.00698,26831.38215,20706.54444,38205.44256,7241.65204,6042.0862099999995,,,35053.65963,84461.1211,,,,46943.657020000006,,1128853.84258,,16350.73385,46331.62737,,,,,,8979.83518,200021.24151,,678741.96355,,917779.41567,374650.55431,,81144.39436,27774.0677,,,,,7117.97081,,,,,31881.75333,,,,14399.4045,,,,229000.28412,81318.6996,,46929.217110000005,194949.97792,,,
2021-07-01,13329861.05457,3835632.04401,5997434.2024799995,1659836.64382,1873678.32474,,161573.19191,2131009.43683,2875487.88713,,,,4234301.84588,,,,2489507.70892,,,,873587.81358,,,2207426.09717,,168012.37277000002,,963807.00539,,,,,810725.05551,596511.37251,,130319.82272,,,,47457.59902,343759.71305,86652.29593,633204.75411,106970.72429,,,117744.20952,13597.69124,35621.761130000006,,,,,12871614.3185,,,,52986.25605,,,,28611.09111,,,,,,,,,,,114068.97398,,,,,,,82387.41713,,,,,,,,64873.88922,,,,,,,,,140187.71581999998,,,37248.3706,212626.34472,,922988.62078,,,11124.15273,,,,60360.78452,,,9748.03298,,,,71471.50782999999,,,,,,,,,,,,,,,,,17142.3902,,,,228077.42038,,53931.12489,,72203.41794,117480.10131,46189.575509999995,,,,,,,,,28115.09998,,,107234.34766,32132.7489,24211.26246,47032.34457,9086.03619,7680.04297,,,41847.89316,94427.09974,,,,57287.60512,,1363528.53747,,20704.192079999997,56049.79048,,,,,,10939.280460000002,244665.87562,,835173.68935,,1109302.8055299998,455224.99607,,96349.64009,35071.905739999995,,,,,8685.43094,,,,,37891.65615,,,,17291.50384,,,,283905.40012,98378.00591,,60122.89151,239663.83988,,,
2021-08-01,15818669.46158,4530925.95049,7192527.58129,1975233.97033,2280545.8036,,128133.03549,2530563.1063,3405897.42403,,,,4987204.88551,,,,3012048.29796,,,,1041178.30165,,,2671839.83423,,201375.63726,,1133534.71285,,,,,936938.26872,730115.84429,,149033.06665,,,,56671.40145,415242.60242,106500.14355,754373.3124200001,130626.82201000002,,,140317.53373,16124.249639999998,41979.09485,,,,,15297284.79238,,,,64247.97792,,,,34213.27061,,,,,,,,,,,133620.53220000002,,,,,,,96730.86715,,,,,,,,75971.46031,,,,,,,,,165289.26849000002,,,44148.07687,253754.59855,,1100428.11974,,,13148.54724,,,,79926.75317,,,11266.09643,,,,81908.32599,,,,,,,,,,,,,,,,,20044.426730000003,,,,276907.67067,,63965.42586,,90354.40877,145511.18701,53393.57013,,,,,,,,,33557.81355,,,127852.95854,37803.06562,26581.9367,55605.66853,10898.35379,9473.90435,,,49081.76179,103859.61773,,,,68899.4931,,1622283.20656,,26138.93545,66054.55124,,,,,,,293968.12064,,984414.78424,,1300867.4611,539902.28641,,112733.45405,44538.55152,,,,,10721.0329,,,,,43933.56861,,,,20283.52576,,,,345134.92267999996,117769.27737,,73120.11529,284731.063,,,
2021-09-01,18391447.94949,5234762.41587,8194703.46759,2305170.85983,2722551.86108,,133559.42046999998,2934053.07647,3964454.39217,,,,5764301.20854,,,,3456363.11283,,,,1191413.7806900002,,,3133872.0056000003,,234846.40178999997,,1302645.54885,,,,,1046352.84224,874127.76176,,175890.8706,,,,65753.63898999999,486050.48543,124335.04498,877541.2019699999,154658.80414,,,162746.72967,18714.62077,48435.00593,,,,,30709.9234,,,,74744.71196,,,,39175.64557,,,,,,,,,,,151723.67324,,,,,,,111780.56595,,,,,,,,86181.60537,,,,,,,,,194590.95055,,,51308.49819,295063.28765,,1291350.98978,,,15398.776720000002,,,,98828.5217,,,11713.71857,,,,93227.93319,,,,,,,,,,,,,,,,,23299.48915,,,,323602.57616,,73325.87332,,109906.83629,174125.87934,60456.738110000006,,,,,,,,,39711.06609,,,148254.94856,43657.71765,29012.931859999997,63805.15052,12920.83189,11921.60155,,,57086.10805,121959.62369,,,,80070.50119,,1873447.77669,,31761.21612,75698.29716,,,,,,,343455.56726,,1136433.72146,,1534225.26034,622904.6541200001,,128360.49108,51548.55139,,,,,12904.79799,,,,,49710.7759,,,,23176.80601,,,,402819.48744,137264.67343999998,,92684.2994,330764.99136,,,
2021-10-01,21002208.45304,5940384.980099999,9268223.23777,2645805.29263,3162715.87701,,149740.16376,3340835.70243,4507595.51588,,,,6580978.27607,,,,3885582.12655,,,,1336189.55957,,,3608842.90808,,266944.84014,,1466707.26689,,,,,1160557.79541,1029842.23462,,203191.05443,,,,75036.83812,556301.26364,141598.50302,999916.40382,179306.60199,,,184543.19989,21219.18316,54961.73618,,,,,20239745.785150003,,,,84563.45874999999,,,,44081.27144,,,,,,,,,,,169968.25904,,,,,,,127402.8304,,,,,,,,96060.94819,,,,,,,,,224456.59789,,,57445.371450000006,335097.96815,,1478466.32758,,,17767.46662,,,,112244.8803,,,12047.32141,,,,104337.0511,,,,,,,,,,,,,,,,,26644.1437,,,,366813.12162,,81802.16188,,134237.36191,201936.46193,66753.35161,,,,,,,,,46648.9421,,,165969.28983,49636.12707,31668.66215,71725.16651,14881.364,15050.36658,,,64064.08604000001,130066.43718999998,,,,90270.00108,,2121187.06416,,37889.92766,84807.83115,,,,,,,389620.46771,,1286976.55835,,1747282.39786,701727.55618,,143747.17741,59161.22007,,,,,14925.4209,,,,,55294.89146,,,,26179.79689,,,,461592.56975,156558.71938999998,,101910.4082,373783.49535,,,
2021-11-01,23658642.32425,6686261.823980001,10328840.858469998,3002650.66354,3612400.21304,,167322.37361,3768920.15331,5072437.0479,,,,7442244.114,,,,4349474.4013600005,,,,1497156.74931,,,4115649.92941,,301833.61982,,1639545.19498,,,,,1284707.36482,1200157.67652,,228115.21159,,,,84070.87690999999,633447.14984,159599.50233999998,1119491.91553,204955.1517,,,208294.55163,23805.00163,61919.8776,,,,,22876805.50799,,,,95901.05308,,,,49437.68377,,,,,,,,,,,190454.05961,,,,,,,143195.16752000002,,,,,,,,105825.61015,,,,,,,,,255988.60202,,,63184.63102,374709.32342,,1672940.83593,,,20176.50779,,,,127109.02593,,,12948.07039,,,,115203.90178,,,,,,,,,,,,,,,,,30453.99154,,,,418189.27081,,90211.57992,,157005.60179,233054.11499,71756.22950999999,,,,,,,,,53260.40001,,,185690.91809,56018.98849,34854.00362,79553.64263,16898.04139,17689.4462,,,72557.22915,141304.66203,,,,100052.06559,,2391335.92756,,44243.629830000005,96101.65909,,,,,,,442847.88912,,1454681.81356,,1965016.20059,786818.5700000001,,160390.06381,67217.9036,,,,,16694.286519999998,,,,,62388.47532,,,,29445.91274,,,,514734.57763,179804.61729999998,,108042.1905,419213.92083,,,
2021-12-01,26425680.84452,7431808.81202,11429281.05385,3351029.53272,4125395.92318,,184079.05626,4209399.40794,5682417.214310001,,,,8331003.933460001,,,,4802272.55566,,,,1642012.03188,,,4621066.4378700005,,336126.99422,,1809305.93598,,,,,1407589.41643,1374307.2848,,248576.92357,,,,93069.88541,712404.95956,179319.24251,1245942.69602,229855.12853,,,231854.96454,26350.71688,68775.58214,,,,,25572508.48648,,,,105767.22187,,,,55144.01645,,,,,,,,,,,213366.98912,,,,,,,159498.87424,,,,,,,,114505.35335,,,,,,,,,288352.94709,,,69662.66733000001,416385.65867,,1867110.95711,,,22727.55178,,,,149258.84081999998,,,13464.83755,,,,127201.36376,,,,,,,,,,,,,,,,,34026.3359,,,,483279.36632,,98916.76702,,172744.73669,264792.65933,75357.01136,,,,,,,,,60655.655430000006,,,205561.95164,62281.40819,37171.14173,87359.86943,18877.46675,20339.8506,,,81780.06136,152906.05332,,,,109203.87416,,2667914.24137,,51626.5321,105362.51877,,,,,,,496423.76891,,1627841.33078,,2209718.66315,871096.73703,,177734.25467999998,75558.76203,,,,,18186.52266,,,,,68875.56403000001,,,,32636.178719999996,,,,567196.6390699999,198825.48889,,116526.35335,465208.31696,,,
2022-01-01,29316918.57701,8204159.607089999,13364516.57876,3727373.99536,4580940.08477,,202088.99495,4682146.8028,6332586.87222,,,,9230891.15467,,,,5259515.92656,,,,1818306.47424,,,5182759.95517,,374260.98755,,1990277.28925,,,,,1433278.20249,1543569.88019,,276106.35393,,,,103113.99979,803866.8110900001,200112.24681,1382659.08831,260525.24092,,,257062.37957,28871.26087,75525.55552,,,,,28387011.536840003,,,,115485.46804,,,,60447.77112,,,,,,,,,,,227918.94732,,,,,,,178097.74827,,,,,,,,123733.63311,,,,,,,,,322628.89186000003,,,75630.70181,456835.74513,,2064946.77862,,,25576.51513,,,,162860.18680999998,,,14671.97676,,,,139482.47161,,,,,,,,,,,,,,,,,38020.87763,,,,550680.90019,,108591.88554,,187611.33726,298641.11384,78806.66625000001,,,,,,,,,67919.01547,,,227313.01618,68590.98602,37991.25971,94007.39339,20949.98504,13556.22994,,,92026.88603,164961.56925,,,,118740.15843,,2972449.58759,,58536.897840000005,115559.85002,,,,,,,554749.3475500001,,1814420.07256,,2458824.7814,943048.56095,,195391.31303,85667.91996,,,,,20033.29707,,,,,74713.28006,,,,35890.53376,,,,626279.6664799999,217051.87524,,125680.95942,514452.35084,,,
2022-02-01,2945531.66552,798237.8868099999,1205000.3097700002,402906.77822,477772.05377,,16095.97295,485237.11044,669318.96368,,,,1006106.50039,,,,452238.88652,,,,184077.96917,,,605959.46516,,37564.09275,,197481.79018,,,,,141337.64204,175760.18998,,26464.29878,,,,10329.09397,87734.48465,20745.61828,123488.03542,22932.24172,,,26067.409949999997,2374.37092,6567.8092,,,,,3017021.9482200006,,,,9273.08539,,,,5249.3732199999995,,,,,,,,,,,18426.51538,,,,,,,14829.27967,,,,,,,,8603.062100000001,,,,,,,,,38035.64844,,,6531.00683,46479.99607,,204676.61185,,,2985.91496,,,,15648.66509,,,1384.34249,,,,12995.59671,,,,,,,,,,,,,,,,,4437.43474,,,,66145.67472,,9487.90372,,15186.33262,29508.2617,3455.98169,,,,,,,,,6386.040849999999,,,20297.06865,5863.46284,2742.02644,9423.27617,2205.9585899999997,3037.8716799999997,,,10051.05396,12012.76996,,,,9320.37129,,302149.65959,,7479.82631,11506.01199,,,,,,,61530.66828,,197501.1053,,248677.41988,88977.88708999999,,18641.59724,9602.16863,,,,,1753.13635,,,,,6508.0756,,,,3022.90882,,,,56910.88207,18253.096,,14076.63893,46803.711800000005,,,
2022-03-01,5701674.50182,1544442.90697,2192268.2422100003,804532.1933,884610.39581,,,937798.05776,1313302.49675,,,,1876059.57393,,,,942352.8287,,,,328280.70689,,,1116514.4615,,70626.43961,,356043.46189,,,,,,320130.92091,,47199.8168,,,,18434.437469999997,158096.70071,40496.78556,237984.36709,58290.11734,,,48287.04844,4494.192499999999,12222.562290000002,,,,,6026905.21065,,,,17843.61588,,,,9669.58789,,,,,,,,,,,33261.20781,,,,,,,31242.7363,,,,,,,,16185.91167,,,,,,,,,71983.73071,,,12414.3347,87595.7301,,395745.53353,,,5644.41713,,,,27981.76058,,,2085.66606,,,,24275.27624,,,,,,,,,,,,,,,,,…,,,,115489.9635,,16860.86944,,31118.39561,54336.62729,6107.9172100000005,,,,,,,,,12326.19921,,,40366.78514,11010.29531,3181.98317,16255.92204,4444.7196699999995,5620.87162,,,18946.54729,24713.31454,,,,17006.55747,,583719.41449,,15572.32207,21000.89153,,,,,,,113784.93966,,374102.75897,,482175.49083,167925.65566,,34385.503919999996,20457.373,,,,,3357.47524,,,,,12256.31712,,,,5740.80311,,,,111942.35536,34611.372129999996,,24107.53435,83101.04493,,,
2022-04-01,7271197.82738,2424541.99091,3198974.74629,1315259.8201,1356271.78718,,,1438889.7610900002,1986756.79762,,,,2830139.24272,,,,1406955.89687,,,,500251.57158,,,1935578.29675,,104656.56075,,533065.5173000001,,,,,,439927.7262400001,,67687.21891,,,,27191.31836,236027.39181,62897.428920000006,356254.88369,98430.99211,,,71744.42833000001,6737.67641,17413.72198,,,,,9467658.042720005,,,,26249.23921,,,,15222.62032,,,,,,,,,,,52861.07604,,,,,,,46883.347550000006,,,,,,,,22053.55196,,,,,,,,,103251.00654,,,18580.86805,129822.50754,,619673.1968,,,8301.231530000001,,,,37050.40824999999,,,2270.67386,,,,35446.493429999995,,,,,,,,,,,,,,,,,12569.12197,,,,163541.16915,,24925.8069,,51882.62434,79661.77668000001,8542.809229999999,,,,,,,,,19549.33113,,,60999.9539,16362.20587,2158.07633,23843.75328,6673.67194,8464.68923,,,28320.72338,31272.37987,,,,24219.45113,,901403.28341,,24243.23127,35706.76531,,,,,,,160596.63671000002,,584615.6600100001,,828922.51849,262696.65787,,50565.57954,29409.2356,,,,,5198.5523,,,,,22832.53077,,,,8218.71915,,,,161546.80568000002,48359.06832,,30782.86731,132020.06315,,,
2022-05-01,9771114.53346,3281318.50592,4214896.164879999,1819913.45774,1774232.55612,,,1909467.84014,2652859.40926,,,,3789022.44593,,,,1879492.95343,,,,653635.9910500001,,,2366025.80211,,137332.25996,,707489.3140100001,,,,,,562987.2936399999,,84935.513,,,,36417.61157,320661.1838,83235.63446999999,473484.06609,137971.65449,,,94687.49211,8866.44699,22185.79575,,,,,12348056.092930006,,,,34923.31265,,,,22538.55925,,,,,,,,,,,72074.14891,,,,,,,63553.54175,,,,,,,,27567.04353,,,,,,,,,138440.37915000002,,,23958.58853,163531.01597,,803459.8027,,,10684.83932,,,,48908.90645,,,2889.50194,,,,47509.652279999995,,,,,,,,,,,,,,,,,16947.68395,,,,218369.58526,,32094.18455,,76435.86239,100862.07782,11450.89938,,,,,,,,,25808.08824,,,79709.24850999999,21562.87587,2329.5467200000003,31317.05754,8909.17935,11241.02689,,,37962.89982,35089.411239999994,,,,31278.227059999997,,1235728.41626,,28621.86261,51525.16683,,,,,,,203779.25982,,784433.94759,,1093023.07249,352006.46226999996,,60606.00358,38681.94369,,,,,7006.30081,,,,,34034.92727,,,,10854.40191,,,,213428.22796,61013.18589,,37468.94138,188213.21848,,,
2022-06-01,12446121.72502,4151945.98874,5317852.323050001,2326060.3651,2314611.72903,,,2412721.18688,3334545.54687,,,,4707497.141650001,,,,2416106.42374,,,,821218.19469,,,2816698.35583,,172163.14667000002,,883335.09154,,,,,,749760.9773299999,,102340.61516,,,,48123.58029,402737.95405,103078.40953,603187.80176,180944.7577,,,120459.25766,11049.87807,26111.11382,,,,,15276518.9068,,,,43621.00543,,,,29054.94248,,,,,,,,,,,90476.6466,,,,,,,80129.0823,,,,,,,,33238.2504,,,,,,,,,170797.01804000002,,,30080.00268,197349.32582,,1021354.828,,,13142.10259,,,,61552.948110000005,,,3356.98217,,,,61372.43227,,,,,,,,,,,,,,,,,21443.21101,,,,270786.8927,,38523.06922,,97480.44608,124796.67793,14425.4229,,,,,,,,,33239.91901,,,97020.26846,26985.900820000003,4045.63958,39053.602159999995,11167.78721,14119.16195,,,47624.49421,36491.879140000005,,,,38885.99028,,1588218.5863100002,,34938.01613,70477.99632,,,,,,,247153.50668,,992645.67407,,1366786.7082099998,440639.42463,,73693.90335,47895.280300000006,,,,,8851.336870000001,,,,,46063.27521,,,,13629.10314,,,,270758.68449,73341.51183,,44352.28053,254443.52807,,,
2022-07-01,15360509.0161,5174868.6625500005,6460410.90128,3090946.94325,2691550.55781,,,2963194.1493200003,3880617.6871,,,,5578244.35208,,,,2846980.57788,,,,1048385.24349,,,3392962.712,,219464.65765,,1068433.73072,,,,,,1059062.51953,,104152.10907,,,,69884.89459,482523.23097,123821.47365,727509.9207199999,,,,153370.08266999997,13728.61759,32731.31272,,,,,17793203.774699997,,,,50901.64094,,,,36425.79618,,,,,,,,,,,107462.76407,,,,,,,101635.00143,,,,,,,,28709.86122,,,,,,,,,204827.4407,,,32816.665270000005,220745.83361,,1196884.71478,,,17806.627200000003,,,,81683.79710000001,,,5077.7006599999995,,,,76871.40897,,,,,,,,,,,,,,,,,25486.080869999998,,,,284944.07779,,42443.37607,,112937.27695,112805.81875,19634.77359,,,,,,,,,38351.222550000006,,,107705.2731,34653.83023,1682.4298,44448.93981,14245.96687,12836.38207,,,60057.57714,939.9792,,,,38250.85687,,2051272.36259,,31673.09829,104537.11828,,,,,,,274698.90371000004,,1177472.03847,,1615632.93777,541240.6874299999,,55673.32414,57426.62,,,,,10683.74007,,,254.80377735,,66567.11038,,,,16646.84089,,,,328396.29589999997,78646.34843,,24553.93356,382025.32436,,,
2022-08-01,18689431.33017,6309336.16458,7705866.93752,3944772.85341,3021782.94423,,,3534133.6362699997,4416697.47409,,,,6573263.8303000005,,,,3227518.10907,,,,1236769.6108,,,4043507.40199,,271183.01103,,1248875.4892699998,,,,,,1471020.60396,,103852.01374,,,,95035.64103,537540.17576,145056.81526,832927.50625,,,,181993.5338,17008.67355,40371.60073,,,,,20536414.830780003,,,,58550.09911,,,,42417.47632,,,,,,,,,,,119808.44483,,,,,,,123846.68817,,,,,,,,26942.89321,,,,,,,,,233153.64334,,,33686.15361,237505.13482,,1374604.30033,,,22756.21713,,,,102506.58577,,,7192.74302,,,,93194.00011,,,,,,,,,,,,,,,,,29492.67974,,,,288632.20535,,46764.58164,,124047.37636,93365.30416,23669.30657,,,,,,,,,47599.67234,,,120699.76631,42206.65311,594.38283,50341.76953,17576.513290000003,10777.69023,,,70572.66663,-53636.83139,,,,35246.902570000006,,2521011.0237499997,,27231.12958,142931.764,,,,,,,296728.90793,,1366591.04245,,1852868.01719,622822.765,,26032.96812,66047.35721999999,,,,,12702.40712,,,,,93060.59789,,,,19798.2162,,,,382479.66013,85939.84887,,5373.248430000001,527618.58837,,,
2022-09-01,22146961.91227,7520223.24566,8687717.94053,4828874.63111,3219575.15122,,,4127612.22494,4978059.9721,,,,7341666.85323,,,,3540683.49326,,,,1424898.08415,,,4892378.75385,,323766.67371999996,,1382465.49158,,,,,,1966962.57088,,112570.10271,,,,120637.3401,576623.57664,171677.75537,937873.00927,,,,210995.14218,20588.22498,44041.05601,,,,,23386253.940920018,,,,66069.86692,,,,48423.782459999995,,,,,,,,,,,134274.49697,,,,,,,147714.26595,,,,,,,,24268.03274,,,,,,,,,277556.87857,,,36249.75785,237360.60088,,1564040.32272,,,27771.133899999997,,,,123296.45176,,,9302.46412,,,,110796.20901,,,,,,,,,,,,,,,,,33654.03155,,,,303825.86754,,52340.64188,,142341.42291,85212.70106,27526.92475,,,,,,,,,55977.65016999999,,,136872.8276,50460.70809,-2288.44443,55817.01478,21499.01187,9891.3403,,,79833.78528,-108631.67371,,,,33037.73393,,3012508.55321,,31653.6845,179500.40192,,,,,,,321942.75544,,1555030.47565,,2128214.28543,702197.74645,,37915.4166,75901.07089999999,,,,,14956.88522,,,,,144214.70758000002,,,,23180.0814,,,,435801.06505,96765.83867,,-6855.38908,684970.1058,,,
2022-10-01,26249417.446110003,8764662.163700001,10338352.23506,5720244.41022,3296089.2629199997,,,4721828.194730001,5493792.923359999,,,,8073700.67459,,,,3765754.70161,,,,1608848.46229,,,5743726.82518,,377781.85701,,1546609.65694,,,,,,2463523.04356,,112936.19565,,,,148165.89739,632627.97832,198253.74622,1047166.27538,,,,238016.62396,23313.98718,52644.06207,,,,,26280022.327380005,,,,73087.07479,,,,54985.32832,,,,,,,,,,,151758.13587,,,,,,,170787.04861,,,,,,,,21994.96982,,,,,,,,,317500.33611,,,38571.45703,264573.6445,,1741449.78216,,,32468.70825,,,,141413.68587,,,12461.77353,,,,126462.56258,,,,,,,,,,,,,,,,,37289.30525,,,,323825.02015,,57675.2963,,161014.74425999998,90923.71277,31861.5497,,,,,,,,,63557.324219999995,,,155530.84493,59181.51352,4215.43839,62232.45295,25540.91679,6759.68235,,,89009.20583,-161015.80828,,,,31346.21262,,3537878.85958,,40972.76354,216164.0752,,,,,,,357424.73983000003,,1715859.70669,,2360374.65486,780893.4057799999,,56424.6957,88470.0254,,,,,17196.406410000003,,,,,250049.34621,,,,26505.8536,,,,480852.05594,105533.2155,,-12252.58127,840886.93701,,,
2022-11-01,30458852.46415,10097005.29526,11775654.96616,6674030.874220001,3543579.81212,,,5377908.150049999,5957360.739990001,,,,8861998.93013,,,,4081832.26656,,,,1811988.30477,,,6632770.85697,,433549.15206,,1764163.25553,,,,,,2988815.2956600003,,114211.32405,,,,181188.5285,695453.92539,225247.27142,1183188.8808000002,,,,270924.09792000003,26247.2514,62526.25316,,,,,29493253.916729987,,,,82251.11688,,,,62967.32436,,,,,,,,,,,169031.0153,,,,,,,193809.62123,,,,,,,,18900.68885,,,,,,,,,406658.77922,,,41184.06972,290343.84259,,1926067.3511,,,37157.62759,,,,165816.96058,,,16446.429210000002,,,,142927.7204,,,,,,,,,,,,,,,,,42150.78494,,,,346831.74064000003,,63678.02258,,184368.3946,101616.85175,36130.12248,,,,,,,,,70451.87556,,,177358.08312,67846.74819999999,16595.348179999997,74565.29529,29744.89913,8383.56634,,,98791.77008,-172616.96919,,,,31344.51959,,4105341.40122,,52351.94358,257288.02997999996,,,,,,,403218.32979,,1876654.93303,,2596819.35651,874966.6465599999,,,107420.27452,,,,,19508.57647,,,,,363508.38782,,,,29758.28364,,,,526073.95311,118400.44138,,-12805.39949,1000548.12116,,,
2022-12-01,34997260.42135,11426362.19743,13274964.81755,7718018.10156,3736055.32974,,,6069972.91251,6425793.96995,,,,9678611.53853,,,,4435031.72104,,,,2050219.15907,,,7508499.3499,,485812.79487,,1986673.34023,,,,,,3523561.84462,,115204.43039,,,,215319.63591,756996.2013099999,255058.72674,1332401.77703,,,,306742.39078,29478.159300000003,71625.09828,,,,,32693216.220149983,,,,93309.08182,,,,72335.67422999999,,,,,,,,,,,186204.46033,,,,,,,221573.43702,,,,,,,,15834.91983,,,,,,,,,447974.14132,,,41680.19445,314834.50359,,2100426.33028,,,41797.27692,,,,188740.30205,,,21164.78013,,,,160365.13137,,,,,,,,,,,,,,,,,47207.41448,,,,372515.57707,,69810.9224,,211397.36932,,40526.49119,,,,,,,,,74925.11392999999,,,199642.57777,76921.28090999999,28376.50574,86230.73875,33980.51034,10384.32117,,,108724.82832,-185106.89081,,,,32148.659119999997,,4685699.04791,,64893.08192999999,299757.84872,,,,,,,422455.67724,,2041733.21996,,2807262.1212600004,956241.68688,,,129420.99932,,,,,21667.28324,,,,,490563.56842,,,,32702.49989,,,,567750.26546,145185.12993,,-6829.64209,1169507.22466,,,119669.76382
2023-01-01,39917416.53672,12829718.96735,14884378.35615,8773165.62782,4085219.44128,,,6831617.22629,7052851.46074,,,,10154550.76234,,,,4994243.7561099995,,,,2291585.05199,,,8486073.114740001,,540067.05845,,2195977.06827,,,,,,4116983.88313,,120209.76366,,,,255369.39724,840147.5047599999,293315.34549000004,1498968.73668,,,,344842.02608,33126.97677,81291.08221,,,,,35656114.21700001,,,,107940.01501,,,,83439.63207,,,,,,,,,,,205677.4792,,,,,,,255238.25948,,,,,,,,12804.99791,,,,,,,,,496543.72993,,,44494.40862,346062.15472999995,,2260883.8274499997,,,46668.56843,,,,216748.31858,,,26498.94349,,,,186828.37981,,,,,,,,,,,,,,,,,52509.148680000006,,,,410418.64699,,76531.49113000001,,263538.58916000003,,46840.26273,,,,,,,,,79774.81041,,,226777.14403,86633.5395,120522.31564,94833.98615,38795.91397,12864.73758,,,119798.50158,-161376.4644,,,,30606.76922,,5291899.34682,,80127.93135,344979.50482,,,,,,,445160.72076,,2231171.7269099997,,2685867.88749,1078914.08863,,,144916.49195,,,,,24095.23193,,,,,660892.8379,,,,35272.5108,,,,606217.82444,173939.2935,,-9863.90477,1316910.29549,,,141152.82809999998
2023-02-01,4886070.54623,1422794.76931,1677383.5323599998,1018628.41191,135094.54690000002,,,758163.2919300001,471448.8713,,,,905415.80959,,,,380563.73997,,,,236298.47578,,,960357.70806,,52716.2917,,280979.61179,,,,,,621836.98466,,3854.24455,,,,43719.87656,70018.61674,41115.09576,163689.09715999998,,,,38011.835759999994,3830.83825,13810.81876,,,,,3692051.152990001,,,,15970.0004,,,,13679.2983,,,,,,,,,,,19557.28364,,,,,,,29011.45858,,,,,,,,-3399.18332,,,,,,,,,44489.56065,,,3819.95681,47336.28504,,143793.29385,,,4933.38897,,,,30168.6055,,,4466.15323,,,,20977.25801,,,,,,,,,,,,,,,,,5285.99581,,,,42512.568459999995,,8012.159119999999,,56103.37599,,2895.5451399999997,,,,,,,,,2741.45324,,,29893.9638,10603.874790000002,19888.160679999997,16027.62966,5174.85818,2406.75776,,,11398.69723,30600.02951,,,,-1326.04915,,601048.25512,,15140.10839,42671.83831,,,,,,,31091.23586,,200430.86136,,224253.23502,125693.98868,,,16456.172039999998,,,,,2595.62962,,,,,171736.81148,,,,3059.69525,,,,32629.31201,28500.5989,,13060.20253,177985.17748,,,26811.28785
2023-03-01,9116563.72799,2656160.04841,3093980.42218,1944314.67518,248619.48355,,,1363302.59226,911307.88112,,,,1672591.59194,,,,685055.34747,,,,422220.61098,,,1815593.9794,,94541.5649,,472541.47231,,,,,,1159777.57937,,8091.52531,,,,82391.17727999999,143881.17577,78878.11273,303975.55136,,,,68304.16811000001,7243.88035,24982.44889,,,,,6635663.50441,,,,28833.69861,,,,22253.50235,,,,,,,,,,,37542.19597,,,,,,,57200.21922,,,,,,,,-6148.16315,,,,,,,,,80244.25155999999,,,7125.022379999999,77838.10024,,273065.77936999995,,,9362.23763,,,,,,,8008.376560000001,,,,38560.9578,,,,,,,,,,,,,,,,,10298.93502,,,,75198.08469,,13754.46621,,105825.58909,,5170.82118,,,,,,,,,5647.74822,,,56596.26851,19462.3433,31451.64818,28873.80341,9985.1432,4574.50795,,,22953.82769,52738.31076,,,,-3309.51247,,1151076.1207299998,,28054.80142,79367.85492,,,,,,,56241.335730000006,,361927.30952,,402501.08005,222880.80746,,,28362.91682,,,,,4933.2640200000005,,,,,180993.15,,,,6417.98574,,,,,53871.642029999995,,22508.438120000003,330357.3206,,,54348.25834
2023-04-01,13765607.68834,3976728.0732,4645522.68755,2878049.40527,519232.82772000006,,,2152025.3057999997,1407623.28244,,,,2522296.3714,,,,1065418.07788,,,,632393.76846,,,2753498.53008,,138971.87071,,718438.74138,,,,,,1775031.86368,,16475.240070000003,,,,124455.18715,239267.58922,125905.14465,457134.96282,,,,100226.15684,10969.48115,36890.274580000005,,,,,10031770.625980005,,,,43929.511419999995,,,,31575.43896,,,,,,,,,,,57230.53798,,,,,,,84557.40295,,,,,,,,-8762.370280000001,,,,,,,,,118059.61981,,,11366.91056,114179.85854,,416424.40672,,,14351.0275,,,,,,,10772.97979,,,,57155.43917,,,,,,,,,,,,,,,,,15714.02464,,,,120352.62984,,20726.78071,,142432.03571,,7466.00716,,,,,,,,,11364.08887,,,86147.65912,28995.6091,50129.33009,42849.066,15535.31855,6912.41251,,,37715.13506,107754.29396,,,,-3937.39516,,1772483.43989,,42706.97955,119701.78548,,,,,,,88995.63364,,548637.12533,,603319.40437,361326.75903,,,44270.98131,,,,,8127.36418,,,,,187948.87719,,,,9424.42947,,,,,83834.05494999999,,32838.33799,508430.5956900001,,,81009.11603
2023-05-01,18345853.39815,5196089.10068,6098134.40603,3809189.70811,851124.03053,,,2826299.57642,1876561.0747,,,,3419771.11512,,,,1464210.22405,,,,816312.21359,,,3649091.96704,,180700.23645,,934260.74605,,,,,,2350823.5418999996,,27419.35284,,,,159702.68241,330622.85133,162924.45788,613279.56161,,,,131511.38893000002,14164.88058,47376.07936,,,,,13278708.57119,,,,57343.1645,,,,39585.45376,,,,,,,,,,,76741.66575,,,,,,,112958.42828,,,,,,,,-11479.77831,,,,,,,,,142295.92210000005,,,16558.06912,149414.73771,,556484.30178,,,17879.73771,,,,,,,14091.93236,,,,75274.79916,,,,,,,,,,,,,,,,,21058.760240000003,,,,159677.88367,,28175.25338,,173226.39909,,10300.74678,,,,,,,,,16111.87491,,,112901.65616,36840.02141,68609.09836,53208.62075,20271.37054,9350.0436,,,50568.07219,141744.04622,,,,-994.34912,,2389367.35353,,55333.69485,156568.39568999998,,,,,,,118492.53013,,723486.60445,,803924.4394500001,469291.49223,,,63572.36968,,,,,11006.56418,,,,,200896.20618,,,,13034.71304,,,,,98990.96189,,41636.98632,669268.5040699999,,,112537.50825
2023-06-01,23092179.32197,6560454.29373,7511882.874380001,4874183.27306,1242822.43706,,,3577346.44079,2265768.07266,,,,4355506.33413,,,,2050646.87253,,,,1043941.73681,,,4571207.84125,,222106.16748,,1193382.08577,,,,,,2950718.43033,,42673.20531,,,,191922.244,416489.37251,197657.27271,785263.0450200001,,,,167584.49493000002,17322.51989,57715.034,,,,,16721462.544560004,,,,73269.87250000001,,,,48869.23605,,,,,,,,,,,97633.55407,,,,,,,141707.06073,,,,,,,,-14676.30847,,,,,,,,,183772.9118,,,22519.5479,198290.05218,,702818.4635899999,,,21337.17503,,,,,,,17595.73332,,,,95968.59646,,,,,,,,,,,,,,,,,26534.74128,,,,213806.60499,,37446.692149999995,,205058.97381,,12383.19338,,,,,,,,,22094.17078,,,141699.21896,44562.96935,90837.96346,62754.33098,25224.33856,12194.90518,,,62940.38856,176615.41774,,,,9810.36644,,3018514.8586,,69600.35266,194903.72293,,,,,,,107518.33368,,911051.16964,,1009598.20959,601457.1658,,,83751.99215,,,,,13884.28528,,,,,214201.29517,,,,13146.02431,,,,,114517.90581,,53295.87055,836310.99756,,,158063.62296
2023-07-01,27858211.00157,7937906.32969,8706569.440699998,5926677.59139,1596775.46284,,,4306635.95081,2517874.59115,,,,5402081.3319999995,,,,2659985.74045,,,,1298723.4381,,,5517016.18898,,263176.93447,,1453830.1752,,,,,,3540877.92487,,57290.94207,,,,226082.42949,509144.25795,231365.9876,957485.05792,,,,204490.86069,20349.601369999997,68280.10197999999,,,,,20409208.492040005,,,,89637.08791,,,,58244.17066,,,,,,,,,,,119894.29648,,,,,,,170365.23652,,,,,,,,-17607.308849999998,,,,,,,,,224605.66425,,,28634.75684,240185.70708,,852137.7625500001,,,24667.56703,,,,,,,21197.8523,,,,116226.18941,,,,,,,,,,,,,,,,,31828.72493,,,,295831.104,,47056.01845,,234902.31101,,14551.05976,,,,,,,,,27816.86229,,,170231.26155,52043.53985,96786.83942,73827.71370000001,30082.34819,15533.77316,,,74480.17658,221384.53865,,,,10548.53061,,3701410.76637,,84426.86947,235763.19478,,,,,,,135802.64792,,1101764.27898,,1222400.92579,739993.51489,,,107619.77997,,,,,16663.84229,,,,,227139.37699,,,,15369.75822,,,,,130679.18985,,67734.19891,1003048.78414,,,210462.80988999995
2023-08-01,32878939.39118,9421662.26832,10401628.73228,7024314.07597,2096388.31215,,,5094254.53516,3001583.8515999997,,,,6564908.04178,,,,3308454.73151,,,,1572690.29551,,,6535634.49084,,310358.94472,,1768154.84482,,,,,,4154508.23579,,73844.62258000001,,,,263462.62153,605207.65194,264668.22507,1154805.90784,,,,243734.83518,23499.55963,79858.14977,,,,,24199360.107670005,,,,106639.53526,,,,68114.38527,,,,,,,,,,,145356.48828999998,,,,,,,202818.22375,,,,,,,,-17393.0218,,,,,,,,,290284.93286999996,,,35489.91113,287943.75596,,1015801.91192,,,28066.1708,,,,,,,24857.073620000003,,,,138392.32765,,,,,,,,,,,,,,,,,37714.11791,,,,370700.84217,,57229.62115,,,,17611.00002,,,,,,,,,35130.044140000005,,,203693.94636,60007.58182,110268.08771,84484.10837999999,35279.65271,19203.85664,,,85999.57714,263315.84495,,,,16305.13348,,4434843.77169,,99787.89064,272999.4032,,,,,,,167930.97071,,1326591.48866,,1453534.71597,889652.1094900001,,,133824.20264,,,,,19500.45226,,,,,239879.26756,,,,17613.2134,,,,,149116.25419,,82617.99872,1178887.12291,,,271377.32921999996
2023-09-01,37979702.53635,10940914.24474,12106398.93594,8105719.28166,2506031.96801,,,5823181.04375,3465251.70306,,,,7704712.13675,,,,4025906.97179,,,,1845643.04932,,,7588208.05441,,354462.816,,2059607.89319,,,,,,4779154.13521,,89007.04024,,,,294180.66227000003,698885.8017,302245.63395,1357827.04455,,,,283742.07643,26555.621649999997,90906.88791,,,,,28182837.00742999,,,,124895.44498,,,,77261.80103999999,,,,,,,,,,,172513.30103,,,,,,,234910.88263,,,,,,,,-16070.898679999998,,,,,,,,,339832.35584,,,42826.81149,344953.64018,,1184811.57606,,,31164.97503,,,,,,,27957.30495,,,,160548.29588000002,,,,,,,,,,,,,,,,,43703.46076,,,,462210.13139,,67909.62757,,,,19539.3241,,,,,,,,,40383.40407,,,235904.15891,67691.52391999999,122136.40636,89693.53451000001,39648.55251,22955.77853,,,100608.74102,285092.33793,,,,22399.93842,,5165384.54839,,117083.20211,308516.85763,,,,,,,220327.68837,,1540126.9502400002,,1669244.27038,1015759.86441,,,159364.97425,,,,,22059.31572,,,,,252542.79176,,,,19888.4427,,,,,167793.81832000002,,98705.26051,1354594.06291,,,320309.07022999995
2023-10-01,43176570.61999,12381771.94175,13799992.49432,9077765.91721,2999697.7627000003,,,6352626.1071,3844771.14069,,,,8829271.2282,,,,4741398.15922,,,,2095716.39588,,,8624076.206109999,,390253.76036,,2349680.3216899997,,,,,,5397728.16692,,103868.00846,,,,330935.9301,790275.15297,334786.23381,1562126.67469,,,,321112.22673,29510.20951,101028.99828,,,,,32024375.798830003,,,,140597.89893999998,,,,85551.78366,,,,,,,,,,,198102.07983,,,,,,,265672.44818,,,,,,,,-14142.72536,,,,,,,,,390346.58625,,,50442.62487,400440.44893,,1356429.92017,,,34168.25325,,,,,,,30669.65939,,,,180537.58713,,,,,,,,,,,,,,,,,49481.62121,,,,547756.10431,,78160.79388,,,,21166.45319,,,,,,,,,44576.21854,,,268904.82622000005,74985.00524000001,136156.00993,,43807.41823,26619.79256,,,112837.11416,292397.70040000003,,,,28887.61101,,5815180.61028,,132621.11966,340218.80829,,,,,,,267037.87021,,1756581.68716,,1928801.85985,1148124.39907,,,183293.85185,,,,,24371.85687,,,,,263183.21328,,,,22072.12963,,,,,185090.74911,,111629.48071,1482746.09397,,,364628.59321
2023-11-01,48392705.38789,13771324.55333,15287027.21297,9999139.76962,3493912.83607,,,7209755.74429,4439158.33753,,,,9986085.38029,,,,5347159.05994,,,,2321629.66695,,,9706176.484420002,,430766.48767,,2637848.07501,,,,,,6026902.2413800005,,118489.42138,,,,365609.60276,879100.6489200001,367269.63161,1780347.00572,,,,355056.36494,32570.382299999997,111425.69702,,,,,35998875.507479995,,,,154360.99139,,,,93499.8499,,,,,,,,,,,220981.38839,,,,,,,295441.60489,,,,,,,,-11734.72785,,,,,,,,,452921.41287,,,58061.24462,450581.79424,,1534138.64952,,,37054.79343,,,,,,,32768.82817,,,,199824.80544,,,,,,,,,,,,,,,,,55444.70518,,,,632821.51917,,87242.49716,,,,22514.62859,,,,,,,,,49366.91356,,,302130.58124,82709.38781,150554.39654,,47604.45898,30476.18951,,,126613.32243,309857.18353,,,,36039.90861,,6501134.245829999,,145517.95627000002,376933.72273,,,,,,,306549.3732,,1955962.5237,,2180527.5162500003,1285563.9136899998,,,205318.26863,,,,,26638.76339,,,,,273549.69808,,,,24283.09835,,,,,203169.20275,,127513.18428,1630653.33602,,,406632.05068
2023-12-01,53806229.82687,15188676.17806,16938960.74798,10968996.82048,4017800.41469,,,7907574.44361,4977237.69039,,,,11145299.17306,,,,5971803.70861,,,,2563495.71191,,,10795596.37187,,473274.90671,,2930648.20828,,,,,,6632192.59219,,130374.6592,,,,398783.81924,975789.41807,398719.98561,1993629.45249,,,,388766.70158,35496.977739999995,121611.20521,,,,,40061717.297170006,,,,170917.74174,,,,101781.63011,,,,,,,,,,,244106.77542,,,,,,,323994.62022,,,,,,,,-2727.40279,,,,,,,,,507670.01603,,,65452.89674999999,503097.93582,,1705873.34294,,,39839.44481,,,,,,,34722.01537,,,,217972.67586,,,,,,,,,,,,,,,,,61367.32515,,,,726458.58492,,97794.08822,,,,24712.14523,,,,,,,,,54482.7303,,,334825.99269000004,90392.39786,201268.41812,,51467.02193,34156.01503,,,140613.82341,330572.23241999996,,,,43623.6375,,7182768.83355,,159966.98283999998,414549.39713,,,,,,,340614.1596,,2151809.28478,,2444336.95081,1423516.06399,,,228832.6156,,,,,28826.84041,,,,,285135.59529,,,,26439.75253,,,,,220245.96549,,146573.81358999998,1745576.87322,,,457016.19998
2024-01-01,59620968.63254,16626413.79251,18785229.63978,11997079.38127,4668476.33872,,,8640708.09667,5474528.9039,,,,12365483.97666,,,,6679665.835349999,,,,2811730.6605,,,11995948.91675,,514668.2339599999,,3234929.77963,,,,,,7225371.55154,,143997.44959,,,,435743.26885,1073106.98081,431500.93475,2219422.79685,,,,424026.75518,38728.34203,131858.22160000002,,,,,44376565.59263999,,,,187392.5083,,,,110460.75689,,,,,,,,,,,268251.61043999996,,,,,,,353045.32588,,,,,,,,235.4469,,,,,,,,,573002.17018,,,73598.98087,547242.94202,,1880269.02346,,,42666.749350000006,,,,,,,36842.4829,,,,237141.06457,,,,,,,,,,,,,,,,,67334.4099,,,,826777.2384700001,,108763.26819,,,,27169.20595,,,,,,,,,57902.20025,,,371871.70589,98922.23265,219821.92769,,54951.75743,38433.66691,,,155288.75077999997,387388.91723,,,,51138.50696,,7888415.09224,,172474.24393,456861.19633,,,,,,,384355.11586,,2359537.2885800004,,2705539.59362,1579838.74379,,,252150.51026,,,,,31006.58958,,,,,295569.12015000003,,,,28730.26937,,,,,240452.54006,,168266.27692,1877301.56218,,,512398.52115999995
2024-02-01,5603653.98963,1453306.95247,1743648.78826,1012762.68975,539173.1099500001,,,738744.80333,603170.4661999999,,,,1227690.6259100002,,,,745450.3501,,,,269469.60709,,,1223034.40691,,43399.67567,,322841.11853000004,,,,,,577864.7289100001,,11521.43827,,,,43156.78003,99838.48428,34985.82099,227162.13184,,,,35794.58861,3738.97687,9829.92366,,,,,4411960.894059999,,,,16406.12335,,,,9089.72119,,,,,,,,,,,23386.69623,,,,,,,28110.74404,,,,,,,,2617.59916,,,,,,,,,48797.23832,,,12681.62977,52961.393110000005,,190997.53741,,,2889.61178,,,,,,,1931.76908,,,,22440.46614,,,,,,,,,,,,,,,,,5682.66521,,,,114498.10133,,9719.6608,,,,2879.44448,,,,,,,,,4268.218809999999,,,39868.90113,10066.95424,17497.759729999998,,3671.04059,5615.56157,,,15365.11882,30565.1173,,,,7669.3743,,747240.2972700001,,12901.17616,37824.91494,,,,,,,30020.20206,,215943.41493,,301734.75832,158437.25147999998,,,22022.984610000003,,,,,2039.24842,,,,,9019.86315,,,,2447.85676,,,,,19731.57252,,28976.33966,145322.07678,,,55863.22701
2024-03-01,10618993.15315,2850165.01655,3433211.84198,1979443.25312,1032914.42972,,,1418679.17108,1147816.48087,,,,2365278.6044099997,,,,1464227.7503,,,,521432.52681,,,2398039.30511,,83683.67865,,611994.9327,,,,,,1115005.23095,,24936.755940000003,,,,82695.1734,195341.23008,64781.60647,438581.50963,,,,72060.03227,6787.86176,20154.96891,,,,,8565362.530890001,,,,32277.50373,,,,17022.62915,,,,,,,,,,,45452.49728,,,,,,,54694.13784,,,,,,,,4579.84295,,,,,,,,,106352.7293,,,20604.11004,97931.24942,,372647.23322,,,5467.99441,,,,,,,3350.14223,,,,39858.13346,,,,,,,,,,,,,,,,,10730.7418,,,,218665.58482,,19861.69785,,,,6410.86151,,,,,,,,,7714.836520000001,,,77262.91981,18363.53534,52644.16743,,7123.90635,9775.7751,,,28123.33964,58474.10995,,,,15099.59629,,1472464.33757,,26513.221609999997,74968.65451,,,,,,,66152.57023,,420751.85966,,587493.22924,300537.71128,,,42833.99752,,,,,4008.75325,,,,,17589.293179999997,,,,4622.57619,,,,,36319.403119999995,,52774.73451,269726.09985,,,101673.07772
2024-04-01,15882297.08254,4285824.54804,5310754.54332,2986844.03847,1617062.80881,,,2102667.5814199997,1688448.75437,,,,3556100.83602,,,,2239281.3314300003,,,,815780.02587,,,3682987.58908,,126823.03477,,946876.20725,,,,,,1667062.7522,,44128.94386,,,,122332.9141,297436.85777,96154.22682,651519.8480499999,,,,109950.30575,9951.22681,30394.76727,,,,,13033662.664869998,,,,52502.18728,,,,25671.0522,,,,,,,,,,,67977.78632000001,,,,,,,83160.43358,,,,,,,,6680.57851,,,,,,,,,169780.01717,,,29808.91996,143355.83411999998,,576553.73028,,,8391.90949,,,,,,,5671.6187,,,,56872.56113,,,,,,,,,,,,,,,,,16285.485479999998,,,,322991.02356,,30819.677089999997,,,,10439.73997,,,,,,,,,10521.43119,,,117233.78132,27641.28016,67881.05747999999,,10545.50085,14784.00532,,,41526.1418,62860.957910000005,,,,24540.28689,,2224975.92542,,40919.36369,116279.84125,,,,,,,131749.40436,,635202.4086300001,,904858.268,448571.08333,,,69944.01066,,,,,6068.23599,,,,,25981.96385,,,,8360.389659999999,,,,,51913.11029,,72903.30025,397753.18773,,,152041.37076999998
2024-05-01,21152686.47363,5678476.243899999,7056162.77111,3982356.38252,2223449.15832,,,2827100.95559,2270624.69601,,,,4726740.42741,,,,3018594.38869,,,,1090692.37222,,,4947123.27724,,168110.25479,,1280350.26807,,,,,,2201583.68827,,62728.83972,,,,160749.16559,402608.02702,126576.76908,853496.09131,,,,146694.53068000005,12924.13136,40925.11365,,,,,17497034.711980004,,,,76218.15924000001,,,,34940.779259999996,,,,,,,,,,,90881.6393,,,,,,,111032.21087,,,,,,,,8645.1471,,,,,,,,,231399.56961,,,38871.79365,192019.47019,,773391.3799099999,,,11422.93523,,,,,,,7645.89827,,,,73868.99807999999,,,,,,,,,,,,,,,,,21665.845699999998,,,,424543.42064,,41954.018670000005,,,,14377.48046,,,,,,,,,13078.71552,,,156023.71876999998,37214.31922,83902.04577,,13687.24034,19034.76603,,,54318.10804,101399.28945,,,,32516.22718,,2950109.69635,,56415.74913,154506.66125,,,,,,,210835.26252,,878493.9928400001,,1217313.35577,590807.82886,,,96486.75274,,,,,9936.79695,,,,,34918.55872,,,,11693.6597,,,,,64880.14584,,89619.21592999999,535675.51502,,,200211.86088
2024-06-01,26598133.04781,7105276.0632,9006024.90805,5026525.93392,2880263.22591,,,3541451.48718,2889367.06785,,,,5950071.01032,,,,3850632.53353,,,,1382724.40641,,,6284037.55682,,229316.59683,,1596340.48903,,,,,,2751440.97161,,80345.98314,,,,199374.29449,517088.06121,156541.08405,1065692.68279,,,,183112.08857,15914.24631,52180.77415,,,,,22164429.82132001,,,,102475.78198,,,,44344.98741,,,,,,,,,,,113602.31686,,,,,,,138458.03305,,,,,,,,10793.3914,,,,,,,,,298127.17011,,,48084.97214,243223.12884,,990208.69284,,,14555.64627,,,,,,,9791.98317,,,,90285.25114,,,,,,,,,,,,,,,,,27175.748630000002,,,,528049.5857299999,,53740.942650000005,,,,19438.89691,,,,,,,,,15105.03012,,,195153.60873,49133.21911,98301.52854,,16761.89685,23481.08326,,,66660.59431,138489.68699,,,,41330.82446,,3694148.34629,,71980.51654,192349.98211,,,,,,,300066.51464,,1100817.2747900002,,1556229.37171,737407.4469,,,123806.2503,,,,,10645.94464,,,,,44092.983349999995,,,,14444.55203,,,,,78491.50817999999,,106469.49422,662111.36276,,,250067.00909
