Date,2,101,105,106,113,115,123,126,128,129,133,136,142,143,146,153,171,191,205,206,231,240,241,242,243,251,270,272,274,286,288,290,295,296,297,298,299,305,311,313,317,320,321,325,326,329,331,377,381,386,387,389,392,394,395,402,407,430,455,460,463,512,553,593,634,694,774,513,1,3,6,29,36,43,46,49,62,72,88,91,95,96
2018-02-01,,24613.9474,15033.78956,95456.64559,8777.56229,303042.42561,11964.80481,10517.57434,698.89016,8704.37754,8961.32515,291695.92044,120190.3459,5563.87993,4544.50981,29224.06618,180083.00318,3087.3296,3894.83778,11803.27559,5631.9144,3917.53925,4289.61874,44012.05284,4616.15494,19750.36214,4169.01707000001,287774.83929,243553.79136,9234.41477,32909.95875,6724.18588,70158.37951,208982.32259,98683.00093,88620.66553,263153.02396,49523.49586,1485.86322,1516.85096,241295.75091,14599.81433,1419.20128,26574.50145,5706.29403,7681.62281,8631.42694,4612.25183,7234.86932,5272.16233,5507.78396,14580.04861,3534.5256,6827.00538,9059.99797,3809.55585,11203.58194,3338.03074,10858.7854,2593.8737,3424.27882,2425.82856,8064.84325,3893.28567,3876.45488,9945.27673,787.30218,6617.32895,10.0,,,,,,,,,,,,,
2018-03-01,,47814.43937,29394.44844,175565.67689,19722.20418,586315.21798,22532.4337,19132.71095,1693.42563,15560.0925,17694.35691,557451.28149,201778.152,9457.4633,8707.68628,56570.3063,360717.25419,7713.65573,7497.88715,19738.67666,10944.14679,8358.56881,7936.81691,82144.35165,8565.51242,37061.54155,19426.84372,559139.77732,492884.63954,17769.55553,37949.15359,13562.7677,138515.60385,386192.84689,194918.00496,168076.80375,484578.71889,96111.60362,2852.09686,3022.5586,515249.26805,29895.22857,26672.65965,40207.10057,14968.09035,13544.39323,16320.68964,10010.37529,12399.66472,10942.9748,10880.88956,25509.31088,6754.04583,12916.31965,15992.07802,6860.26542,21065.88016,6337.3088,20764.64266,5836.82443,6440.79876,4732.91393,15470.90531,8368.70074,7043.00419,20549.50562,1621.01412,12267.54932,10.0,,,,,,,,,,,,,
2018-04-01,11.0,102710.29444,44375.46049,269669.92782,29523.12834,905576.1271,34795.37204,30982.09805,1985.34766,20951.2495,26632.52539,851321.30716,291748.93863,14366.93735,12851.01232,87189.29871,532854.086,11144.32477,11699.9921,31517.64571,17598.62636,13734.59053,12683.41297,121298.98766,12939.47844,55385.51189,40229.30808,846836.25772,770066.57293,27716.30973,45032.31544,21274.18018,219800.14774,584507.30913,311620.16661,256237.55551,722254.07777,144459.95877,4585.4815,4714.34964,746827.29588,43604.8843,29319.72972,45386.62813,21980.4451,20711.60866,24939.44036,15611.1794,17467.12222,17051.00282,17314.78153,56060.71472,10777.75265,20558.76947,38320.24653,10462.12106,31712.1014,9600.24486,31248.60784,8586.02828,9788.24086,7395.14796,25876.84335,14272.06232,11103.26976,28355.89105,2605.01127,18242.92224,,,,,,,,,,,,,,
2018-05-01,11.0,81152.55257,58724.27365,328655.41175,40417.11706,1213176.86861,46649.51374,44423.97252,2501.63189,23335.02546,34919.54061,1144035.29454,396486.60521,18573.09218,17077.01421,118555.78575,701238.326,14230.69021,15044.72592,37874.74701,24369.10649,19263.23799,16540.15362,162428.90224,17890.8279,72347.35218,55723.37237,1129524.04604,1044129.54528,37837.92193,49285.80506,28202.69686,300675.49884,810223.40603,424581.63707,339144.32483,950338.69453,190909.82055,6255.40688,6425.96921,997036.34582,54419.43195,31662.21062,57633.69625,26905.51936,27009.12617,34575.82893,20540.16743,22954.47048,23684.87482,24275.96792,71120.90914,14789.569,27539.92512,45631.62176,13465.22427,42470.86403,12775.33483,41941.77555,11793.74821,13243.53281,9987.00663,34712.04258,20111.31113,15083.85126,37583.16089,3673.24649,23892.87326,,,,,,,,,,,,,,
2018-06-01,11.0,111322.10323,74300.79894,420925.54647,51190.98244,1516545.49396,59202.99096,60183.30605,2794.70972,25781.70052,43271.18516,1451401.58917,508805.02602,23401.26944,21338.73535,151248.78624,880178.15291,16748.84122,19214.37837,44034.01638,31191.5626,25663.48028,20132.99632,204374.66623,22165.10475,89659.39358,70016.71702,1460702.41047,1332225.74803,48377.8637,55378.59334,35584.35548,385035.76234,1035654.86001,543219.97769,428679.04898,1171892.25601,238085.84179,7952.49331,8210.95024,1240620.02487,65106.21458,29237.99319,67601.78044,29408.25299,34210.73973,43350.17721,26226.42538,29644.59303,30982.03959,30963.91526,84802.33471,19184.22082,34525.26182,51243.66129,16179.51037,53843.56131,16141.58203,52990.71759,15170.73063,16444.7422,12646.02739,44266.65608,27360.51162,19514.09797,45691.35201,4558.46147,29959.1041,,,,,,,,,,,,,,
2018-07-01,11.0,136566.94641,92498.89377,497610.78731,62812.02042,1862879.87746,70138.51293,76871.90575,3589.67511,28466.67424,51174.65419,1762563.11305,554558.72787,27782.08085,25646.66621,183423.28332,1064508.99816,20179.37435,22819.56447,47867.3007,37968.55284,31960.73241,23587.31337,187112.87525,26987.24883,106631.45267,85181.40325,1720318.55519,1611812.20976,59280.04058,62862.45153,43690.56217,463258.69658,1266314.02476,657974.30696,517005.83081,1394826.6618,283865.81997,9581.86309,10117.72738,46346.17831,75306.90161,29402.50477,78971.80407,35738.28942,39161.53689,52585.69942,32079.33035,35767.78299,39856.74605,37022.60285,93988.4803500001,24015.57611,40932.94144,56085.19636,18677.95296,64175.29678,19331.37912,64117.16612,19051.12118,19505.50108,15277.82089,57533.16716,32935.63162,23877.60261,53209.80786,5935.97496,,,,,,,,,,,,,,,
2018-08-01,11.0,166562.67094,110887.04704,581959.87705,74173.59076,2226558.13143,82049.15048,96485.72608,4081.11098,30971.24498,59498.16601,2088594.71404,687011.13787,32777.73788,30137.55414,217631.51168,1246663.10058,23496.60067,27549.73305,50303.85829,44926.3416,37880.42344,26998.28785,224594.4024,32970.42084,125022.80538,107201.32792,2018865.19335,1891508.14199,69936.03037,68485.56901,53435.31679,544491.34449,1520590.80787,778116.60712,608504.16843,1618975.04414,333733.434,11484.29766,12046.0921,51812.84338,84156.92672,30413.95877,92169.99614,43247.14826,44264.78771,62212.00315,37356.5123,42967.46114,49064.38109,44759.51657,103165.30965,30113.95138,47326.74725,60506.45532,21256.21802,74467.64181,22988.25865,75734.305,21979.36586,22646.00713,18472.41479,72904.96981,39958.18848,28409.9427,61995.07299,7793.61184,,,,,,,,,,,,,,,
2018-09-01,11.0,193139.195,135220.6731,739627.51394,86392.39451,2601435.19719,93847.13369,112838.42467,4817.09232,33657.1233,67772.17289,2428857.01271,803500.36789,37249.42459,34500.57232,251724.36774,1444099.19077,28847.06515,31724.57565,52425.85586,52385.57622,43002.65614,29799.14761,264022.38544,38160.21584,144187.81888,124064.50317,2341761.83957,2117770.89946,81407.72963,73783.25937,62372.28456,626583.21366,1774987.43531,907096.4358,698586.74518,1834531.46539,389373.97787,13435.05951,14088.68339,53295.2622,93308.02321,28754.96087,111308.52949,50446.16272,49903.95568,71971.08578,42627.58586,49816.03482,58818.86399,52208.23702,114635.05234,36360.99628,53381.9491,64971.08428,23234.24792,85106.44057,26271.30121,87534.01901,24738.84145,,21813.16021,87934.83427,46266.27656,33013.14727,70439.60122,9673.79729,,,,,,,,,,,,,,,
2018-10-01,11.0,219768.38474,160196.0441,838392.44408,98959.38202,2964465.54853,105463.47334,130634.36527,5461.67228,36056.66961,75976.52922,2773247.51141,914139.78646,41903.93648,38277.79164,284903.17908,1628651.07459,33162.47066,35560.14577,60157.47934,61193.97867,47854.62874,34005.7787,307242.20837,42986.64203,162164.38127,138937.33606,2671780.20539,2375240.77974,93353.71691,79572.89606,69978.50566,715678.96647,2040070.54787,1039236.59265,788523.27816,2062066.68336,435267.04826,15058.53167,16087.48365,53556.71258,102630.57213,25327.72726,131233.90575,57321.88761,55254.40361,81269.4116,47895.06521,55620.26612,69182.28233,58986.32341,123910.74044,44694.90409,58522.55662,69471.70807,25007.81928,96090.20715,29086.31356,100815.42982,27001.74898,,24948.66319,99813.67789,50574.10822,37026.49597,80438.14295,12698.63622,,,,,,,,,,,,,,,
2018-11-01,11.0,248817.36597,211519.81866,952826.83389,111862.03918,3333444.63586,117713.90584,147573.04155,5253.52744,38384.58165,84713.99782,3136656.98983,1031381.56231,46409.03296,41591.03465,320148.92222,1831265.90809,37591.53156,40188.45333,62502.4324,70585.94875,53305.59871,39230.61971,353596.76907,47997.868,181310.27435,148688.58781,3044018.5849,2682179.88629,106107.39841,87424.23374,78337.7464,811037.6497,2328892.68007,1178960.17228,886124.28758,2310809.36029,479427.17798,16962.7386,18152.91442,53789.79023,112873.83854,26106.37394,153062.36825,63911.43492,61085.61412,91225.40789,53004.3947,63207.74283,79737.81804,66791.2242,129577.76737,52527.84031,64106.80535,74164.68642,26863.71507,108668.34562,,114306.86928,29176.04541,,28203.16738,108644.12863,54103.69995,41753.91065,93225.52564,14679.18312,,,,,,,,,,,,,,,
2018-12-01,11.0,275158.107,234162.51759,1042403.60783,124158.71687,3697394.95844,129450.61815,166642.12248,5160.01609,40706.24912,92869.31381,3492757.33151,1146419.08095,50379.61884,44773.93501,355400.2711,2035283.831,41587.87196,44629.47073,66622.3215,78950.01124,59289.44592,44534.90115,404767.55655,53054.00561,199404.03069,164766.40258,3413091.67197,2986080.36639,118761.74073,94383.78711,86176.76107,907557.77575,2609898.46862,1316991.21362,980471.47405,2545406.75142,528550.83084,22525.0142,20270.34174,112341.0877,122815.49944,,174449.59048,69760.42653,67934.59106,100433.39233,57665.40842,69774.52716,88822.37621,74115.86699,138919.13331,60590.09976,71119.38965,78784.62543,27932.79349,121627.40459,,126523.05446,31343.22861,,31368.49529,115201.51614,57727.61425,46049.61806,105116.34628,15585.85375,,,,,,,,,,,,,,,
2019-01-01,11.0,302263.00919,257806.31987,1143889.82582,139558.42804,4123490.04156,141898.34882,174159.90995,5099.65205,35035.31541,100683.63126,3881001.63165,1264667.30693,53882.68434,48158.26661,392564.65901,2329614.88125,46649.38313,51408.19934,55635.17788,88826.91597,65739.70397,50524.54398,462450.14647,58967.97505,220560.68734,196842.23521,3778100.21447,3210922.49345,132804.15179,104527.61107,95042.44256,1015822.08739,2907027.97698,1494403.75885,1049921.10342,2781638.39231,571973.71694,23866.45598,22471.79258,68654.24561,133463.71228,,194699.70193,77382.0092,74581.2908,109495.00818,63133.43872,77309.03081,99748.34814,82913.56388,151953.79011,71176.04514,79799.99489,83413.83727,29263.47646,136401.59306,,139370.45487,33860.34395,,34626.65962,123103.04351,61628.71663,50436.84582,117733.02871,16729.78958,,,,,,,,,,,,,,,
2019-02-01,11.0,28286.74534,24382.72646,124181.54616,11408.63642,370678.52798,11794.71544,11213.22112,199.24469,2476.45121,7463.31699,396291.1033,120132.56303,4086.45935,3439.631,36270.13682,209025.80414,3648.66522,5191.82554,194.81925,10099.23152,7406.38426,6179.52575,62079.63729,4311.59497,19854.75012,23622.75515,372842.67123,300529.6638,12051.52723,7684.79198,10511.66897,101609.79222,320930.14176,176668.7128,101862.97571,234567.28504,53567.14051,1500.48016,2063.18786,178.10735,10325.87285,,23121.95966,7667.34852,6038.32298,9486.87976,5148.73998,7139.3725,10654.49921,8271.01622,14750.42607,10943.51903,8612.53328,5265.30938,1222.32471,15393.32504,,13447.03956,1879.21731,,3302.09094,6877.5591,3507.55843,4203.05644,10875.73217,1566.71105,,,,,,,,,,,,,,,
2019-03-01,11.0,56376.34997,47331.24409,241579.93323,24880.44303,789693.43906,21408.831,23800.83715,56.2125399999995,4795.76291,14140.91074,737316.04622,232709.14883,5600.38617,5823.08327,67518.34086,404519.85677,6369.1799,9900.58434,-1181.57533,19489.94852,13604.24217,11071.45719,122448.64988,9696.29222,38243.73732,38951.71592,699562.07217,502500.17538,22189.59433,17468.90764,19956.32201,190327.92744,609656.78159,321954.50246,188542.31441,451176.25454,97667.117,3628.64759,4028.32602,718.22891,21068.70414,,46373.94139,14916.70903,10899.30109,17624.40423,9682.55108,13490.33469,19352.50865,15757.14805,23656.26175,20426.91733,15226.85903,10152.13178,2276.28579,26396.2941,,25287.94305,3616.95911,,6161.33648,12078.21814,6484.11931,8218.88946,21132.45432,2919.40463,,,,,,,,,,,,,,,
2019-04-01,11.0,84765.93308,67082.31459,342212.95884,37202.44833,1205935.289,32402.3637,38668.44449,319.68557,7236.97886,21445.65005,1101609.06421,360290.76288,8485.82924,8425.49787,99652.74896,607413.69927,9790.80823,14224.04996,-3777.05255,29713.43703,20708.23263,16051.26042,190895.32872,14299.722,55195.20215,46210.44667,1019275.74499,723633.95005,33159.53786,27761.91751,29947.03152,278843.92019,903921.15568,477285.91553,284534.82521,683560.36937,147430.49191,5146.43799,6161.80014,1156.23545,32754.04581,,63149.20751,21802.48024,17152.61532,26605.49964,14442.16858,20014.31876,29029.15264,25168.06863,32354.83512,31051.74985,22932.48818,15356.78976,3427.00033,37756.5978,,37008.5941,5950.88634,,9318.90737,19707.52348,9961.3278,12723.9578,32543.98065,4702.17901,,,,,,,,,,,,,,,
2019-05-01,11.0,114852.03158,89647.60403,429996.67244,51042.79927,1618668.95057,43510.10245,46592.63556,1051.76576,9633.70068,28857.90324,1465393.5454,487608.05046,12547.7988,11159.65359,133800.54244,810451.33873,13645.47092,18392.36266,-6807.09671999999,40136.86873,28252.40184,21226.2769,269677.43457,19924.41175,72869.30406,54471.66419,1333664.57462,1001932.88273,44790.54443,40164.34309,38985.83081,366093.10348,1191276.06446,635966.18592,388593.50313,903145.03663,205765.47869,6505.01225,8188.41752,1156.23545,44404.57607,,83886.82474,28501.33699,23380.38279,35728.42573,18707.78792,26404.81523,38956.0245,33898.18815,44761.7036,42164.46694,30545.40573,20738.02677,4409.36376,51996.45076,,47636.03218,8800.92402,,12342.38332,28059.19441,13517.23068,16925.30971,42948.49335,6289.33135,,,,,,,,,,,,,,,
2019-06-01,11.0,145753.85459,110933.72168,533670.70202,63688.78965,2031541.75084,55125.28481,54843.5227199999,994.55509,12153.45567,36911.54613,1847499.16519,623611.96263,13632.77055,13884.78482,166409.22653,1011571.67167,16251.69972,23677.45563,-9121.73992000001,48953.17611,36262.31219,26807.2203,357937.80436,24725.59557,91860.24213,67692.03594,1669718.19356,1278781.35673,56700.83372,51474.55965,48606.98851,450518.80735,1500230.71045,805669.79597,496948.6423,1140076.64019,257664.94592,7931.78671,10218.82271,,56543.24881,,106880.09425,34104.51419,29944.24458,45172.19722,23228.02812,34709.28429,49545.72256,42452.91953,61631.16138,53228.0983,38688.61297,26356.56993,,62387.39291,,59016.51821,11474.67025,,15334.8057,36361.23055,17272.83418,21407.21018,54973.34675,7590.57604,,,,,,,,,,,,,,,
2019-07-01,11.0,167455.49717,133218.00425,618902.104,77700.65719,2453725.67165,65656.28405,68258.68852,3895.7435,14614.29051,44446.84547,2196428.85757,756918.53223,16320.37109,16829.42374,199709.72703,1198207.94816,19135.02176,27961.19834,-13738.98515,57811.87984,43384.83008,31871.9462,452966.68654,30196.0181,110683.41464,80383.58302,2006728.1371,1530684.5136,68536.71578,62427.53074,57075.94466,526102.10299,1786229.34586,968717.6551,598912.82827,1367683.40676,310520.63296,9325.76078,12271.30368,,68194.43025,,127950.85332,39806.6556,35983.97049,54797.23852,27759.77248,41158.29484,60597.663,49718.2174,74532.62267,61016.59144,45507.181,31938.56007,,72800.17978,,70796.68531,14223.0557,,18288.68619,44512.79916,20804.28124,25615.66297,67475.9701,9481.41391,,,,,,,,,,,,,,,
2019-08-01,11.0,195834.47053,155060.78412,720403.12415,91599.40837,2951150.52904,76825.01126,77675.4558,4928.52397,17240.95964,52080.28005,2547537.11167,901014.65544,18993.65243,19681.92682,233894.30501,1394550.14251,18817.52259,33997.37242,-16993.82255,65178.16869,51530.06567,36998.57112,559726.318,35590.84139,130320.4743,101340.03053,2325485.23147,1775439.52615,81416.97903,70531.76723,65577.87612,615441.30378,2089266.2538,1132721.26571,721969.59165,1612556.48442,370486.35944,10764.43981,14356.61383,,79882.99369,,151526.99119,45503.71676,41950.5018,64246.40002,32197.53458,49073.37065,75554.63372,57992.35744,84763.11726,72778.45992,52959.19724,37901.01186,,84741.16725,,82339.69398,15981.84879,,21291.08825,51662.53073,24265.20781,30295.88509,77420.30366,10732.86786,,,,,,,,,,,,,,,
2019-09-01,11.0,220762.49513999998,177677.41372,814150.7719,105336.01599,3426528.76364,88227.19490999999,84853.52335,5351.333280000001,20060.26212,59884.29903,2889990.6908,1033908.0647200001,25989.31598,23434.798000000003,267133.17633000005,1585898.22571,15516.88928,39402.5551,-20148.54735,72390.94804,59890.374039999995,41641.25347,678035.62599,41726.149769999996,149194.61643,122317.01832999999,2646800.7571799997,2026823.05907,94066.80480999999,79333.03072,73988.48843,685532.2731400001,2379967.92311,1281779.20242,840723.49251,1836927.0153899998,425022.53151999996,12214.2956,16356.82517,,92360.38234,,174628.24388000002,53005.17949,48302.676490000005,73676.79902,35675.575469999996,55727.111229999995,90055.59466,66717.49979,100045.98224,85458.30001,60095.99959,43617.67299,,95212.76953,,93287.27214,18715.63079,,24412.86953,58373.93641,27714.0521,34996.740119999995,87573.6921,12026.26538,,,,,,,,,,,,,,,
2019-10-01,11.0,245794.35332,209499.43375999999,906628.2869599999,118761.31522,3882568.28854,99456.35613,96980.91359,8118.19015,22828.807520000002,67435.79522,3246510.33957,1175402.84815,28247.23158,25991.054389999998,299122.94937,1787490.1099999999,17668.0824,45325.20464,-23244.08299,79926.19994,68180.11466,45464.9057,802489.80753,47612.63707,167280.99177999998,143898.50096,2998231.74963,2314325.5341499997,105973.13702,87570.00370999999,81528.96861000001,756339.61852,2672214.5226100003,1436253.41377,952414.1868299999,2068588.88161,477380.67754,13524.094579999999,18168.502709999997,,105326.13376000001,,197399.41402,58982.381680000006,54734.40579,82884.02648999999,40201.75111,62887.40865,105055.95596,75507.04495,111623.83405,98755.26037999999,66976.90157,49010.559389999995,,105229.35785,,103289.85459,22733.24627,,27138.61106,63926.734260000005,30892.549460000002,39458.11555,98428.44128999999,13507.67422,,,,,,,,,,,,,,,
2019-11-01,11.0,272808.30605,239980.42484000002,996357.25239,132468.041,4391782.8276700005,111140.76032,107134.65592,8454.577000000001,25677.884899999997,75024.42375,3577291.10248,1323385.66226,30983.76652,27919.64392,331813.75976,1999951.04509,20968.90433,50745.319,-26627.507260000002,88334.12577,76846.30021,49143.60926,937439.73554,53639.852679999996,185813.96021,169909.20869,3362758.23699,2590229.88285,118459.06094,95611.14729000001,88987.59848,833032.3870400001,2999212.1325399997,1603729.94969,1071175.0370699998,2296856.2427000003,530406.12601,14919.500810000001,20035.93433,,118867.00802,,219315.69741000002,65316.487519999995,61735.92413,92844.68424,45092.569930000005,69979.61054,118498.74997,84663.14308,123258.6967,113851.38499,74425.70984,54545.42301,,116308.66153,,113303.58862,29286.23692,,30123.87879,70339.51049,35281.039450000004,43880.335,108286.46039000001,15516.64761,,,,,,,,,,,,,,,
2019-12-01,11.0,298544.83957999997,264064.86347,1087892.94877,146743.51246,4899445.40333,122418.11434,115657.86236,8199.16755,28245.448549999997,82111.22454,3901660.2865999998,1463130.2123200002,33022.42227,30237.58182,363105.78359999997,2209143.91236,22664.13277,56092.05428,-29071.84721,96541.65148,84851.33690000001,52274.875049999995,1076942.62181,60317.59405,203563.54582,195424.40431,3738210.3331500003,2902196.61704,130648.90195000001,105411.32987,96270.25734,912828.06287,3312289.36348,1755095.23682,1188867.0388,2413239.6558,581574.6749999999,16359.486919999998,21783.604069999998,,132645.31069,,240477.64807999998,71205.43075,69600.42094000001,102644.5341,49528.45898,76212.41433,132338.65326,92454.78616,136697.10467,126643.40835,81889.1579,59776.654780000004,,126254.1615,,122534.57728,36426.273,,32901.73767,75588.82010000001,38618.46126,48129.66799,116333.93336000001,18360.289380000002,,,825045.1638,5063294.241339999,135817.3604,6532498.06403,44646.82375,17976361.49386,36829.25857,1219274.62616,26807.027990000002,1354516.26587,112908.66692,17104.62654,1306887.8842799999
2020-01-01,11.0,334414.55276,288808.50878000003,1199848.98946,163299.51421000002,5292099.6725200005,134256.88423,113915.83845,9028.50002,30958.76721,84636.72197,4230761.48906,1610031.3443699998,31587.971459999997,38284.9703,393880.49115,2531153.4882300003,24736.763010000002,61815.242640000004,-30576.51568,106032.98947,93996.265,59630.93023,1226568.08383,67624.54905,225376.74817,221619.80263999998,3976594.05943,2739886.5457900004,143739.30462,118175.23579,104108.19537,983699.11033,3647214.92132,1921891.32294,1295567.45453,2822710.6641599997,655116.1447299999,18129.34148,23504.66379,,146059.28790999998,,262707.93081,77105.25605,76525.72714,113174.2066,54671.32335,83244.14521,148700.36217,100554.04216,147478.88692999998,141430.23278000002,89229.26221,65216.10517,,136004.50673,,132012.85154,44146.44714,,35820.77577,80725.26121999999,41901.935379999995,52941.1866,124960.8678,29396.110969999998,,,924467.5312099999,5491640.16971,151901.17038,7173438.23822,49214.91305,19666809.25846,40522.601350000004,1337138.57747,27729.44714,1490852.54644,127044.20336,18815.28673,1443184.61692
2020-02-01,11.0,25260.7708,25614.297270000003,106440.83899,11082.10798,580411.4127100001,11980.69613,8824.09389,1972.5632600000001,2791.09225,6651.48273,332986.52843,147015.89588,2684.8634100000004,3195.62256,30177.23019,219828.66457,-522.5053800000001,5026.894,-2530.21858,10439.501890000001,9183.30564,3578.49605,176042.49958,4996.115409999999,18390.13435,30303.41029,416720.89793,307893.17125,13220.780400000001,9247.200579999999,7715.714300000001,71519.1521,312618.2084,197901.27232000002,117442.28515000001,186043.83419000002,59652.792310000004,1874.98415,1711.8785,,13055.21653,,24296.88024,5354.07524,7419.92575,9613.93253,4977.5241399999995,6400.66384,16883.25847,8029.33863,11613.3493,14904.54212,7785.66243,5667.27821,,11219.59202,,10077.21192,5139.684179999999,,2864.7431,4416.7773,3727.30643,4120.46447,10072.48494,4478.83091,,,35594.99768,525191.98071,13582.56584,634564.1428400001,5199.01502,1796027.70291,3606.42546,112507.13969,2107.98375,141900.64459,14383.656630000001,1450.32232,162008.10197999998
2020-03-01,11.0,46524.52604,50406.353559999996,219705.35152,23530.153680000003,1134325.52545,21955.96897,21060.176160000003,2075.2175899999997,5265.044620000001,12711.605450000001,626796.50155,275103.5407,4863.18092,5110.0695399999995,52912.051699999996,421073.45719,-1867.7510399999999,9332.42651,-5637.8264,18251.461479999998,17925.066919999997,7157.75428,342487.59937,11109.83296,33654.82541,63173.197539999994,996417.54718,555938.95283,25530.536900000003,20024.69211,16304.769530000001,127880.88211,614125.6385499999,362441.83402999997,215437.73024,368915.34218,116283.08274,3589.14922,3444.99501,,27634.38944,,46405.110380000006,9260.980010000001,15071.67441,19341.33095,9375.94778,11904.219579999999,35507.00125,15085.8676,23742.33976,27822.051330000002,15054.97558,10942.254350000001,,19825.60368,,18210.20234,9765.65875,,5408.21794,8257.40442,6957.34289,7771.96039,19268.38013,9185.43349,,,68757.35926,967807.72072,25493.39306,1231239.87613,8583.32007,3422395.89664,6856.22535,215233.62696999998,4443.98466,272283.0724,25790.47722,2574.44219,334992.72151
2020-04-01,11.0,69731.34572,73553.30994,330335.44139999995,34796.665740000004,1722445.9062400002,32750.177020000003,32005.13339,1694.3695599999999,7697.95773,18791.94385,937283.32388,423839.48780999996,6764.74424,6736.2354,78664.12389,619554.01254,-1045.9463600000001,14385.001400000001,-7167.64428,26180.22713,27419.9391,11076.80848,502872.35714000004,16719.084550000003,50645.64219,96031.42427,1388036.3402800001,881077.1366699999,38484.128939999995,31039.613589999997,25184.61692,180654.48574,950995.41932,501815.75668,326853.05561000004,416391.1872,176130.55082,5237.5373500000005,4958.93596,,44215.20883,,72822.65327000001,13098.83992,21391.85467,29875.266929999998,14337.78867,18986.75253,58125.12531,22344.5822,34656.917129999994,40667.58651,22362.38953,15423.59932,,29571.71049,,25307.799030000002,14431.84151,,8212.82014,13734.378579999999,10471.2254,11665.04342,29869.85355,13551.01086,,,106025.95166,1482721.60979,38357.38132,1860255.6977900001,11635.370509999999,5217613.01226,10319.468219999999,317400.40076000005,6113.49802,413889.60696,40978.659810000005,3455.33752,408764.81467
2020-05-01,11.0,95694.96671000001,98987.15293,432613.24773,47565.3196,2294030.48301,42728.637689999996,47959.97852,2108.4607,9893.90867,24958.43781,1251378.96814,573527.13694,8075.52454,7751.9989000000005,103267.43936,829249.4964,-624.2890100000001,19415.73988,-8371.67521,33770.72185,35204.875889999996,14830.84429,667958.89119,22812.24133,67901.6095,123744.84674,1770287.642,879656.57836,50685.09357,42280.17571,34203.720519999995,235931.52062999998,1245993.5763,606286.40314,431314.14232,550529.56895,235490.82462,6765.00259,6553.63342,,64718.19307,,97332.55626,16409.50459,27553.18167,39846.3222,18833.04879,25185.00997,80732.69804,29387.102160000002,46854.93344,54103.355559999996,31175.10554,21332.796850000002,,38288.97635,,33170.157779999994,20967.78745,,10922.5717,20548.78424,12502.305339999999,15586.42396,39024.06849,17577.239110000002,,,142488.71557,2053352.07889,53597.945770000006,2470841.21003,14458.555199999999,7038161.23147,14040.47542,422553.88126999995,8385.61047,549827.64349,55063.1094,4889.06392,537017.89328
2020-06-01,11.0,117017.72176,118982.67481000001,561136.64833,59451.24737,2817474.30929,53170.028719999995,56475.76036,1931.9927400000001,12173.85303,31465.592220000002,1543077.77752,711297.4112000001,9970.43863,9982.06158,128618.84929000001,1013907.5476,320.93524,23849.21912,-9386.10356,41443.330539999995,43417.75655,18499.385889999998,834034.9738899999,28880.420860000002,85375.04328999999,155441.79345,2149475.37147,1219416.98398,64783.76308,54777.97718,44478.72212,281982.47311,1518187.81173,690572.5444700001,535782.61605,673734.9988299999,292677.96053,8261.08453,8073.08592,,86107.06142,,118406.74488,20191.4318,33475.259710000006,50117.83681,23452.43921,30998.75452,103095.58894,36179.237870000004,56053.47746,69832.53259,39846.14689,27206.69277,,45261.487850000005,,40871.057010000004,27418.075399999998,,13658.85097,30062.46817,14224.27922,19199.59547,49524.446679999994,20859.49031,,,179088.51271,2674199.35154,68671.64486999999,3112884.73672,17266.127829999998,8880096.75316,18061.99952,525570.2033,10120.050819999999,693223.5290600001,69963.288,6457.64692,675024.71736
2020-07-01,11.0,140407.59229,146032.68451,729359.43614,72748.93404,3319877.00637,63363.86673,41432.19749,2037.01299,14285.91513,37307.5122,1797977.94752,850990.63093,11495.40858,12648.91944,151571.70373,1193020.73189,946.86117,29145.95388,-11527.97518,48767.59967,52579.46465,22101.829810000003,1002500.5262900001,35078.881709999994,102326.76454,185523.27105,2547990.04939,1442352.9808200002,78854.43857,65853.43717,54490.73715,322178.54318000004,1778729.24645,778768.68535,637494.57216,776456.95134,346090.22163,9685.0041,9552.627620000001,,107858.06823,,140930.19921999998,21222.561550000002,39337.69416,59989.754,27651.60234,36658.86657,126209.48327000001,42839.19925,65972.71078,86873.93606,48652.88826,32874.00746,,50561.24725,,47183.63319,33925.46878,,15908.32817,39081.73343,15954.50136,22605.45269,57980.46731,24392.3125,,,195995.80907000002,3377110.04192,82783.35674,3724726.54264,20449.26542,10570106.223410001,21896.94695,630494.31917,11678.80682,833299.33592,83937.85443,8226.9766,813136.02373
2020-08-01,11.0,164272.57051000002,189678.93766,894743.26537,85967.93168000001,3875863.6683,73372.89693,40232.19008,2897.1407600000002,16460.104789999998,43913.21945,2049281.3105700002,992843.42637,11652.07155,15006.98562,175067.61474000002,1387613.91723,-4725.64718,34693.272919999996,-14375.868219999998,55859.92942,63821.42661,26374.664530000002,1188409.75645,41002.4534,118222.91716,218025.90644,2943884.15769,1710772.9110299998,94250.05685,75308.73733999999,63408.90019,356185.22182,2071476.5876000002,869518.43489,749110.39916,904316.20071,402517.31989,11137.59941,10957.262289999999,,133690.32971,,167195.60109,25716.538490000003,44967.92147,69790.20310999999,32312.30659,41758.901459999994,152280.81755,49881.24337,78586.69009999999,106950.69347,58274.2852,38811.86378,,55916.712080000005,,53830.91254,39644.87814,,17948.23014,47128.93845,17586.3158,25777.55732,66643.26547,28181.94582,,,229335.53622,4218381.58834,100369.55875,4341463.43535,24128.69437,12345446.195489999,25766.658629999998,744869.36069,13107.36976,988309.53943,98795.45881,10526.715380000001,971842.8625599999
2020-09-01,11.0,186674.14794000002,226195.29955,1023724.71575,99168.03695,4498450.75233,84123.64202,50276.62257,3354.2075800000002,18521.38414,50597.103279999996,2305290.05143,1115080.3941,13281.0293,17618.768920000002,199716.68605,1580898.2113899998,-5393.9874,40169.86272,-17114.563489999997,62315.28804,75368.58125,31228.73131,1384340.2022,47036.02281,134334.34722000003,253836.59834,3351411.07314,1906388.54348,109190.69154,84908.50163,72351.80025,386875.97592,2351007.54244,968553.15186,856748.96906,1029869.6798399999,458926.33603,12454.29806,12423.17001,,174537.06843,,196796.78554,30672.63106,50903.55665,79054.41931,36104.858389999994,46645.264939999994,178036.52052999998,56824.92442,87047.60541,129644.26925999999,68802.25816,44564.79396,,61229.33072,,60419.5281,45669.57265,,20249.899419999998,53779.80412,19313.929219999998,28796.729030000002,76711.48624,32240.87247,,,,,,,,,,,,,,,
2020-10-01,12.0,207230.49563999998,254924.58628,1159041.45034,112095.33967999999,5126363.04362,94191.88063999999,59262.21036,4649.91462,20428.23472,56874.80573,2565393.8154100003,1258046.10937,15342.45521,20390.36638,224216.162,1775245.3265799999,,44900.30117,-18657.18418,68072.37913,86817.09929,35453.51674,1592679.35704,53156.92711,151100.73016,290832.20517000003,3766353.9856100003,2150651.77696,124468.8119,95123.74459,80969.6822,416900.47904,2631969.59873,1064649.12814,959423.6924599999,1152817.8016700002,515568.885,13712.27944,13855.4681,,197523.20237999997,,226183.48554,36610.000929999995,56549.157880000006,87284.75727999999,39969.0015,51063.58038,203312.37607,63792.78909,112251.34388,152471.31181,78792.78417,50662.10819,,66410.44176,,66517.60814,54145.77156,,22607.17432,60942.80105,21006.74463,31996.30556,87376.34863,37764.11303,,,283209.12811,5668736.9535799995,136302.87838,5507612.00892,32195.857580000004,15847590.9925,32603.282659999997,998757.16006,15366.764379999999,1299236.2965,134215.94992,16969.89733,1293277.4903199999
2020-11-01,12.0,226446.07162,289805.18633999996,1302028.51308,124660.27870000001,5782630.66737,106162.64645,72113.80428,6434.01315,22272.68417,63293.95524,2827588.65712,1419303.72542,17823.702269999998,25076.47193,248715.90574000002,1985420.1344799998,,49651.436859999994,-20920.679539999997,73834.58543,99496.26663,40115.132750000004,1833882.1009,59415.07007,168009.93844000003,329854.27464,4193889.24675,2409474.23438,139758.19814,107873.20963000001,90104.69924,452164.72108,2928123.37415,1159442.46282,1070420.19289,1279010.49737,573485.93508,14997.58452,15424.40402,,220123.1973,,255550.83311,43580.0098,62390.78877,95859.41757,44608.58801,55034.880800000006,229432.4802,70079.99220000001,122520.99409000001,175041.09789,88968.44153000001,56555.323540000005,,73992.29542000001,,73155.19215999999,63944.81005,,24679.73334,67334.73135,22744.395050000003,35063.58601,99374.01676,43900.401719999994,,,314104.91438000003,6398130.58675,153368.21234000003,6100981.74617,36742.24011,17699452.443040002,35888.45824,1129521.3573200002,16864.17719,1462060.49758,152292.20813,21470.81116,1468528.19367
2020-12-01,12.0,247075.72032999998,324411.84351,1448897.97234,137781.51194,6418083.09671,116604.41011,87548.56114,8149.723379999999,24181.70641,69776.37788,3083997.43496,1535702.9496499998,20347.73239,28979.09761,274640.63361,2190386.85096,,53486.91061,-22362.67913,79421.286,112298.30886,46178.45459,2085821.9540700002,66025.78098,184955.83518999998,370490.40949,4619343.45589,2693096.09395,154681.07511,121736.28766999999,99335.44318,482993.48404,3239374.71649,1248536.8677700001,1159774.3570299998,1382108.3139499999,629562.6717899999,16439.43869,16978.26185,,242679.88309000002,,285246.21985,48912.27934,68052.06554,104596.71962,49349.65191,58711.53175,254558.37357,76271.98973,134972.15162000002,202504.81323,98557.4814,62089.74415,,79502.02108,,79366.04977,74560.17132,,26986.77627,72940.79630999999,24269.97621,38235.340430000004,110762.58622,50354.64081,,,,,,,,,,,,,,,
2021-01-01,12.0,259388.99751000002,363615.59721,1551677.72389,154074.52849,6846907.8922999995,128488.95913999999,105577.75078,10542.78824,26152.30051,76125.38408999999,3347970.8345600003,1675082.6734,23629.06413,34474.08188,302351.1878,2419199.6720000003,,58597.717789999995,,85231.39672,127057.05922,50979.93832,2363194.31973,73623.35712,204000.12859,415321.2762,5058422.1017700005,3209604.2673799996,170931.63595999999,135412.43329,109317.82911,519011.55055000004,3576792.88252,1339974.2782,1266216.0996,1455732.20166,673318.4044700001,18234.25274,18563.549290000003,,266363.74460000003,,314958.38667,55756.41998,74054.63489,114177.45553,54980.74398,62757.10103,289160.54777,81693.78591,141607.19404,233200.25689,108978.64472000001,67159.27436,,88847.06636999999,,86069.92295000001,87725.91818,,29064.858269999997,78852.79586999999,25989.43103,41522.478390000004,123714.41116,57603.213670000005,,,374874.82488000003,7986003.80587,188090.64321,7272092.346100001,45860.31489,21601641.48997,41752.59233,1383947.17642,19397.605649999998,1788682.60717,190183.66914999997,32873.86286,1821455.28106
2021-02-01,12.0,21995.41184,34353.97436,148189.47134000002,12063.44541,698326.3058999999,11403.80482,16461.1904,2383.6659400000003,2237.16341,6220.96285,267435.09654,141896.51517,2476.6628100000003,5125.57048,27963.320929999998,224949.99949999998,,4159.62195,,5660.40419,15169.291749999999,5782.53239,307614.67252,5509.5748,19825.12374,53245.554599999996,476813.29321,392025.31140999997,17406.885150000002,12213.54964,9151.134709999998,35383.64362,342200.42471,94969.7659,100221.9997,99795.77732,69693.64165,2062.43937,1647.49984,,19516.08386,,32338.730140000003,8575.723829999999,6020.18464,9852.62674,7583.13625,3178.91959,33610.00729,6681.76577,5513.56164,37110.05518,10103.29093,5502.89697,,7487.268730000001,,7592.98984,17063.578110000002,,1259.7648299999998,6872.23527,1597.41176,3028.05674,12958.07575,7987.33707,,,,,,,,,,,,,,,
2021-03-01,12.0,42580.28143,70022.31332,282763.3515,25788.5478,1351336.6801800001,21976.89793,32659.66961,5194.21934,4004.90304,12279.73446,519947.80087000004,276635.42774,4415.8097,9500.626199999999,53130.01137,436966.94552999997,,9269.30527,,11004.40904,29917.9895,11899.26547,613498.9517300001,8819.75128,37067.48349,103272.23732,926963.89574,769528.86367,32920.242,24632.89205,20549.71342,69145.20218,644883.71463,173829.7386,192454.63071,215873.02969999998,139677.01903,3822.62932,3159.2420300000003,,37658.897959999995,,72559.43397,17124.065049999997,11058.89132,18341.83043,14260.28319,6801.20186,65330.08314,14918.70512,10883.864739999999,72857.9513,19358.74455,10368.30022,,15152.26744,,14170.22402,31346.3055,,2386.35604,13547.58606,3062.42155,5544.81893,26579.61586,16047.18909,,,,,,,,,,,,,,,
2021-04-01,12.0,66968.12067999999,115877.80803,434457.10119,38821.68377,2029068.2475,34526.6396,50602.97512,9007.75462,5224.647489999999,20091.038999999997,789310.35858,432908.15597,6200.96764,15076.81006,79733.72999,662377.7816100001,,16578.14185,,16748.19663,49337.6315,22254.53721,978101.49767,11675.10826,56271.15739,157656.95496,1415579.4290399998,1189447.13265,50376.07181,38771.67376,32266.65503,110582.16922,1013191.542,271988.25906,299013.81956,405629.61445,217216.43464,5716.18161,4743.2271200000005,,58135.233,,123077.47369,26875.44355,19901.823409999997,27505.88738,21705.24018,11277.51516,102507.42808,23337.44921,15079.85186,110398.68969,28753.8462,15827.656729999999,,23731.289149999997,,22388.808269999998,48729.40098,,3851.29031,20001.858129999997,5317.26104,8439.92837,44371.22911,25754.092109999998,,,80640.2202,2898215.59046,51125.381089999995,1811932.37458,14403.43915,6345306.07599,8154.59691,387959.84541,4268.70348,483702.75854,58743.24545,22430.99132,528469.99411
2021-05-01,12.0,89084.41371000001,155607.87555,589734.6271500001,53372.283449999995,2767467.73917,46671.469260000005,65681.42109,12358.09931,4287.98733,27993.52404,1068044.73557,585191.3895899999,7311.13043,20850.79105,107967.14254,894872.81533,,23525.95978,,22293.43926,70787.82214999999,31233.44047,1363269.89261,14757.47896,75529.79261,215518.08215,1879820.67566,1596817.7656699999,67473.04686,53320.50021,42910.375270000004,149363.54137999998,1374751.69914,374584.02812000003,408105.95709,540377.93486,295144.89602,7518.635920000001,4168.45532,,75249.62461,,175407.53312,37467.26707,23392.05672,35718.58311,29671.05639,16744.539230000002,137611.67750000002,32909.36488,17833.26527,147756.88826,37864.21109,21218.60925,,35986.26163,,30377.28479,65212.575150000004,,5407.3792300000005,25903.7362,7040.45733,11470.47689,62322.58231,36755.62174,,,,,,,,,,,,,,,
2021-06-01,12.0,109328.52093,200021.24151000002,750217.19483,67946.47807,3526188.81225,59263.3663,85006.44261,16350.73385,6900.03836,35053.65963,1360451.74064,751796.6160800001,8855.248870000001,26809.247639999998,138820.85158999998,1128853.84258,,30380.55006,,27774.0677,93151.35557,42407.00876,1778770.9207600001,17857.609809999998,95861.06691000001,278836.29355,2374615.6336600003,2056879.03052,87261.00698,69953.49893,54106.89596,194949.97792,1755115.08819,485685.00471999997,519247.04642999993,668021.90209,374650.55431000004,9366.51454,6042.0862099999995,,99235.61932,,229000.28412,56494.10274,29696.52764,44737.37176,38205.44256,22797.171739999998,174808.95205,43459.35374,20706.544439999998,185493.97188,46943.657020000006,26831.38215,,46331.62737,,38759.162019999996,81144.39436,,7117.97081,31881.75333,8979.83518,14399.404499999999,81318.6996,46929.217110000005,,,,,,,,,,,,,,,
2021-07-01,12.0,130319.82272,244665.87562,873587.81358,82387.41713,4234301.84588,71471.50782999999,106970.72429000001,20704.192079999997,13597.69124,41847.89316,1659836.64382,922988.62078,9748.03298,32462.259199999997,168012.37277000002,1363528.5374699999,,37248.3706,,35071.905739999995,117480.10131,60360.78452,2207426.09717,21429.23107,117744.20952,343759.71305,2875487.88713,2489507.70892,107234.34766,86652.29593,64873.88922,239663.83988,2131009.43683,596511.37251,633204.75411,810725.05551,455224.99607,11124.15273,7680.0429699999995,,114068.97398,,283905.40012,72203.41794,35621.761130000006,53931.12489,47032.34457,28115.09998,212626.34472,52986.25605,24211.26246,228077.42038,57287.60512,32132.748900000002,,56049.790479999996,,47457.59902,96349.64009,,8685.43094,37891.65615,10939.280460000002,17291.50384,98378.00590999999,60122.89151,,,,,,,,,,,,,,,
2021-08-01,12.0,149033.06665,293968.12064,1041178.30165,96730.86714999999,4987204.88551,81908.32599,130626.82201000002,26138.93545,16124.249639999998,49081.761790000004,1975233.97033,1100428.11974,11266.09643,38774.49249,201375.63726,1622283.20656,,44148.07687,,44538.55152,145511.18701,79926.75317,2671839.83423,24441.91859,140317.53373,415242.60242,3405897.42403,3012048.29796,127852.95854,106500.14355000001,75971.46031,284731.063,2530563.1063,730115.84429,754373.3124200001,936938.26872,539902.28641,13148.54724,9473.904349999999,,133620.53220000002,,345134.92267999996,90354.40877000001,41979.09485,63965.42586,55605.66853,33557.81355,253754.59855,64247.97792,26581.9367,276907.67067,68899.4931,37803.06562,,66054.55124,,56671.40145,112733.45405,,10721.0329,43933.56861,,20283.52576,117769.27737,73120.11529,,,,,,,,,,,,,,,
2021-09-01,12.0,175890.8706,343455.56726,1191413.7806900002,111780.56594999999,5764301.20854,93227.93319,154658.80414,31761.21612,18714.62077,57086.10805,2305170.85983,1291350.98978,11713.718569999999,44996.74217,234846.40178999997,1873447.77669,,51308.49819,,51548.55139,174125.87934,98828.5217,3133872.0056000003,30709.9234,162746.72967,486050.48543,3964454.39217,3456363.11283,148254.94856,124335.04498,86181.60537,330764.99136,2934053.07647,874127.76176,877541.2019699999,1046352.84224,622904.6541200001,15398.776720000002,11921.60155,,151723.67324,,402819.48744,109906.83629,48435.00593,73325.87332,63805.150519999996,39711.06609,295063.28765,74744.71196,29012.931859999997,323602.57616,80070.50119,43657.71765,,75698.29716,,65753.63898999999,128360.49108,,12904.797990000001,49710.7759,,23176.80601,137264.67343999998,92684.2994,,,,,,,,,,,,,,,
2021-10-01,12.0,203191.05443000002,389620.46771,1336189.55957,127402.8304,6580978.27607,104337.0511,179306.60199,37889.92766,21219.18316,64064.08604000001,2645805.29263,1478466.32758,12047.32141,50224.76821,266944.84014,2121187.06416,,57445.371450000006,,59161.220069999996,201936.46193000002,112244.8803,3608842.90808,,184543.19989000002,556301.26364,4507595.51588,3885582.1265499997,165969.28983,141598.50302,96060.94819000001,373783.49535,3340835.70243,1029842.23462,999916.40382,1160557.79541,701727.55618,17767.46662,15050.36658,,169968.25904,,461592.56975,134237.36191,54961.73618,81802.16188,71725.16651,46648.9421,335097.96815,84563.45874999999,31668.66215,366813.12162,90270.00108,49636.12707,,84807.83115,,75036.83812,143747.17741,,14925.420900000001,55294.89146,,26179.796889999998,156558.71938999998,101910.4082,,,,,,,,,,,,,,,
2021-11-01,12.0,228115.21159,442847.88912,1497156.7493099999,143195.16752000002,7442244.114,115203.90178,204955.1517,44243.629830000005,23805.00163,72557.22915,3002650.66354,1672940.83593,12948.070389999999,55573.90459,301833.61982,2391335.92756,,63184.63102,,67217.9036,233054.11499,127109.02593,4115649.9294100003,,208294.55163,633447.14984,5072437.0479,4349474.4013600005,185690.91809,159599.50233999998,105825.61015000001,419213.92083,3768920.15331,1200157.67652,1119491.9155299999,1284707.36482,786818.5700000001,20176.50779,17689.4462,,190454.05961,,514734.57763,157005.60179,61919.8776,90211.57992,79553.64263,53260.40001,374709.32342,95901.05308,34854.00362,418189.27080999996,100052.06559,56018.988489999996,,96101.65909,,84070.87690999999,160390.06381,,16694.286519999998,62388.47532,,29445.91274,179804.61729999998,108042.1905,,,,,,,,,,,,,,,
2021-12-01,12.0,248576.92356999998,496423.76891,1642012.03188,159498.87424,8331003.933460001,127201.36376000001,229855.12853,51626.5321,26350.71688,81780.06136,3351029.53272,1867110.95711,13464.83755,61545.90853,336126.99422,2667914.24137,,69662.66733000001,,75558.76203,264792.65933,149258.84081999998,4621066.4378700005,,231854.96454,712404.95956,5682417.214310001,4802272.55566,205561.95163999998,179319.24251,114505.35334999999,465208.31695999997,4209399.40794,1374307.2848,1245942.6960200001,1407589.41643,871096.73703,22727.551779999998,20339.850599999998,,213366.98912,,567196.6390699999,172744.73669,68775.58214,98916.76702,87359.86943,60655.655430000006,416385.65867,105767.22187,37171.14173,483279.36632000003,109203.87415999999,62281.40819,,105362.51877,,93069.88541,177734.25467999998,,18186.522660000002,68875.56403000001,,32636.178719999996,198825.48889,116526.35334999999,,,,,,,,,,,,,,,
2022-01-01,12.0,276106.35393,554749.3475500001,1818306.47424,178097.74827,9230891.15467,139482.47161,260525.24091999998,58536.897840000005,28871.260870000002,92026.88603,3727373.99536,2064946.7786199998,14671.97676,67247.00957000001,374260.98754999996,2972449.58759,,75630.70181,,85667.91996,298641.11384,162860.18680999998,5182759.95517,,257062.37957000002,803866.8110900001,6332586.87222,5259515.92656,227313.01618,200112.24680999998,123733.63311,514452.35084,4682146.8028,1543569.88019,1382659.08831,1433278.20249,943048.5609500001,25576.51513,13556.22994,,227918.94732,,626279.6664799999,187611.33726,75525.55552,108591.88554,94007.39339,67919.01547,456835.74513,115485.46804,37991.25971,550680.90019,118740.15843,68590.98602,,115559.85002,,103113.99978999999,195391.31303,,20033.29707,74713.28006,,35890.53376,217051.87524,125680.95942,,,,,,,,,,,,,,,
2022-02-01,12.0,26464.29878,61530.66828,184077.96917,14829.27967,1006106.50039,12995.59671,22932.24172,7479.82631,2374.37092,10051.053960000001,402906.77822,204676.61185,1384.34249,6460.76939,37564.09275,302149.65959,,6531.00683,,9602.16863,29508.2617,15648.66509,605959.46516,,26067.409949999997,87734.48465,669318.96368,452238.88652,20297.06865,20745.61828,8603.062100000001,46803.711800000005,485237.11043999996,175760.18998,123488.03542,141337.64204,88977.88708999999,2985.91496,3037.8716799999997,,18426.51538,,56910.88207,15186.33262,6567.8092,9487.90372,9423.27617,6386.040849999999,46479.99607,9273.08539,2742.02644,66145.67472,9320.371290000001,5863.46284,,11506.011989999999,,10329.09397,18641.59724,,1753.13635,6508.0756,,3022.90882,18253.095999999998,14076.63893,,,,,,,,,,,,,,,
2022-03-01,12.0,47199.8168,113784.93966,328280.70689,31242.7363,1876059.57393,24275.27624,58290.117340000004,15572.32207,4494.192499999999,18946.547290000002,804532.1933,395745.53353,2085.66606,12139.70169,70626.43961,583719.41449,,12414.3347,,20457.373,54336.627290000004,27981.76058,1116514.4615,,48287.04844,158096.70071,1313302.49675,942352.8287000001,40366.78514,40496.78556,16185.91167,83101.04493,937798.05776,320130.92091,237984.36709,,167925.65566,5644.41713,5620.87162,,33261.20781,,111942.35535999999,31118.39561,12222.562290000002,16860.86944,16255.922040000001,12326.19921,87595.7301,17843.61588,3181.98317,115489.9635,17006.55747,11010.29531,,21000.89153,,18434.437469999997,34385.503919999996,,3357.4752399999998,12256.31712,,5740.80311,34611.372129999996,24107.53435,,,,,,,,,,,,,,,
2022-04-01,12.0,67687.21891,160596.63671000002,500251.57158,46883.347550000006,2830139.24272,35446.493429999995,98430.99211,24243.23127,6737.67641,28320.72338,1315259.8201000001,619673.1968,2270.67386,17739.00766,104656.56075,901403.2834099999,,18580.86805,,29409.2356,79661.77668000001,37050.40824999999,1935578.29675,,71744.42833000001,236027.39181,1986756.79762,1406955.89687,60999.9539,62897.428920000006,22053.55196,132020.06315,1438889.7610900002,439927.72624000005,356254.88369,,262696.65787,8301.231530000001,8464.68923,,52861.07604,,161546.80568000002,51882.62434,17413.72198,24925.8069,23843.75328,19549.33113,129822.50754,26249.23921,2158.07633,163541.16915,24219.45113,16362.20587,,35706.76531,,27191.31836,50565.57954,,5198.5523,22832.53077,,8218.71915,48359.06832,30782.86731,,,,,,,,,,,,,,,
2022-05-01,12.0,84935.513,203779.25982,653635.9910500001,63553.541750000004,3789022.44593,47509.652279999995,137971.65449,28621.86261,8866.44699,37962.89982,1819913.45774,803459.8027,2889.50194,22858.14931,137332.25996,1235728.4162599999,,23958.58853,,38681.94369,100862.07781999999,48908.90645,2366025.80211,,94687.49210999999,320661.1838,2652859.40926,1879492.95343,79709.24850999999,83235.63446999999,27567.04353,188213.21847999998,1909467.84014,562987.2936399999,473484.06609,,352006.46226999996,10684.83932,11241.026890000001,,72074.14891,,213428.22796,76435.86239,22185.79575,32094.18455,31317.05754,25808.08824,163531.01597,34923.31265,2329.5467200000003,218369.58526000002,31278.227059999997,21562.87587,,51525.16683,,36417.61157,60606.00358,,7006.30081,34034.92727,,10854.40191,61013.18589,37468.94138,,,,,,,,,,,,,,,
2022-06-01,12.0,102340.61516,247153.50668,821218.19469,80129.0823,4707497.141650001,61372.43227,180944.7577,34938.01613,11049.87807,47624.494210000004,2326060.3651,1021354.828,3356.98217,27870.718839999998,172163.14667000002,1588218.5863100002,,30080.00268,,47895.280300000006,124796.67793,61552.948110000005,2816698.35583,,120459.25766,402737.95405,3334545.54687,2416106.42374,97020.26845999999,103078.40953,33238.2504,254443.52807,2412721.18688,749760.9773299999,603187.80176,,440639.42463,13142.10259,14119.16195,,90476.6466,,270758.68449,97480.44608,26111.11382,38523.06922,39053.602159999995,33239.91901,197349.32582,43621.00543,4045.6395799999996,270786.8927,38885.99028,26985.900820000003,,70477.99632,,48123.58029,73693.90335,,8851.336870000001,46063.27521,,13629.10314,73341.51183,44352.28053,,,,,,,,,,,,,,,
2022-07-01,12.0,104152.10906999999,274698.90371000004,1048385.24349,101635.00143,5578244.35208,76871.40897,254.80377735,31673.098289999998,13728.61759,60057.57714,3090946.94325,1196884.71478,5077.7006599999995,27640.71499,219464.65764999998,2051272.3625899998,,32816.665270000005,,57426.62,112805.81875,81683.79710000001,3392962.712,,153370.08266999997,482523.23097,3880617.6870999997,2846980.57788,107705.2731,123821.47365,28709.86122,382025.32436,2963194.1493200003,1059062.51953,727509.9207199999,,541240.6874299999,17806.627200000003,12836.382070000001,,107462.76407,,328396.29589999997,112937.27695,32731.312719999998,42443.37607,44448.939809999996,38351.222550000006,220745.83361,50901.64094,1682.4298,284944.07779,38250.85687,34653.83023,,104537.11828,,69884.89459,55673.32414,,10683.74007,66567.11038,,16646.84089,78646.34843,24553.93356,,,,,,,,,,,,,,,
2022-08-01,12.0,103852.01374000001,296728.90793,1236769.6108,123846.68817,6573263.8303000005,93194.00011000001,,27231.12958,17008.67355,70572.66663,3944772.85341,1374604.30033,7192.74302,26869.365980000002,271183.01103,2521011.0237499997,,33686.15361,,66047.35721999999,93365.30416,102506.58577,4043507.4019899997,,181993.5338,537540.17576,4416697.47409,3227518.10907,120699.76631,145056.81526,26942.893210000002,527618.58837,3534133.6362699997,1471020.60396,832927.50625,,622822.765,22756.21713,10777.69023,,119808.44483,,382479.66013000003,124047.37636,40371.60073,46764.581640000004,50341.76953,47599.67234,237505.13482,58550.099109999996,594.38283,288632.20535,35246.902570000006,42206.65311,,142931.764,,95035.64103,26032.96812,,12702.40712,93060.59788999999,,19798.2162,85939.84887,5373.248430000001,,,,,,,,,,,,,,,
2022-09-01,12.0,112570.10271,321942.75544,1424898.08415,147714.26595,7341666.8532300005,110796.20900999999,,31653.6845,20588.22498,79833.78528,4828874.63111,1564040.32272,9302.46412,26493.28229,323766.67371999996,3012508.55321,,36249.75785,,75901.07089999999,85212.70106,123296.45176,4892378.75385,,210995.14218,576623.57664,4978059.9721,3540683.49326,136872.8276,171677.75537,24268.03274,684970.1058,4127612.2249399996,1966962.57088,937873.00927,,702197.74645,27771.133899999997,9891.3403,,134274.49697,,435801.06505,142341.42291,44041.05601,52340.64188,55817.01478,55977.65016999999,237360.60087999998,66069.86692,-2288.44443,303825.86754,33037.73393,50460.70809,,179500.40192,,120637.3401,37915.4166,,14956.88522,144214.70758000002,,23180.0814,96765.83867,-6855.38908,,,,,,,,,,,,,,,
2022-10-01,12.0,112936.19565000001,357424.73983000003,1608848.46229,170787.04861,8073700.67459,126462.56258,,40972.76354,23313.98718,89009.20583,5720244.41022,1741449.78216,12461.77353,26800.29851,377781.85701000004,3537878.85958,,38571.45703,,88470.0254,90923.71277,141413.68587,5743726.82518,,238016.62396,632627.97832,5493792.923359999,3765754.7016100003,155530.84493,198253.74622,21994.969820000002,840886.93701,4721828.194730001,2463523.04356,1047166.2753799999,,780893.4057799999,32468.70825,6759.68235,,151758.13587,,480852.05594,161014.74425999998,52644.06207,57675.2963,62232.45295,63557.324219999995,264573.6445,73087.07479,4215.43839,323825.02015,31346.21262,59181.51352,,216164.07520000002,,148165.89739,56424.695700000004,,17196.406410000003,250049.34621000002,,26505.8536,105533.21549999999,-12252.58127,,,,,,,,,,,,,,,
2022-11-01,12.0,114211.32405,403218.32979,1811988.30477,193809.62123000002,8861998.93013,142927.7204,,52351.94358,26247.2514,98791.77008,6674030.874220001,1926067.3511,16446.429210000002,28408.70105,433549.15206,4105341.40122,,41184.06972,,107420.27452,101616.85175,165816.96058,6632770.85697,,270924.09792000003,695453.92539,5957360.739990001,4081832.26656,177358.08312,225247.27142,18900.688850000002,1000548.1211600001,5377908.150049999,2988815.2956600003,1183188.8808000002,,874966.6465599999,37157.62759,8383.56634,,169031.0153,,526073.95311,184368.3946,62526.25316,63678.02258,74565.29529,70451.87556,290343.84259,82251.11688,16595.348179999997,346831.74064000003,31344.51959,67846.74819999999,,257288.02997999996,,181188.5285,,,19508.57647,363508.38782,,29758.283639999998,118400.44138,-12805.39949,,,,,,,,,,,,,,,
2022-12-01,12.0,115204.43039,422455.67724,2050219.1590699998,221573.43702,9678611.53853,160365.13137,,64893.08192999999,29478.159300000003,108724.82832,7718018.10156,2100426.33028,21164.78013,30068.53447,485812.79487,4685699.04791,,41680.19445,,129420.99931999999,119669.76382,188740.30205,7508499.3499,,306742.39078,756996.2013099999,6425793.96995,4435031.72104,199642.57777,255058.72673999998,15834.91983,1169507.22466,6069972.91251,3523561.84462,1332401.77703,,956241.6868799999,41797.276920000004,10384.32117,,186204.46033,,567750.26546,211397.36932,71625.09828,69810.9224,86230.73875,74925.11392999999,314834.50359,93309.08182,28376.50574,372515.57707,32148.659119999997,76921.28090999999,,299757.84872,,215319.63590999998,,,21667.28324,490563.56842,,32702.49989,145185.12993,-6829.64209,,,,,,,,,,,,,,,
2023-01-01,12.0,120209.76366,445160.72076,2291585.05199,255238.25948,10154550.76234,186828.37981,,80127.93135,33126.97677,119798.50158000001,8773165.62782,2260883.8274499997,26498.943489999998,33091.43675,540067.05845,5291899.34682,,44494.40862,,144916.49195,141152.82809999998,216748.31858,8486073.114740001,,344842.02608,840147.5047599999,7052851.46074,4994243.7561099995,226777.14403,293315.34549000004,12804.99791,1316910.29549,6831617.22629,4116983.8831300004,1498968.7366799999,,1078914.08863,46668.56843,12864.737579999999,,205677.4792,,606217.82444,263538.58916000003,81291.08221,76531.49113000001,94833.98615,79774.81041,346062.15472999995,107940.01501,120522.31564,410418.64699000004,30606.769220000002,86633.5395,,344979.50482,,255369.39724000002,,,24095.23193,660892.8379,,35272.5108,173939.2935,-9863.90477,,,,,,,,,,,,,,,
2023-02-01,12.0,3854.2445500000003,31091.23586,236298.47577999998,29011.45858,905415.80959,20977.25801,,15140.10839,3830.83825,11398.69723,1018628.4119099999,143793.29385,4466.15323,3320.31652,52716.2917,601048.25512,,3819.9568099999997,,16456.172039999998,26811.28785,30168.6055,960357.7080600001,,38011.835759999994,70018.61674,471448.8713,380563.73997,29893.9638,41115.095760000004,-3399.18332,177985.17748,758163.2919300001,621836.98466,163689.09715999998,,125693.98868000001,4933.38897,2406.75776,,19557.28364,,32629.312009999998,56103.37599,13810.81876,8012.159119999999,16027.629659999999,2741.45324,47336.28504,15970.0004,19888.160679999997,42512.568459999995,-1326.04915,10603.874790000002,,42671.83831,,43719.876560000004,,,2595.62962,171736.81148,,3059.6952499999998,28500.5989,13060.20253,,,,,,,,,,,,,,,
2023-03-01,12.0,8091.52531,56241.335730000006,422220.61098,57200.21922,1672591.59194,38560.9578,,28054.80142,7243.88035,22953.827690000002,1944314.67518,273065.77936999995,8008.376560000001,4767.941409999999,94541.5649,1151076.1207299998,,7125.022379999999,,28362.91682,54348.25834,,1815593.9794,,68304.16811000001,143881.17577,911307.88112,685055.34747,56596.26851,78878.11273,-6148.16315,330357.3206,1363302.59226,1159777.57937,303975.55136,,222880.80746,9362.23763,4574.50795,,37542.19597,,,105825.58909,24982.44889,13754.46621,28873.80341,5647.74822,77838.10024,28833.69861,31451.64818,75198.08469,-3309.51247,19462.3433,,79367.85492,,82391.17727999999,,,4933.2640200000005,180993.15000000002,,6417.98574,53871.642029999995,22508.438120000003,,,,,,,,,,,,,,,
2023-04-01,12.0,16475.240070000003,88995.63364,632393.76846,84557.40295,2522296.3714,57155.43917,,42706.97955,10969.48115,37715.13506,2878049.40527,416424.40671999997,10772.979790000001,18254.45934,138971.87071,1772483.43989,,11366.91056,,44270.98131,81009.11603,,2753498.53008,,100226.15684,239267.58922,1407623.28244,1065418.07788,86147.65912,125905.14465,-8762.370280000001,508430.59569000005,2152025.3057999997,1775031.86368,457134.96282,,361326.75903,14351.0275,6912.41251,,57230.53798,,,142432.03571,36890.274580000005,20726.78071,42849.066,11364.08887,114179.85854,43929.511419999995,50129.33009,120352.62984000001,-3937.39516,28995.609099999998,,119701.78547999999,,124455.18715,,,8127.3641800000005,187948.87719,,9424.42947,83834.05494999999,32838.33799,,,,,,,,,,,,,,,
2023-05-01,12.0,27419.35284,118492.53013,816312.21359,112958.42828000001,3419771.11512,75274.79916,,55333.69485,14164.880580000001,50568.07219,3809189.70811,556484.30178,14091.932359999999,26174.98344,180700.23645,2389367.35353,,16558.06912,,63572.36968,112537.50825,,3649091.96704,,131511.38893000002,330622.85133,1876561.0747,1464210.22405,112901.65616,162924.45788,-11479.77831,669268.5040699999,2826299.57642,2350823.5418999996,613279.56161,,469291.49223000003,17879.73771,9350.043599999999,,76741.66575,,,173226.39909,47376.079359999996,28175.253380000002,53208.62075,16111.87491,149414.73771,57343.1645,68609.09836,159677.88367,-994.34912,36840.02141,,156568.39568999998,,159702.68241,,,11006.56418,200896.20618,,13034.71304,98990.96188999999,41636.986319999996,,,,,,,,,,,,,,,
2023-06-01,12.0,42673.20531,107518.33368,1043941.73681,141707.06073,4355506.33413,95968.59646,,69600.35266,17322.51989,62940.38856,4874183.27306,702818.4635899999,17595.73332,30954.555719999997,222106.16748,3018514.8586,,22519.547899999998,,83751.99215,158063.62296,,4571207.84125,,167584.49493000002,416489.37251,2265768.07266,2050646.87253,141699.21896,197657.27271,-14676.30847,836310.99756,3577346.44079,2950718.43033,785263.0450200001,,601457.1658,21337.175030000002,12194.90518,,97633.55407,,,205058.97381,57715.034,37446.692149999995,62754.33098,22094.17078,198290.05218,73269.87250000001,90837.96346,213806.60499000002,9810.36644,44562.96935,,194903.72293,,191922.244,,,13884.28528,214201.29517,,13146.024309999999,114517.90581,53295.87055,,,,,,,,,,,,,,,
2023-07-01,12.0,57290.94207,135802.64792,1298723.4381000001,170365.23652,5402081.3319999995,116226.18941,,84426.86947,20349.601369999997,74480.17658,5926677.59139,852137.7625500001,21197.852300000002,35141.78492,263176.93447,3701410.7663700003,,28634.756840000002,,107619.77997,210462.80988999997,,5517016.18898,,204490.86069,509144.25795,2517874.59115,2659985.74045,170231.26155,231365.98760000002,-17607.308849999998,1003048.78414,4306635.95081,3540877.9248699998,957485.05792,,739993.51489,24667.567030000002,15533.77316,,119894.29647999999,,,234902.31101,68280.10197999999,47056.01845,73827.71370000001,27816.86229,240185.70708,89637.08791,96786.83942,295831.104,10548.53061,52043.53985,,235763.19478,,226082.42949,,,16663.84229,227139.37699,,15369.75822,130679.18985,67734.19891,,,,,,,,,,,,,,,
2023-08-01,12.0,73844.62258000001,167930.97071,1572690.2955099999,202818.22374999998,6564908.04178,138392.32765,,99787.89064,23499.55963,85999.57714,7024314.07597,1015801.91192,24857.073620000003,41395.838709999996,310358.94472,4434843.77169,,35489.91113,,133824.20264,271377.32921999996,,6535634.49084,,243734.83518,605207.65194,3001583.8515999997,3308454.73151,203693.94636,264668.22507,-17393.0218,1178887.12291,5094254.53516,4154508.2357900003,1154805.90784,,889652.1094900001,28066.1708,19203.85664,,145356.48828999998,,,,79858.14977,57229.62115,84484.10837999999,35130.044140000005,287943.75596,106639.53526,110268.08771,370700.84216999996,16305.133479999999,60007.58182,,272999.4032,,263462.62153,,,19500.45226,239879.26755999998,,17613.2134,149116.25419,82617.99872,,,,,,,,,,,,,,,
2023-09-01,12.0,89007.04024,220327.68837000002,1845643.04932,234910.88263,7704712.1367500005,160548.29588000002,,117083.20211,26555.621649999997,100608.74102,8105719.28166,1184811.57606,27957.30495,46801.237550000005,354462.816,5165384.54839,,42826.81149,,159364.97425,320309.07022999995,,7588208.05441,,283742.07643,698885.8017,3465251.70306,4025906.9717900003,235904.15891,302245.63395,-16070.898679999998,1354594.06291,5823181.04375,4779154.13521,1357827.04455,,1015759.8644099999,31164.97503,22955.77853,,172513.30103,,,,90906.88790999999,67909.62757,89693.53451000001,40383.40407,344953.64018,124895.44498,122136.40636,462210.13139,22399.938420000002,67691.52391999999,,308516.85763,,294180.66227000003,,,22059.315720000002,252542.79176,,19888.4427,167793.81832000002,98705.26051000001,,,,,,,,,,,,,,,
2023-10-01,12.0,103868.00846,267037.87021,2095716.3958800002,265672.44818,8829271.2282,180537.58713,,132621.11966,29510.20951,112837.11416,9077765.91721,1356429.92017,30669.65939,63043.113040000004,390253.76036,5815180.61028,,50442.62487,,183293.85185,364628.59321,,8624076.206109999,,321112.22673,790275.15297,3844771.14069,4741398.15922,268904.82622000005,334786.23381,-14142.72536,1482746.09397,6352626.1071,5397728.16692,1562126.67469,,1148124.39907,34168.25325,26619.79256,,198102.07983,,,,101028.99828,78160.79388,,44576.21854,400440.44893,140597.89893999998,136156.00993,547756.10431,28887.61101,74985.00524000001,,340218.80829,,330935.9301,,,24371.85687,263183.21328,,22072.12963,185090.74911,111629.48070999999,,,,,,,,,,,,,,,
2023-11-01,12.0,118489.42138,306549.3732,2321629.66695,295441.60489,9986085.38029,199824.80544,,145517.95627000002,32570.382299999997,126613.32243,9999139.76962,1534138.64952,32768.82817,82294.51218,430766.48767,6501134.245829999,,58061.24462,,205318.26863,406632.05068000004,,9706176.484420002,,355056.36494,879100.6489200001,4439158.33753,5347159.05994,302130.58124,367269.63161,-11734.727850000001,1630653.33602,7209755.74429,6026902.2413800005,1780347.00572,,1285563.9136899998,37054.79343,30476.18951,,220981.38839,,,,111425.69702,87242.49716,,49366.91356,450581.79424,154360.99139,150554.39654,632821.51917,36039.90861,82709.38781,,376933.72273,,365609.60276,,,26638.76339,273549.69808,,24283.09835,203169.20275,127513.18428,,,,,,,,,,,,,,,
2023-12-01,12.0,130374.6592,340614.1596,2563495.71191,323994.62022,11145299.17306,217972.67586000002,,159966.98283999998,35496.977739999995,140613.82341,10968996.82048,1705873.34294,34722.01537,96988.75796,473274.90671,7182768.83355,,65452.89674999999,,228832.6156,457016.19998000003,,10795596.37187,,388766.70158,975789.41807,4977237.69039,5971803.70861,334825.99269000004,398719.98561,-2727.40279,1745576.87322,7907574.44361,6632192.59219,1993629.45249,,1423516.06399,39839.44481,34156.01503,,244106.77542,,,,121611.20521,97794.08822,,54482.7303,503097.93581999996,170917.74174,201268.41812000002,726458.58492,43623.637500000004,90392.39786,,414549.39713,,398783.81924000004,,,28826.84041,285135.59529,,26439.75253,220245.96549,146573.81358999998,,,,,,,,,,,,,,,
2024-01-01,12.0,143997.44959,384355.11586,2811730.6604999998,353045.32588,12365483.97666,237141.06457,,172474.24393,38728.34203,155288.75077999997,11997079.381269999,1880269.02346,36842.4829,118599.9364,514668.2339599999,7888415.09224,,73598.98087,,252150.51026,512398.52115999995,,11995948.916749999,,424026.75518000004,1073106.98081,5474528.9039,6679665.835349999,371871.70589,431500.93475,235.4469,1877301.5621800001,8640708.09667,7225371.55154,2219422.79685,,1579838.74379,42666.749350000006,38433.66691,,268251.61043999996,,,,131858.22160000002,108763.26819,,57902.20025,547242.94202,187392.50830000002,219821.92768999998,826777.2384700001,51138.50696,98922.23264999999,,456861.19633,,435743.26885,,,31006.58958,295569.12015000003,,28730.269369999998,240452.54006,168266.27692,,,,,,,,,,,,,,,
2024-02-01,12.0,11521.43827,30020.20206,269469.60709,28110.74404,1227690.6259100002,22440.46614,,12901.17616,3738.97687,15365.11882,1012762.68975,190997.53741000002,1931.76908,12584.851569999999,43399.675670000004,747240.2972700001,,12681.629770000001,,22022.984610000003,55863.22701,,1223034.40691,,35794.58861,99838.48428,603170.4661999999,745450.3501,39868.90113,34985.82099,2617.59916,145322.07678,738744.80333,577864.7289100001,227162.13184,,158437.25147999998,2889.61178,5615.56157,,23386.696229999998,,,,9829.92366,9719.6608,,4268.218809999999,52961.393110000005,16406.12335,17497.759729999998,114498.10132999999,7669.3743,10066.95424,,37824.91494,,43156.78003,,,2039.24842,9019.863150000001,,2447.85676,19731.57252,28976.33966,,,,,,,,,,,,,,,
2024-03-01,12.0,24936.755940000003,66152.57023,521432.52681,54694.13784,2365278.6044099997,39858.13346,,26513.221609999997,6787.86176,28123.339640000002,1979443.25312,372647.23322,3350.14223,21446.478160000002,83683.67865,1472464.33757,,20604.11004,,42833.99752,101673.07772,,2398039.30511,,72060.03227,195341.23008,1147816.48087,1464227.7503,77262.91981,64781.60647,4579.84295,269726.09985,1418679.17108,1115005.23095,438581.50963000004,,300537.71128,5467.99441,9775.7751,,45452.49728,,,,20154.96891,19861.69785,,7714.836520000001,97931.24942000001,32277.50373,52644.16743,218665.58482,15099.59629,18363.53534,,74968.65451,,82695.1734,,,4008.7532499999998,17589.293179999997,,4622.57619,36319.403119999995,52774.73451,,,,,,,,,,,,,,,
2024-04-01,12.0,44128.94386,131749.40436,815780.02587,83160.43358,3556100.83602,56872.56113,,40919.36369,9951.22681,41526.1418,2986844.03847,576553.73028,5671.6187,35613.307,126823.03477000001,2224975.9254199998,,29808.91996,,69944.01066,152041.37076999998,,3682987.58908,,109950.30575,297436.85777,1688448.75437,2239281.3314300003,117233.78132000001,96154.22682000001,6680.57851,397753.18773,2102667.5814199997,1667062.7522,651519.8480499999,,448571.08333,8391.90949,14784.00532,,67977.78632000001,,,,30394.76727,30819.677089999997,,10521.43119,143355.83411999998,52502.18728,67881.05747999999,322991.02356,24540.28689,27641.280160000002,,116279.84125,,122332.9141,,,6068.23599,25981.96385,,8360.389659999999,51913.11029,72903.30025,,,,,,,,,,,,,,,
2024-05-01,12.0,62728.83972,210835.26252,1090692.37222,111032.21087,4726740.42741,73868.99807999999,,56415.749130000004,12924.131360000001,54318.10804,3982356.38252,773391.3799099999,7645.89827,52573.67732,168110.25479,2950109.69635,,38871.79365,,96486.75274,200211.86088,,4947123.27724,,146694.53068000003,402608.02702000004,2270624.69601,3018594.38869,156023.71876999998,126576.76908,8645.1471,535675.51502,2827100.95559,2201583.68827,853496.09131,,590807.82886,11422.935230000001,19034.76603,,90881.63930000001,,,,40925.11365,41954.018670000005,,13078.71552,192019.47019,76218.15924000001,83902.04577,424543.42064,32516.22718,37214.31922,,154506.66125,,160749.16559,,,9936.79695,34918.55872,,11693.6597,64880.14584,89619.21592999999,,,,,,,,,,,,,,,
2024-06-01,12.0,80345.98314,300066.51464,1382724.40641,138458.03305,5950071.01032,90285.25114,,71980.51654,15914.246309999999,66660.59431,5026525.93392,990208.69284,9791.98317,70948.93922,229316.59683,3694148.3462900002,,48084.97214,,123806.2503,250067.00909,,6284037.55682,,183112.08857,517088.06120999996,2889367.0678499998,3850632.5335299997,195153.60873,156541.08405,10793.3914,662111.36276,3541451.48718,2751440.97161,1065692.68279,,737407.4469,14555.646270000001,23481.08326,,113602.31686,,,,52180.77415,53740.942650000005,,15105.03012,243223.12884,102475.78198,98301.52854000001,528049.5857299999,41330.82446,49133.21911,,192349.98211,,199374.29449,,,10645.94464,44092.983349999995,,14444.55203,78491.50817999999,106469.49422000001,,,,,,,,,,,,,,,
