Date,"А - БАНК",АЛЬПАРІ БАНК,АЛЬТБАНК,АГРОПРОСПЕРІС БАНК,АСВІО БАНК,КОНКОРД,ІНДУСТРІАЛБАНК,ЛЬВІВ,БАНК 3/4,БАНК АЛЬЯНС,БАНК АВАНГАРД,БАНК КРЕДИТ ДНІПРО,БАНК ФАМІЛЬНИЙ,БАНК ІНВЕСТИЦІЙ ТА ЗАОЩАДЖЕНЬ,БАНК ГРАНТ,БАНК ПОРТАЛ,"Траст-капітал",БАНК УКРАЇНСЬКИЙ КАПІТАЛ,БАНК ВОСТОК,БТА БАНК,АКОРДБАНК,ГЛОБУС,ПРИВАТБАНК,СІТІБАНК,КЛІРИНГОВИЙ ДІМ,КОМІНВЕСТБАНК,КРЕДІ АГРІКОЛЬ БАНК,КРЕДИТ ЄВРОПА БАНК,КРЕДИТВЕСТ БАНК,КРИСТАЛБАНК,ДОЙЧЕ БАНК ДБУ,ЄВРОПРОМБАНК,ПЕРШИЙ ІНВЕСТИЦІЙНИЙ БАНК,ПУМБ,АЙБОКС БАНК,ІДЕЯ БАНК,МІЖНАРОДНИЙ ІНВЕСТИЦІЙНИЙ БАНК,ІНГ БАНК УКРАЇНА,КРЕДОБАНК,МЕТАБАНК,МОТОР-БАНК,МТБ БАНК,ОКСІ БАНК,ОЩАДБАНК,ОЩАДБАНК,ПІРЕУС БАНК МКБ,ПІВДЕННИЙ,ПОЛІКОМБАНК,ПОЛТАВА - БАНК,ПРАВЕКС-БАНК,ПРОКРЕДИТ БАНК,РАДАБАНК,РАЙФФАЙЗЕН БАНК АВАЛЬ,РВС БАНК,ФІДОБАНК,СЕНС БАНК,СКАЙ БАНК,ТАСКОМБАНК,УКРАЇНСЬКИЙ БАНК РЕКОНСТР.ТА РОЗВ.,УКРБУДІНВЕСТБАНК,УКРЕКСІМБАНК,УКРГАЗБАНК,УКРСИББАНК,ЮНЕКС БАНК,УНІВЕРСАЛ БАНК
2019-01-01,421484.38357,197675.20128,350033.04517,390729.1536,281742.68496,127167.01364,,389392.42809,322883.186,297794.69188,699928.95922,1609824.79424,273997.21023,281506.75178,120184.10955,17037.26026,,,808857.0563200001,190408.27604,481104.6574,397742.80718,179115025.21424,10336478.2539,625445.61674,98.19519,2101223.54668,119983.5996,156224.65858,530464.85174,625919.54646,,450591.7815,11619074.28123,80175.3424,348497.0236,5135327.63587,1903986.111,4033733.55521,238364.4769,300768.49325,1436736.18474,42083.67125,113640699.83462,4975302.09976,719513.18683,3396585.43461,30049.31507,693410.0306500001,,1152556.16438,394473.08361,8822461.62565,286988.39283,1012602.94042,6471863.52461,47102.9041,1417381.66802,169042.79297,,61074634.576960005,22494983.90901,5041313.31858,333645.69589,895589.4185
2019-02-01,501242.73973,213159.06754,241407.80947,360819.5102,342722.52113,66028.93176,,354061.21187,228231.42035,46471.16229,687486.37929,1361536.87224,233080.54288,268591.02807,110229.0413,13005.69868,,,1881878.94077,232307.72817,561027.18833,414153.2691,179306213.84159002,10382491.90898,816494.5854199999,98.19519,3454225.11402,55360.66002,178378.8017,715370.66273,240105.2064,,565247.6734,11796226.2732,80035.0688,279781.18074,5819073.89291,3060510.605,3795205.95156,189273.49031,240406.5754,1721523.95507,20038.9041,113214959.27846,5478041.35603,543623.58062,3600677.33533,53868.08305,619892.2134499999,,1033555.61644,377334.3711,9453838.71641,221368.11009,1045678.61207,8290827.16646,15051.78083,2118052.64179,169142.2123,,57829558.70659,24279378.75696,5460224.56243,270826.24422,1312060.85488
2019-03-01,561124.38356,198863.21636,308393.5636,490846.5961,338198.49188,0.0,,340631.35788,356947.10194,52263.65958,726169.97253,1366600.2629,227465.63797,610699.84763,110198.90437,0.0,,,1167683.05143,216285.66738,545872.72743,501691.22024,177267932.93074,10451586.80197,784953.65979,0.0,2142832.1298700003,107378.29491,55084.28163,726380.14205,215334.93526,,400476.204,12258526.63028,0.0,269865.16329,5090538.62872,2508617.4,3499313.78805,108821.56771,160371.5066,1513919.5157700002,8003.50688,102038007.13997,4307502.18515,462039.25484,3220872.85474,49728.06232,426542.2629100001,,1174038.90411,318338.27514000004,10719660.8053,298386.79534,1388990.75642,9830219.37829,30013.1508,1735854.38319,171215.71915,,58030651.84066,25109930.96023,5663104.46577,231177.18372,1693317.41273
2019-04-01,451311.78082,192842.35472,325255.40935,360942.9267,291492.40114,41053.91787,,284663.57318,307148.05067,108354.56436,749888.5030400001,1785808.45516,237476.87758,348234.56053,70200.54801,3003.94521,,,641499.0059300001,200508.37708,528689.49151,550494.13813,173906960.95887,10288857.47269,935472.88761,15000.0,2323744.64585,164329.36841,70164.28606,684098.3216499999,521586.72686,,400887.184,9664363.60477,0.0,342879.40993,3976887.23943,1507389.945,3291542.25189,82900.16226,195690.41145,1139957.39953,3003.94521,105073035.15684,3810282.91259,452326.84935,2541128.18889,30108.51172,532477.20632,,1105424.65753,284551.45454,8186933.818779999,275831.78104,770063.82916,7906936.33862,32085.47948,2195462.50606,164397.91974,,58311438.54245,29630302.4635,5987083.05945,382864.2058,2334557.18395
2019-05-01,381104.65753,149734.42108,309144.72166,240812.8376,283489.63896,73155.00029,,359241.66454,382738.24158,103484.5745,953823.05736,1864752.63807,265627.64294,292141.29117,151548.28805,32081.5344,,,809510.5018900001,196507.20352,557852.09054,530062.08091,168163428.10127,9779731.54674,830071.8501500001,0.0,2321411.85347,117285.75,20118.29734,689094.5008400001,522089.81254,,702244.619,7944140.89904,15038.21925,218741.90914,2140811.36543,1307689.331,3520169.86076,146885.50059,180951.3702,1167922.34035,0.0,104102892.71532,3146685.09605,415627.04159,1750026.24839,16021.50751,457722.20634,,935503.56164,235514.46313,8051898.462169999,275963.35616,562887.6558699999,7305109.85885,40084.93167,1356084.78151,164679.87396,,56751129.96429001,29723124.75058,2936186.48435,307338.18107,1728357.19846
2019-06-01,150000.0,225018.08707,306059.89799,170076.9757,190697.65994,40018.08217,,409117.71204,400442.11662,135331.83184,576145.85124,1636704.46373,238522.42565,237327.68144,140063.83557,40186.9178,,,933098.41164,190141.75313,588904.70915,462371.2027,169565367.92524,9314133.72852,954086.39296,88000.0,3634662.06824,119498.25,95040.32591,894395.3528400001,755323.1587,,890391.2724,8971568.93804,0.0,391402.95757,3112199.88302,2301099.308,3663890.03055,200382.64466,200090.411,1273153.39141,11004.67126,101463740.94923,3332078.17849,446828.65838,1953669.90736,16268.73577,565252.32408,,770369.17808,182800.73139,7958263.14521,265116.64383,547597.70976,8678115.294189999,54024.57532,1259859.76326,171991.89765,,59607927.46518999,27795486.01201,4080651.61575,280127.12329,1550100.01648
2019-07-01,200308.90412,196897.48701,280282.71965,195347.24895,194794.0822,90152.8767,,375336.34329,538942.72173,212376.11229,748455.4061400001,1060606.15082,244569.98845,32714.62635,135251.23285,55258.21915,,,828772.13129,197512.33542,590599.60493,555334.6496700001,165316594.74345002,10984910.61278,423484.34134,70000.0,2043060.51128,151093.7183,79134.19177,865419.14996,500849.31501,,751328.3675,9112972.5459,25042.46575,287255.18305,2697016.48608,1803443.022,3412815.624,183255.53806,210378.6303,1055277.34876,8013.58904,95486999.36776,3748006.73935,465654.16506,1792022.1261,15931.00866,488440.78669,,801534.24658,199855.44614,6653161.21425,205364.65752,400692.98418,5756563.35739,60109.58903,1846379.6436,174998.99546,,57672677.687060006,23552404.30896,6330568.68311,240407.6712,1768245.25916
2019-08-01,350739.72606,202020.29676,389502.16416,130196.1276,143016.44664,57023.42472,1007561.43403,414745.39959,588896.51518,189843.00202,782877.50929,1431839.11576,229754.28041,122802.26148,155230.5481,77459.31522,31289.25022,269754.59358,1127258.18181,204693.07214,764955.21013,439376.00712,162153351.5816,9403698.17927,322897.55037,0.0,2750516.18944,386156.21024,15006.16438,593758.6538999999,450184.932,82073.07678,771029.9502,9487653.20443,90036.9864,320313.06007,1811681.94391,1604462.928,3052068.47952,288427.02466,230452.0548,1090282.47339,11004.52056,100443009.95041,4010473.31618,448162.31937,1997451.69432,7604.82469,646264.51567,2318599.25864,1504191.78082,220580.27381,11857502.13061,295323.83585,336208.64905,8249446.17599,115130.68505,972399.22106,173913.35738,150061.644,47575376.60076,25739198.99565,3655456.38348,170189.04123,1748613.97431
2019-09-01,341009.31436,184730.73657,364948.7494,160350.1878,193360.82195,30024.6576,1035604.98038,472745.4632,497047.12854,50298.56948,1024032.44944,684856.6195700001,240556.19547,172797.80758000002,145355.06874999998,65423.83575,24330.90973,218921.14821,1233830.45352,213887.71558,952023.22031,410427.89095,162417983.07769,9792208.42681,299428.81567,45000.0,2661537.08501,483988.02476000006,55045.19546,731643.164,240197.21657,55095.96176,521605.1414,6434151.584770001,0.0,237458.18,1432126.66557,1707117.73,2884025.8887,233133.89627,50209.589,1188314.35557,15012.3288,98354994.81656002,3176851.24002,489605.02182,1235100.83611,7695.72503,540351.6901,2149301.91451,1757335.61644,171422.54538,7513824.99303,125203.83561,297175.54909,6500063.49937,73127.3974,826479.06111,173038.03837999998,128138.90411,47230850.35361,27947149.27063,3506206.5517899995,150359.17807999998,1303330.7896
2019-10-01,210632.46578,181885.43101,226018.84043,230616.9612,119276.04108,20099.4521,912892.25548,556910.45226,431064.2071600001,158414.26131,1047608.64836,1221921.56239,238268.78561,205449.19149,150471.37005,51287.17821,20354.90519,177371.63694,1088800.39641,217518.50561,1010948.01091,597223.46561,164654700.43159,12932055.90665,322835.58192,30000.0,3853103.04198,396747.94441,35013.9041,772273.2864,347137.84922000003,25055.65132,681870.3613,9954325.1613,10003.9726,320370.10267,860533.0744400001,2009938.66,3007503.6925,181467.23093,80169.04100000001,1173314.58458,31012.31506,99477288.3662,5320321.53044,531472.20873,2099225.69535,39400.90872,529378.8192799999,2205391.94435,2175392.73973,291324.14232,12192996.46202,165065.5479,332349.55937000003,8265840.37262,124232.27404,1267384.10045,173143.93315,150196.84928,46418343.85231,28931561.19305,6206436.64504,268792.76709,2354929.88962
2019-11-01,270397.80808,175761.82444,262011.97511,305886.8182,163417.82178,70025.89020000001,889302.07986,503709.77614,435153.6501,287058.51836,380768.57459,1103982.192,245693.90192,208190.75557,150651.37,35012.945100000004,23386.26337,156680.56552,1123369.76767,216991.07738000003,757536.8372300001,518539.14405,163753645.85726997,11795619.84412,332803.55198,157.76491,3970911.98184,467304.15107,33012.20538,623965.85852,790351.7785,61237.08222,492266.8499,9272375.74524,85180.41085,337899.92378,773707.21947,2515821.9250000003,3342282.14959,222438.20603,125344.178,1180409.41554,34125.79453,101484502.55694,6745449.821180001,556358.51199,2629138.9256100003,0.0,598101.9393,2195706.9976000004,2858536.16212,233853.72108,12099544.35941,200193.1502,406443.08604,10285079.34027,128388.48299,1086290.73001,173389.81032999998,205373.76666,46889857.11702,28873670.418410003,6164429.30353,306304.5893,2219280.61958
2019-12-01,230175.47944,139833.08380000002,147306.45005999997,270215.8233,248195.50686,0.0,691259.28592,521150.1121600001,404555.02123,595299.18246,715698.3178300001,1100879.457,256982.52363,230075.37334,140112.32885999998,28103.60282,32286.85555,137157.16253,744093.29517,217507.95014000003,829179.18585,621600.23502,164116174.64659,10599827.53871,247279.5776,157.76491,3290549.92565,425167.43397,10007.39589,574878.6965200001,700544.60907,74071.81816000001,550449.8315,10148714.43528,115135.82185,351134.67250999995,744401.30357,2001694.36,2791462.9084,223910.927,180138.63090000002,1233562.54909,31025.4522,96793929.31612,6038761.911529999,633489.73481,3863047.53331,20014.79452,682558.9732799999,1993119.62056,2517090.0,283244.50285,12517569.61648,190140.54795,543847.71916,11895072.37593,62156.1556,275628.39212,171452.95532,170131.23286999998,45398208.27587,31618080.59988,4647339.236690001,300243.83561,3124693.21988
2020-01-01,270381.50685,134494.41077000002,863336.44598,369000.79414,254532.43112,175165.26038,1124162.2384799998,640336.63555,447643.55315,562403.83205,800225.04579,1502243.835,333385.53959,401807.95658,225366.02723,25096.42175,56097.08219,256980.966,1612575.50436,240856.26108,1454893.8339500003,1542118.03616,178323676.26498002,18073597.85824,696536.65919,163000.0,3961543.992240001,559048.32186,195304.31498,780329.52046,1660645.94239,48090.65712,1081656.23695,12123074.83815,295404.1774,469741.45309,847532.46178,2504615.625,3523400.6584900003,189769.36399,260386.5752,1367869.94226,69110.52063,111388508.37715998,10824031.73833,767604.30991,7547627.01382,42052.93151,715822.6003899999,2661672.8461100003,3987106.9863,565084.51933,13853207.991920002,150191.98631,962727.09933,15278339.56219,144005.64253,2605968.86538,169942.64272,294333.48427,52990996.78123,29211529.827990003,10917658.53463,470769.0411,3550311.4958
2020-02-01,531482.78688,191314.7449,383274.70988,475332.68517,226193.7317,200319.67171,944421.39228,526601.0037700001,398974.2904,583610.59261,805377.37373,1804229.508,278888.48379,316299.21287,200454.91757,24084.09825,66186.63934,145547.06641,2832550.0053900005,301680.35827,979341.92032,948265.22802,177219316.86548,19189723.71951,454480.31695,0.0,8978407.70532,551781.02426,172379.99727,1122361.35312,1375444.25135,20058.8465,730280.47483,13371414.83064,250479.507,680316.0328700001,705299.1826699999,2607663.604,3161879.8605500003,195981.38879,240329.508,1359744.24441,62150.4918,106870077.07715002,12669020.989959998,631086.3505000001,7814756.25963,130140.16394,720695.5253699999,2034061.33449,3610622.95082,547951.2777600001,19767908.25879,120083.60655,1267777.7900800002,16637292.97371,145849.94941,2822789.10349,187686.27687,180314.7541,50742931.54771,41707091.46072,8834333.539609998,300885.2459,3505783.2438
2020-03-01,722163.93433,166158.289,430904.65694,444687.62939,302693.99531,145292.62279,1236340.7888299995,584690.65886,399667.55853,549286.42821,882667.9861099999,1403786.888,278238.89997,397769.6339,300545.90121000004,6004.4262,68177.29508,153071.32456,2750144.1832799995,211534.87057,1178567.68816,1545836.25059,184356750.01339,15035621.409030002,647085.12936,0.0,9952182.486869998,442769.48433,95256.7819,1057041.67917,1302187.1147899998,32023.6064,595010.86954,14524576.69307,330696.993,625684.1792,705962.9338499999,2607027.722,3351230.52183,238762.15927,400418.032,1512211.05142,34091.96728,105765412.21783,15794067.54665,800673.11214,6994706.04452,157298.52459,733839.63745,2610710.67208,3730062.29508,569037.3743400001,19251232.27792,125127.86885,907169.44303,15672796.746739998,130699.52578,2942855.46333,195533.37247,100104.5085,50776587.30277,46901885.21936,9823188.893460002,310705.73771,3200196.2228
2020-04-01,750909.83606,149328.23979999998,98001.6094,221621.47857,175265.90503,195157.37724,677659.65743,399356.62061,633804.96691,392079.91261,1201180.50789,1501131.148,261290.36412,407351.25554,140122.40451,12016.17488,54057.70493,197619.2737,1456473.95064,188012.37537,719757.01658,861694.4709300001,188580259.32549,17020672.4071,348361.81497,0.0,5248994.97816,392727.50251,0.0,1109481.08002,630424.50599,43009.39894,589052.89296,11656001.35059,275232.2405,552557.8533000001,1022396.01717,2451682.721,3560730.25002,212950.31775,200215.847,1304550.21722,52053.82514,104019869.09982002,9915859.8647,633228.04092,2286994.97781,0.0,609829.63368,2348212.1247,2703688.52459,341419.97739,15137804.41931,65014.2077,580389.08105,12528591.42131,127395.31852,2487553.98416,209615.56546,140030.6012,44610469.80478,42687782.99927,4872555.477550001,285234.42633000005,3415937.1965
2020-05-01,900775.95628,170898.55894999998,306033.51147,427618.59497,214439.0696,155031.96718,673361.8378,441217.91263,709109.7957499999,302179.79386,1037366.82466,1600338.798,298425.47634,544544.2498,180036.06555,0.0,60012.5683,207806.67936,1686543.5410099998,190819.52592,1046234.87946,998245.45441,204257329.35551,12099396.83827,441477.62198000005,0.0,6600663.71051,374493.22858,0.0,739398.35823,580098.87659,20013.1148,607278.8225300001,13218399.99499,300240.438,405084.48523,1104688.23942,1400305.774,3411042.79966,178620.41944,175035.519,1394631.44524,33006.611990000005,108016759.41289,9263556.89778,597503.90598,3680445.54954,50008.19672,776587.01743,2096191.318,2570561.74863,495560.1617600001,18096390.3244,67010.98361,387926.78978,10374327.87823,157134.66631000003,2501908.11949,206841.02268,137024.09836,50148125.73714,49851336.32936,7375011.01226,281411.5765,3757511.6234
2020-06-01,900565.57377,210558.89268,249887.54145,418594.52595,226510.14566,150093.44229,1410841.78129,516271.33723,715149.61912,275043.84167,1490066.90262,1550991.806,277925.77652,658926.2503699999,220124.58957,0.0,68040.8196,227263.68869,2277571.89005,211243.15296,1252396.75119,1115231.3764,210901216.92628,13608296.342440002,587809.1606099999,0.0,8668369.76269,428703.0466,0.0,791283.8782500001,1220706.35351,0.0,669383.53253,15212397.42809,333856.15984000004,525338.10369,307992.19943,2701769.661,4274410.93564,219036.66768,225131.1475,1709563.3816999998,14009.18036,111255148.88887,9412480.12972,622377.04125,4377724.306229999,0.0,804665.57335,2069127.81818,2781822.9508200004,486830.30745,21577673.07009,277134.04294,654039.36327,13360998.09328,220404.06713,2746036.71393,211326.7988,60029.508,55777411.13874,56492135.57534,9733956.45749,289971.30655,3560069.9659999995
2020-07-01,750614.7541,133279.43582,467963.09045,375595.67822,230601.41239,260083.3329,1154114.8771399998,613940.76425,761655.48421,312988.64886,1329306.96247,1400874.314,266002.55172,840509.0487699999,271181.23531,5000.683050000001,50037.5683,212438.2523,2724574.75776,217165.68042,1241762.5705799998,1113575.16888,195472601.98639,15557045.90767,764449.7864100001,40000.0,8390238.65332,426271.74986,0.0,868056.35475,1050587.35944,0.0,1056918.56976,16633035.65929,503363.90949,564716.00307,425797.23853,2401966.944,3983736.24853,228047.20842,180113.38760000002,1650420.9045999998,33018.85239,110997087.04092,10569468.19894,665705.07181,4417559.6334,0.0,822115.7755,2477926.76124,3122557.37705,544059.9914299999,24229406.39626,268161.42935,818544.04641,15738132.73554,273745.79438,3129678.90192,238401.84482,112015.30032,55266174.11674,55782436.329490006,10298127.14708,289131.35382,3354084.529
2020-08-01,740349.72678,126173.42542,518231.59117,341443.08355000004,224503.09159,90013.93446,1270330.0789,711924.99655,723789.85785,757036.63965,1085688.34615,1950304.6375,278643.03352,697190.20452,295858.51258000004,19015.16396,52008.36065,331992.46028,2285291.41112,217029.93374,1594446.6806400002,1373463.96936,196699310.78864,14890307.42924,480199.35621,60000.0,6236146.59674,464005.8624,115016.79842,1002603.19444,1800282.67367,10004.0984,550990.2243,19121059.95265,613248.02204,449891.33727,374450.14638,2900450.669,4084076.75353,370542.10576,175026.63874999998,1560052.33475,32004.64472,115743982.247,11284252.62136,595747.37752,6227844.334520001,70010.65574,1056970.28285,2611610.87311,3770618.03279,650657.2658,21399903.04564,263020.63014,1051582.36643,15053322.05579,346391.63099000003,1385537.16848,335061.32076,123016.80328,57150035.71294,56407242.74879,10236660.7748,306527.41888,3662741.1862
2020-09-01,680404.3716,121050.39579,315393.3880200001,315949.50865,282714.69791999995,210054.64446,1069175.93708,544224.62035,855778.98525,593922.36902,1252778.22556,2313529.67404,263368.67263,576319.55729,291803.47267000005,44011.06549,50032.78689,315424.12255000003,2770313.1683,215540.38777,2249958.8935800004,1270969.48099,199877640.38164,15856125.15901,437113.24783,45000.0,6457264.84135,435585.5843,120057.91208,1526203.63473,1100721.15562,0.0,296209.82602,15669349.88078,786363.41029,319237.80092,457165.00128,2001311.2,4250627.934239999,432931.73132,125081.9675,1462831.41688,27011.47542,106343286.5751,10989917.73128,560725.8620399999,4703028.56895,50006.8305,1071279.87265,2246419.45843,3202098.36066,726275.717,20990060.108820003,450357.85167,827732.5417899999,13157524.458090002,314359.57224,2960758.65518,334457.04011000006,310083.87932,59298262.75930001,61887831.41636,10469066.74587,289668.70305,3955161.2898
2020-10-01,680668.8524600001,73599.84203,355709.3952,342702.12398000003,426807.47589,320162.2946,786179.81622,515834.42761,862854.0829800001,1281723.58788,1568634.18178,2062905.23888,258709.76293,587890.1898599999,344483.41352,14012.02184,40005.4644,289113.01738,3293379.16237,213409.06784,1324011.95449,1543877.53719,209124396.353,15065284.66481,184090.0624,110000.0,6349818.597259999,411985.6991,185076.08956,1648247.19053,1641155.6801,28003.82508,568267.78255,17784054.79178,872714.17001,263752.16608,458982.98801,3002950.68,4564323.99633,459225.52994,275122.26775,1666974.9223000002,61013.41521,112264798.22764,11250572.66027,424056.07736,5652258.6172,70043.44256,1097415.94987,2252797.44019,2502459.01639,876750.49126,23993309.35322,829977.81047,952476.20551,12918749.4807,322547.80672,2462290.04723,313363.747,192413.83495,67132947.20186,63362919.88632,10657666.95706,274280.20941,4529387.6068
2020-11-01,800389.34426,119878.55218,407572.79902,472927.7956200001,407789.77064000006,300092.89638,1039249.20095,201272.63702,802216.2554599999,1387764.54096,1253225.69235,3279970.4160700003,277913.0646,769148.2727,275261.63548,12008.60658,79025.7377,328848.46318,3693443.54108,253777.65556,1575918.59802,1690760.4117900005,217279469.00031,13105289.15765,368232.95133,87000.0,8162046.59599,512230.423,180055.72094,1707184.0401999997,1300426.06759,30012.2952,500358.20863,19489146.41894,913155.91171,352516.74829,376697.57306,2450802.963,4557714.52158,443120.39793,250079.235,1348582.03728,50014.2075,111916895.49088,11000531.99853,593844.36844,5886212.4869,126038.79782,1184854.09648,1627796.78714,1950639.34426,852796.6222499999,20186737.20015,978167.67863,1142260.26389,13422612.112629998,363486.10331,3496290.43208,354060.72415,270921.14024,76767132.22023001,64558298.87864,9762829.94174,298708.56396,5248136.242399999
2020-12-01,600393.44264,87196.41626,442759.83799,497953.20573,414388.13298,380103.82451,1269341.1309600002,387300.3347,817067.7946200001,1710928.76038,1173958.58616,3371799.35876,260077.28177,788974.7181799999,353679.31363999995,6000.81966,72047.21311,338515.11105,3813377.80122,291436.45492,2710495.69279,1168549.88486,220704239.86633,14579106.37729,393177.69787,75619.91738,7756584.255580001,343144.7828,209606.29179,1789243.41807,1120412.49621,64016.5208,389993.77447,18216189.47514,1072526.01319,403134.74398,745561.5449399999,3001447.81,5271887.322579999,326058.96510000003,150098.361,1454451.14211,42005.73762,112025097.41967002,9620631.63146,706845.72752,5246857.387370001,154067.75943,1143636.86371,1806249.51013,1601049.18033,967194.28134,18240349.15867,1068417.3061199998,1400255.9629700002,13870866.59885,321872.91273,4316578.82924,352044.86286,290518.79339,80358928.65166,61404810.29666,9903651.89479,285475.84317,5452683.48492
2021-01-01,585165.9836,136407.1213,912585.48306,609024.8501,511513.14532,690085.75211,1375058.9304300002,847599.94135,972774.30222,3529340.28188,1655681.3627400002,5351959.91272,358174.93306,1404099.00781,476751.47209,21017.52117,120024.04371,444237.53071,5044268.55671,355004.63145,4213625.17371,2405387.23019,246443103.53007,16551612.71613,624284.56664,185683.37677,7335544.00548,486993.7121,148216.89688999997,1647460.89073,2740589.88768,70045.15802,764157.50677,22447647.465230003,1006764.29632,522549.11336,777082.58043,3641426.268,7387517.964950001,413161.26856,525109.9722500001,3167833.64423,100013.661,127422704.37906,12502721.23311,963392.72514,12166044.22558,255187.40035,1514951.01736,2794872.82266,2030665.57377,1123303.84005,29676457.84169,1293189.05329,2050078.27644,20274341.09887,590728.31654,7056353.98065,353645.59315000003,782174.54505,86528346.69036,51986301.37287,13824574.61938,426222.31958,10635939.96895
2021-02-01,350053.42466,146127.64935,356564.33708,406304.4888,510369.58252000005,1122233.65638,1275544.0729,666237.4675,1013268.18673,3943068.2427,1668539.6752100002,4629127.21472,299623.10698,972474.0642,337869.43539,41035.34236,93041.83567,489422.97403,5304804.3439,235753.06592,3715491.82344,1586155.9281799998,235778916.10781,17251468.421889998,881393.2948099999,90764.28421,9038251.62942,416806.2089,158900.56035,2262445.1438300004,2566421.5172,145047.25623,766339.77444,20069105.126710005,944293.41739,362556.3738,699521.02042,2596355.592,6938711.186199999,386051.00609,350160.27400000003,2481628.66661,65026.7124,128189922.94432002,11257977.71782,1069889.48865,10047940.38908,158074.58257,1406256.62838,2590992.7280200003,2151057.37705,945088.69176,29554538.253290005,1453808.6300799998,1560508.58744,21160512.69658,573542.0809999999,5913143.917729999,357260.45198,603318.4936599999,88099322.49204,51306186.54289,10408238.699500002,404452.85295,11909460.22094
2021-03-01,350049.31506999995,136329.23493,437054.59066,400094.2153700001,713301.75294,1115489.10144,1309301.34826,663362.27407,1010936.89416,3131548.47618,1734083.5292899995,4341559.6237,321178.87466,1118695.93095,352806.82924,32027.94512,58028.1096,611378.68786,5739700.7282300005,290230.54620999994,3953580.50792,1471925.2293900002,234128849.20167,16567937.229819998,652602.7821,82167.98271,8498952.369830001,439429.5526,347418.51582,3000906.69974,1686357.7812700002,149047.17346000002,814673.0645999999,19369074.08956,1070579.03841,331584.93766000005,874279.39271,2300196.1,6681874.83981,497669.21769,450201.37,2476223.08993,107813.8173,121497284.56453,13064993.36191,1103327.60649,9081667.22768,133582.61912000002,1316999.6834300002,2214433.57948,1450715.06849,994278.91321,29373212.54529,1637017.2749299998,1661820.07433,20905192.56701,567622.7116899999,8027656.73171,355432.53627000004,833776.17726,90954954.79262,57512821.32031,9662914.921510002,394116.14885,11927863.45822
2021-04-01,237083.4528,123958.4038,247738.28244,286180.91251,517361.42945000005,1370056.91811,1287524.92624,664511.50551,827162.89336,4096211.85359,1624014.52931,5549754.44471,286577.18015000003,1060351.12787,410355.856,18013.67124,55054.17806,781318.5386900001,5290968.063289999,361174.34348,4157500.68886,1535059.58515,230630404.09855,17918837.84471,1057877.3902,60638.89712,9510444.31965,425378.403,383354.15434,3093875.15903,1689278.05142,179109.56681,1182714.83267,22979917.35882,1300111.05827,291762.93523000006,1452754.33679,3451660.12402,7002089.218319999,604537.70282,150160.27349999998,2422016.8867,65381.91195,128983828.45654,13559632.58326,1219361.88117,8616507.7017,90315.1338,1289958.53993,2631745.3578200005,1431527.94521,1329448.29128,27898412.44247,1920820.92009,1645407.1513899998,23614763.84891,569294.13925,8422944.74447,356644.0758,784699.75372,89950184.38907,53406387.28476,9610162.20975,426658.74612,12324252.93536
2021-05-01,407036.24071,140173.41956,345594.4278,325434.22096,400339.32088,1832383.9617,1309491.0563200002,288055.1517,825665.40019,4225833.08878,1648824.18104,6381591.79066,334629.22981,1309469.92276,372102.2746,23028.69868,58011.69863,741044.09473,4588349.422169999,420361.73354,4556024.88279,1368908.58387,230888067.59377,17305734.21149,1183175.5063,55673.39712,7112921.852739999,726421.806,370166.25803,3037893.9679,2395056.10197,185103.07045,1300359.9387200002,22757864.21384,1227635.3731999998,140015.04591,1497292.14929,4903029.06182,6049134.64648,748908.3718000001,230190.3088,2218554.7928,100899.03946,135696518.24919,11941925.87801,1077301.13382,9322022.61003,112616.9827,1398253.8734000002,2554862.22403,570117.12329,1334781.10386,28236358.94738,2300503.044,1670806.86401,23413149.12762,729231.1674800001,7578108.327140001,324850.41229,1037320.31511,93974041.18643,54893760.97057,9658185.06993,433272.28103,12911124.19
2021-06-01,507350.5508,127759.8745,300730.45254,314955.73369,463361.06605,2815482.55019,1316625.761,537080.18368,821882.9371199999,4658315.83414,1800213.2874500002,5887056.63343,277923.2553,1484190.4079,468419.5124,32024.60276,72052.7397,794682.38428,4782011.88783,419972.83151,5413532.24402,1121607.90855,222678182.06962,15829556.49838,1161426.4306299998,55827.08077,10296248.33179,426684.5752,514356.46623,3129901.0052500004,2689556.21904,202093.89526,1102967.5662699998,18911686.1758,2457824.67393,209211.21718,1529604.70345,3939350.013640001,6118689.54365,760873.39793,262823.654,2411395.78637,97138.05176,131266185.43498,11672025.35715,918124.21929,8748847.00642,90837.93956,1412687.78944,2478851.2237,1351109.58904,1271144.5236099998,27681391.54469,2274202.87219,1524629.28301,25870174.49593,800828.93808,7064278.400450001,315111.38208,982709.7557,90419082.53874,39778787.03651,10938976.52488,654486.16185,11148705.783830002
2021-07-01,590174.93152,142510.59812,180141.50927999997,274017.35446,472954.29037,2371766.45703,2009595.5076,732094.7337800001,1231165.99115,4564234.65817,2224126.55195,6378993.785010001,282006.33547,1431297.1935200002,682533.6024,37038.09596,61201.62075,730869.1366999999,4538792.94527,403241.8015,7294795.71675,1980075.60269,215582776.5608,14365509.38665,1023061.04717,100000.0,8114170.35395,704328.916,471029.73716,3260588.60109,2544393.61406,215143.7552,981930.90598,20649418.41312,4791778.59502,217995.09274,1747210.8484300002,4649187.85463,6203847.22127,822671.39268,288725.754,3501465.48932,94203.26152,123204076.17485,8451725.247480001,648363.32026,9125983.659209998,169069.06894,1231601.9136299998,2209712.37888,480591.78082,1420610.45285,26685421.00751,2364598.1435900005,1719122.86338,27062674.06416,1210489.64319,7014622.10396,424145.31168,1068394.06147,92185377.81978,44358007.71152,13283383.10902,853215.6921600001,12307881.12985
2021-08-01,800161.64383,221258.02327,271087.47887,288260.38139,509825.50826,2957236.52006,1596358.2738,635468.15971,1406037.93111,5637367.822480001,2294082.75172,6941533.122130001,316943.15639,985762.50512,622195.4768000001,12006.90408,137185.03411,698525.0663899999,3731879.88595,430091.92531,7559678.62359,1604355.32715,214961133.82804003,17288519.06003,880209.88753,130000.0,8141725.252520001,396778.42040000006,496591.69821,3374355.11133,2964999.20816,268201.78512,894297.50795,26342354.68559,3719392.97885,302169.47031,1750279.78481,4616439.16,6086639.21701,829664.95816,450089.5969,4185170.2973700007,62642.49512,121915102.33683,8255055.429229999,1003736.09645,8395840.748739999,123121.42466,1250948.46717,2398258.42467,1271001.64383,1554790.8799900005,26338370.79331,2512684.7098,1737287.9909799998,24390950.08962,1333548.78381,6265425.59998,424984.27873,1056164.0284099998,91151727.81797,36293481.39292,12576901.36525,831126.32,14287072.9164
2021-09-01,841348.7671599999,189019.92132,251762.95662,333322.96076,431402.9266,2956847.54402,1611778.11516,545261.72063,1238423.395,5297518.076710001,1976503.33331,6088345.23919,279703.71933,931873.30123,496573.1983,9001.72602,134128.96842000002,624375.6378100001,3973391.95676,430143.7435,7736748.40129,1193266.4846799998,208947197.5123,18926373.26702,1287979.3015,100000.0,5005468.32619,347882.7712,483693.6782,3449905.6885900004,2541357.32352,317323.54422,804711.22855,18215504.41971,3952386.82704,234777.29919,1703465.6617800002,4524730.282,6021994.55863,787802.7191899999,736241.62024,3717988.57378,58583.70848,112279547.25046,7984063.48373,895963.0445000001,7966623.23078,25050.41095,1171283.95019,2318694.91434,100109.58904,1377282.18539,22285453.30736,2756533.31449,1507350.29209,20864448.12139,1481879.8536000005,4855475.983410001,427545.99325,1041382.47036,83592762.59178999,32889257.049,11261534.19739,931722.48701,13958556.249759998
2021-10-01,1002078.76707,195737.2799,285224.54273,339213.21302,382881.2271,4245215.30437,1866932.88242,686630.16399,1178436.88193,4332191.59495,2171615.45893,6190958.282360001,284306.64762,1100981.69996,470875.354,0.0,175915.64611,757468.57976,4163766.6663,404615.13261999993,7740107.88321,1400609.27935,216008236.72784,18321811.17057,1020357.51447,120000.0,5430704.42399,402706.1836,430572.85745,3808974.6147500006,2420424.75622,466543.5652,901838.58507,23454210.66637,2628938.20732,363791.42234,1824636.2406,4633380.111,6576982.508589999,784306.56105,845484.88507,3658835.76588,49785.21416,120300253.94477,10282960.46043,1132948.12876,7444551.64933,0.0,1231762.96543,2572263.18592,1353667.80464,1432227.72232,22234644.97608,3012169.7203800003,1779280.85837,20683721.52134,1563882.6761199995,5984277.722169999,543667.47843,857345.46069,86003137.87432,30522623.9861,12397755.609800002,1147180.75512,15010204.7449
2021-11-01,1201091.77995,191561.6107,255056.29913,380168.00101,384374.12756,1940323.35174,2215601.11614,761979.47174,1242701.91886,4312321.5942,2135922.59571,9494819.79781,284612.06393,1158615.88709,457307.29736,0.0,215970.59366,824692.46031,4029006.89786,425208.35619,10145063.27456,1937945.8675,219663645.12088,21010571.12023,1411834.84277,100000.0,7792774.305469999,386214.722,384421.36121,3444938.00685,2466916.95545,491481.92636,800465.56834,24014832.2637,2880269.68762,373149.71338,2134399.97715,4597585.9734000005,6764591.4981,716609.18495,769160.1669000001,3946879.23094,95043.2288,110925503.59541,9615220.46315,1450295.49546,7470940.9511,45045.68493,1309074.84668,2341029.86289,1182421.91781,1573674.32014,24244882.0707,3121198.4826,1376158.48356,19596152.75997,1638645.76185,6915613.43258,540185.35601,904189.49986,81723692.2625,35657740.0004,12328892.61376,1244621.21079,14653495.6977
2021-12-01,1753231.50614,188442.70679,493791.76104,378142.44238,700563.53596,1936821.14247,2443317.06434,719096.36712,1330168.6574699995,5495532.52578,2097087.72685,9551886.2582,257804.31979,1312659.76264,483621.77292,2000.41096,227269.19089,616766.70943,5599611.129930001,374703.24561,11159042.183929998,2345412.70937,219160562.7306,21000404.94165,1171939.12613,185000.0,7385545.130649999,373653.0918,391137.5923,3108550.17517,2646709.73454,465388.05986,926454.05099,24820048.09727,2116523.95108,377533.24296,1829449.15688,4513228.8957,6921674.24522,726609.9277899999,754210.55924,3880603.84985,128030.4048,110087108.52912,11615333.96591,1364036.6607,9584119.144770002,35684.48207,1300910.52223,2611430.6197299995,1081991.095,1673631.85804,17452073.81722,3317754.64361,2037197.7441800004,19788673.24139,1663023.6137100002,7246774.545530001,609312.86285,1083461.65284,78100545.27814001,28872535.258100003,11295138.03323,1210226.93742,13943049.23073
2022-01-01,2321746.78528,179679.32369000002,797479.58987,491271.54785,531567.7049,1714748.32182,2904107.54361,1054633.83619,1273974.36142,6163444.74643,1918423.74177,10344001.19178,337503.01423000003,1977339.93222,817973.292,2001.75342,249163.59185,950459.6775,6118419.39508,365595.49754,11942225.089120002,5255264.09406,248381291.14712,19845911.85634,1567693.6794500002,229780.01691,7724233.032749999,872300.5182,596157.66641,3153404.85503,2797531.42093,420977.32053,853023.44229,32035075.85287,1873746.46684,438527.44462,2176694.06528,4608691.156,11416197.606850002,865567.0709400001,1183395.6566,5089222.37456,342596.60098,126429171.97558,14575181.62659,1941416.39574,19321639.51368,178975.05544,1681268.49804,3185486.25862,2142499.17808,2348136.03078,23126654.1165,3746050.051500001,2309819.57764,22706860.100880004,1895893.90271,10345541.06286,664560.13884,1646038.02888,81672783.74562001,32697989.823560003,13557957.08545,1305552.33134,19647779.81003
2022-02-01,1813939.97615,179597.38476,417654.44704,327784.29678,431456.43771,1603343.48348,2937669.49027,803539.98189,1187388.7341,5124466.44482,2281803.6381200003,7864836.225920001,283599.47874,1964030.68467,581065.4328000001,7001.72606,260264.39077,923064.28128,6659833.00855,378947.88928,10355794.12099,2629774.74616,229333225.51555,19714312.4837,1473833.77641,101289.10824,8784437.12147,601326.0108,356810.6401,2866527.44461,2015217.53001,280420.96349,875900.6732300001,30136236.78497,2637095.0089,386638.62732,1883302.53743,4762899.016,9088723.41698,845175.24131,1031929.96233,4158808.01868,328987.97263000003,112312730.23936,10422653.894050002,1597150.89541,16332818.94889,96382.15837,1388280.30472,2005820.4982000005,1954054.79549,1623720.1823,20388885.84611,3838200.36094,2039936.16596,23043261.13422,1839076.86985,10140182.14294,662459.3048200001,1430217.61247,74578355.71852,29258039.81291,11536320.41408,1108960.60253,15186547.26608
2022-03-01,1364552.47661,114528.675,167644.79491,475879.06873999996,74480.37635,2029403.45986,2779205.5657599997,601148.58859,1201398.06675,4623439.16789,2052722.66493,6406101.3428299995,245574.60192,2025020.49998,350817.21420000005,0,139894.08325,845713.2321900001,3372819.5656500002,340481.266,11003063.385890001,2037933.80728,217660286.31978,11771835.83701,1459629.03587,71869.86488,3541618.1593,287837.30000000005,305617.46624,2196301.9147300003,367342.59215,184685.24018,737291.0776199999,18291748.52067,1400851.2541999999,146568.83268000002,1524135.41589,0,6145609.52515,880453.9197399999,1152760.06778,5402664.80803,251366.90980999998,117197998.33511999,11325746.99639,1119047.37042,9455674.974769998,………,1343937.19398,1826314.57866,0,1370893.63625,24546722.85038,3774638.60189,963489.32437,11328808.41565,1779424.6179900002,6653944.61821,629559.10178,1033831.8341900001,73335080.7459,28839767.18593,7238143.1384,1069832.78539,10365228.82378
2022-04-01,2461832.8074000003,121319.50806,642189.40631,495294.87321,14443.89556,3142851.218,2559347.59323,490377.02426,1208302.46332,4479849.5678900005,2857330.73272,8674141.21356,243196.24133,1408167.5668499998,438734.57446,13003.20554,240638.48656,835882.92514,6064449.25295,280902.53208000003,10313367.79769,2037144.19729,226099030.24087,16417020.38946,1693483.01991,41273.43529,12252430.66352,387101.3463,274697.16549000004,2006314.72348,640667.16267,174732.47119999997,733687.17501,20273879.206090003,1397450.38733,172060.62851,2185924.14989,4251047.965,7010779.27733,809756.40286,1004540.51752,4211983.010679999,357268.70282,124666506.3014,16040117.4244,1860529.19911,8422081.923,21125.33324,1180905.43112,2409970.52997,1250308.225,1326160.24214,27546369.77608,3540238.99142,1014070.2886599998,18046036.12017,1773398.6257000002,7553792.766210001,600607.57555,876318.82818,68933508.01559,34627095.68357,20219835.11095,1307478.16538,22220452.09484
2022-05-01,1662208.21477,122610.9732,552722.2226099999,439750.95616,414781.22785,2002107.39567,2562707.22836,502074.22542999993,1211677.21974,4455377.33,2403628.1109,7971690.52731,268835.62297,1745928.1832100002,450676.5637,16011.83568,216757.7752,790967.9492,5301499.17842,265018.69085,10323276.31809,2132418.6783000003,234462408.48556,16719239.45737,1236297.6234,86623.8564,14268357.35797,363649.6615000001,246975.49485,2004972.95427,1193013.84062,197145.72681,607595.0,24904222.35579,1452721.96852,307605.82345,1503488.97984,4132036.7095,4791285.705150001,797927.7420099999,1059265.66692,4197799.43557,199860.93545,129749833.91887,16363936.77014,1864554.63132,8310636.46697,16818.68081,1113550.77172,2363927.85531,1180581.91781,1282320.19042,30182148.85263,3622517.99586,1093572.6629,17322383.91557,1740313.92357,8648361.85114,605576.81662,712741.3019900001,73547965.46152,34293335.99853,22639773.18129,1258856.93738,24124538.90062
2022-06-01,2362926.37308,171711.56996,457828.29435,295199.34997000004,357476.26326000004,1895975.5259,2399218.24347,513530.54341,1243391.04518,4424090.390000001,2375687.91938,7465368.898709999,257556.93402,1742891.8941799998,579945.60042,16003.94528,221054.49418,777421.5780300001,5043859.55251,270402.88131,9547766.11961,2211187.23551,246773553.29208,16145288.915599998,1143542.51931,70000.0,15715498.7607,370260.1147,372464.6763300001,1904701.21186,1415782.54888,175043.1515,594680.73,23423769.27575,1938600.55141,463093.16018,1803581.1514,4010988.7858,4727240.12882,730551.83095,789646.3497599999,4018181.97844,252088.5725,123847614.71985,14516932.84451,2181955.35614,6340853.09505,0.0,1071927.57079,2230517.10205,700172.606,1196596.3773,32240531.16033,3618677.10314,1388059.86738,15666450.6768,1795901.13844,8878641.734590001,589326.7974599999,661922.1112,73196780.94394,24709690.23246,23267012.10377,1126550.40549,26163938.93434
2022-07-01,2814379.97771,172897.93468,332119.74216,365491.19131,372720.71068,1220163.6238000002,2206216.5269500003,676276.2651399999,1287763.37166,4457622.16,2872739.22732,7827251.577479999,269714.90854000003,1278892.31192,558816.85401,22013.86308,232146.19248,800258.7473800001,4101715.999510001,279666.61388,7677584.1269,2951588.26073,268097360.29153,19724771.75791,1138764.99804,130000.0,14066635.34645,411909.0857,236323.98002,1922579.5808200005,1736093.2929,221139.26094,615343.4421,24593865.43092,1683757.6715799998,523727.18211000005,1416859.32703,4023533.79294,5285429.03308,695011.51873,831094.7134700001,3723958.6843,423645.3913,115565940.70202,16148941.30666,1166081.66938,5879541.68355,20012.60274,1061284.91464,2203773.13853,950598.633,1063481.28243,31771605.5592,3592262.3351000003,1420437.6089100002,15193506.24543,1549317.8679999998,8239741.470729999,574657.72512,819860.1864700001,63734889.1848,25065681.97674,26221036.00052,800049.3576999999,23395835.19157
2022-08-01,4064980.33045,170168.52977999998,272206.48964,262283.58322000003,283534.98603000003,1066656.4763,2127721.3291100003,690809.48674,1244148.78565,4464480.65,2790495.1482,5091453.717540001,275563.58371,1293351.61619,599326.07181,9017.10369,234442.35594,876757.94996,3066210.78916,286501.29103,7410660.55296,2538619.22011,290565337.93424,24337325.48288,1224693.57216,130000.0,14504453.24469,440908.88735,239122.06119,2251627.33675,2003780.81995,246465.04086,612243.48246,24487566.376690004,1396478.78729,697190.10576,2049983.6559800005,4879206.2967,6469295.140389999,684902.89386,950313.04831,3521081.6409599995,262070.28412,115029189.71604,16252735.71676,925841.62244,6130293.61033,42079.39722,1098943.12584,2577779.5975,300567.123,996399.86527,35123866.96662,2885955.86016,1813414.04895,16006697.45061,1466706.0292,9076240.50201,512610.92092,641521.6653999999,68449076.19624999,24841739.58503,28804128.72252,572585.52,26377200.64041
2022-09-01,4065670.98795,171721.96966,296882.67134,266999.20515,173109.01422,1385307.44,2087427.94705,747271.26646,1097402.55126,4819998.23235,5331011.04356,5694477.346520001,268246.02628000005,1366677.19123,531249.98754,20012.6028,213134.21982,986501.49742,3327347.34072,199228.43971,5763299.82943,2283374.3080900004,291392775.97773,26710877.34048,1370388.42953,175000.0,16396148.69747,405255.2067,92033.80978,1836881.56234,2261424.1164,255160.6857,658563.2984,22016349.39,1605299.73525,613556.84142,1802579.85594,4768002.6171,7053756.56261,660879.12131,738384.99909,3856082.46815,276964.26072,113337122.29848,17897617.68058,955591.03501,5299595.02251,11006.93151,1184840.1777,2348476.601,1050661.647,927899.43565,34502462.47129,1915957.83843,1757559.93996,14794507.37994,1138638.69969,6341816.07392,372364.34852,611369.27054,64220544.60042,23530907.06268,29401717.9273,791847.26687,25700348.51321
2022-10-01,4066311.88045,169883.38258,368431.3853,447365.80932000006,218137.37052,1554955.4837,2113700.13836,1005001.00178,1357806.8440299998,4784247.44446,4960627.878400001,6130493.18395,285198.17813,1664130.64679,511571.76288,13024.57533,216136.11024,915819.19696,3423802.08776,190875.76628,7231457.01528,1996105.53754,296011313.13106,26632890.39948,1512256.33629,185000.0,18364861.91056,483304.35762,222652.05853,1759445.4835899998,2571618.43666,297561.45177000004,684267.0712,24440068.00333,1249516.9452900002,709210.73447,2048170.71342,4689953.46618,7281735.03661,655532.80265,792917.1493800001,3936186.15062,194152.21938,121116109.55926,20607771.42217,1085926.20579,6783136.8579,30018.90411,1205915.69041,2576434.5047,1701071.23288,1121566.24995,39676139.40316,1381403.88064,2506219.39874,11038203.79984,990571.8039,4967525.175650001,247266.78527,855462.46108,68494197.40458,25037885.963710003,31649638.648520004,1108852.74642,26528023.120180003
2022-11-01,5067617.879930001,169757.92523999998,404812.28232,516775.22610999993,240151.2336,1573498.24257,2083822.0107400003,1313355.92493,1027725.59086,4920853.06828,6197015.71154,6222370.33416,278136.02555,1383889.84822,492103.88886,12007.56168,205129.1787,787617.5978,3946348.01565,201828.63169,6751528.6989400005,2412739.41124,318663949.29852,27802189.01387,311062.81563,255000.0,21347853.53936,490308.7686,216566.22534,2146533.27093,2801764.392,304191.56256000005,643810.76728,26152424.82168,1445537.2153500002,724838.40591,2742021.06119,4748990.64444,9376599.867,634166.16277,610825.2055,2979751.61592,193101.21938,122522353.75417,24914107.02447,1294360.34206,8242695.87686,50031.50685,1130622.77091,2842998.0384,2051291.787,1104232.6164900002,40773397.69713999,1156602.15805,2605384.17614,7785722.95442,1058446.78853,5909552.0745,210950.52933,723710.54608,77363239.93720001,30950312.653800003,35892855.25928,1685574.24325,26990347.59434
2022-12-01,5604772.83428,164223.69413999998,666349.98958,677779.3498799999,235148.0829,2531594.2542,1507332.96776,1078266.14414,1054041.68739,5429323.68324,8502626.20394,6714270.99886,285681.85501,1491505.58744,599377.4538599999,5003.1507,248156.27472,676474.20503,3786713.81919,201977.1211,6628055.59008,2148420.30916,310892240.8326,28895994.31982,1642622.63971,310000.0,23507174.91993,521328.30294,325204.7955,2437844.06336,3001890.4200000004,333209.83662,643569.7591,32848987.42658,1165269.95685,745450.73375,2378285.9352,5403402.756,6759490.75526,669442.44144,483081.4312,4093517.02486,434847.8434,134053693.30564,27508030.76354,1542014.20639,12274592.65045,42026.46575,1488840.2140499998,3022536.546000001,2601638.364,1339277.3584299998,41688531.84277,1097979.18294,2698470.06222,6529567.91163,1325778.382,5087199.9201,195620.94298,324055.173,77754686.80653,25883380.39146,37131822.44222,1472757.76034,28857620.32361
2023-01-01,6309870.191450001,165025.04927000002,1102159.2208999998,995271.97537,377475.12556,3354221.91567,1572254.3902800002,851461.75383,1257109.51793,4026772.09732,8776792.12885,7436729.769200001,325373.45093,1962595.98519,916993.21593,26049.15066,258325.14966,718533.89481,5589703.71133,199107.84988,7203818.24697,3888635.04419,339760033.70115,28119817.41376,2788086.3089000005,285000.0,25440456.66546,800006.9557299999,558703.01304,2345054.9614500003,3204031.61714,430812.8763,668334.11268,37611211.78442,770438.1757799999,751429.52532,2902152.45298,5707183.539,7343012.77436,846597.74811,439357.15236,2729402.6808100003,331786.85535,141547279.97476,31038211.43424,2114359.39785,18906520.62417,106133.58904,2197048.81537,3344209.3018,3204032.87671,1795175.75576,43305370.22167,1462991.86383,3704662.999,11657036.23213,1407792.27949,10087233.87159,193921.66683,1101232.95944,74164625.72149,28774243.8225,41911880.26955,1499062.55476,34349384.02409
2023-02-01,5160630.017980001,164848.908,646219.8682200001,1020863.34877,320201.6448,2891821.1046,1467477.8933,,1045452.04303,3205623.52699,9322419.56384,7698707.469219999,277746.21328,2071317.78948,820489.104,12007.56168,255183.23546,601071.81692,5022807.09173,211034.20477,6635674.704880001,3167128.23892,308255563.25671,30216465.71901,2434579.38017,226111.92218,24019918.08092,810510.4134,478469.1848000001,2283106.54737,3182003.8452,457287.97398,604992.9521,31930819.92148,2943082.21951,1066895.71095,2373701.01497,5703591.798,9109488.94422,733070.02018,493577.35035,2035808.77761,243740.4661,134013357.59368998,28952397.16418,2023748.78909,13620880.32635,143090.10959,1807719.88553,2951858.913,3071934.5298,1794577.50372,46886801.9723,1147394.33624,3702331.518,11034508.45824,1545684.31224,7701852.88917,192901.02824,1385676.92093,74828850.29623,25738366.00425,36938950.13122,1316609.25598,29907751.4345
2023-03-01,7351155.634289999,167464.27398,747088.60846,788809.6520100001,330207.9462,3001890.4200000004,751429.6180799999,,1104203.43927,4139428.79532,894579.8856,8731099.60779,288181.48032,2255395.86543,899609.73896,15009.4521,256967.61636,1106651.9915899998,3788954.03333,204918.11771,6965540.14514,3440884.07046,304969085.99603,29433936.18235,2565194.28832,215038.77407,25150478.13402,700441.098,427222.20027,2195211.46524,3051921.927,400252.056,654540.65588,28517567.92232,,634225.22527,3158021.68618,5403402.756,10183143.89343,705196.22201,520730.85770000005,2329941.9281300004,227683.764,146401869.53383002,28773598.195970003,1772386.7255700002,13229533.16208,155097.67123,1480135.99584,2501575.35,2551606.8570000003,1727061.85911,40597611.60277,1131409.85306,3512132.79968,14084395.88073,1513127.62825,6998827.67933,188828.90594,1070707.80074,85110425.89565,33058621.25102,34610583.408420004,1048635.83144,28779668.46922
2023-04-01,7294997.66365,167105.23338,580185.1603100001,695138.61225,490308.7686,1961235.06787,464416.92893,,1181074.29754,5698198.69981,718943.91649,10125319.72152,328206.68592,2503427.93454,874326.82598,1001.89041,256888.7042,1002687.65233,4556313.52032,194990.41682,6061889.58534,3108535.18122,309182880.19373,39084340.488510005,2211098.67429,202806.57728,26054173.71449,870548.2217999999,567497.66345,1419365.0217400002,3101953.42364,390737.2599,647137.99868,29471121.39924,,434613.96716,4031670.47823,5503465.77,12904510.9571,862366.7280100001,213705.67182,3254012.25464,199467.3598,131032200.29966,32024984.21819,2203324.2729,13790712.145,125078.76712,1433311.5665000002,2951858.913,2601638.35616,2242024.3604,34656972.32848,1112219.05121,3511394.84156,13805114.45574,1338661.3366,9814393.03677,194287.85232,989628.52867,90606061.11837,38065547.107140005,32521569.762300003,1465304.9412700003,30015571.216070004
2023-05-01,7977640.745320001,167274.52128,506153.39169,817240.69143,349115.06999,2279569.87277,532023.4696,,1349095.8460999995,5983173.91005,698885.95542,9171193.09773,316624.65892,1928369.16468,1001390.10363,9014.79456,209404.99405,841177.38121,6452658.21752,194289.04809,7677582.33944,3751592.80736,322591759.15314,30748415.2031,2276506.54337,259678.43666,29054384.60865,871430.1408,450876.02798,1334856.07777,3160186.3151100003,337015.37795,628258.9058800001,35474800.4388,,410367.21861,4863753.59695,4952712.3525,15498354.236220002,825439.13036,105876.72873,2479450.30355,255958.07934,135590266.07936,36075804.56951,2208396.3300300003,17423232.354650002,169267.94520000002,1672089.73739,3125128.7808000003,3573410.96854,2304895.4335,46226900.01491,1015664.38268,3696601.81631,15165035.1949,1478845.69378,9884684.43254,199395.07329,827944.98705,92338838.24907,54292740.33071,38831563.04734,1475299.86031,30329729.95865
2023-06-01,8801348.3314,163089.31584999998,665135.4199,900159.8319100001,379669.17958,2554901.9367400003,632938.7154999999,,1191225.3324,5953521.929049999,547676.5149099999,10071223.50903,307815.06983999995,2117128.97128,1095523.33703,10005.4795,205564.46403,592769.25215,7781363.71373,198683.71715,9482499.75783,4512968.99064,304697915.20234,38951218.97567,1833374.0478,229186.87968,32283226.26022,900493.155,569086.65631,1171584.0873,3401863.03,260701.61362,633078.2124900001,41196301.68895999,,265516.62913,5257911.79103,5417066.0055,15757462.45671,916796.5742,123938.54809,2575480.69658,189665.30475,134237843.05206,34032394.79272,2658824.06644,17156901.81716,132849.31506999998,1779078.27877,3501917.825,4006993.16002,2460987.14629,51029185.61134,1219477.13476,3695810.81573,15314979.82427,1555018.04323,12341496.15029,217367.0499,731797.49088,92608031.49814,55196583.19126,39779685.86478,1900239.26864,26723172.781850003
2023-07-01,9629341.1121,164089.8638,702106.77639,867656.12518,379606.16601,2560347.8422100004,645230.3468,,1112529.57892,4710824.059590001,458825.48150000005,9789575.88755,339817.26199,2498374.82749,1102817.20413,8013.150720000001,197085.80446,509519.23349,7255178.05366,191988.138,9396856.21371,4853486.141000001,318015853.97934,35956881.20719,2933054.90346,261151.62312,38211421.65465,960526.032,606946.5439299999,1169225.75093,3251779.85164,307205.20382,618609.01139,49023206.11896,,286030.72866,5850636.020339999,7037241.277799999,18793262.36731,925267.47438,142887.4669,4761651.6990600005,307410.55154,137529099.32449,32953024.792850003,2953167.5015100003,21939040.92736,152697.53424,1822258.38353,4178379.42607,3309221.36701,2680252.67468,53314359.972260006,1420623.53663,4501509.290680001,14373760.84002,1423877.7259999998,13400018.53801,231944.92768,1235068.9364699998,102714311.37119,49849834.5248,44458349.9424,2115831.21701,30523541.58511
2023-08-01,9125245.392879998,164080.87660000002,723449.63625,701097.6081,427611.69854,,773208.2191,,1181713.46677,4198463.90529,605118.4550900001,9885041.41872,298266.32898999995,2640834.9881,1205866.87395,10004.9315,203796.39031,662719.93246,7663263.0583,196024.83314,9293703.34405,5992429.96437,322209427.73018,38994024.96274,2834953.1077300003,294736.09510000004,38875630.85520001,1230606.5745,823030.1504400001,1186968.59478,3301627.395,290619.16505,202857.60361,53952742.18592,,495497.82886,6331947.367009999,7352944.69485,12386317.65615,857313.39815,359117.08941,4745443.139660001,263158.37868,147434591.90490997,37889400.72582,2831508.57551,19320393.73981,156299.72598000002,1834709.3908,3639733.04406,5698159.44226,2712896.06102,61124545.49878,1481152.9580700002,4511100.09724,17367406.86676,1468960.5599499997,14152468.09847,251803.56161,328576.74564000004,90413014.58233,54164468.81583,45744411.49381,2126982.84701,31110392.09133
2023-09-01,8992524.69221,162079.8903,576372.70764,872578.65028,494168.98581,,781493.4445999999,,819752.35071,4891426.947579999,747520.8190299999,10016050.85148,287177.06855,2404402.6966500003,1274516.60553,7003.45205,199640.728,460045.47183,8751314.948210001,211128.9072,10925604.81746,6328761.78092,315027901.36079,47916463.87177,2943719.01993,301037.36334000004,40148530.61112,1180581.917,638822.32233,1110418.05864,3401676.71,295255.05444,124046.09318,52260065.6773,,540932.5144199999,5053653.37395,9866005.21415,14724880.510930002,861049.61798,87370.04487,4101774.21111,289546.95558,148527161.65137,39660579.07474,3315888.0801600004,19395878.83161,180389.6164,1886289.47434,3548004.57142,5357446.69222,2750955.82216,61691583.65169,1462072.7918500002,5497376.06709,26394202.54864,1533261.11761,14434294.52618,269047.29058,181847.32926,86204986.17998001,47980145.95409001,47275746.98545,2268996.5213900004,30531685.95069
2023-10-01,8622676.338440001,161141.15031,614939.65038,691182.7035299999,524116.71135,,793143.4116,,734800.80459,4990570.06342,794724.41886,9199573.521760002,322195.75409,2244508.75924,1225817.22206,13017.09591,189127.19193,1865665.58908,7000007.92379,211112.68576,10839252.4887,6695836.57392,332191488.24471,47269651.69738001,2038064.999,293825.97246,36066787.51233,1077351.2745,493345.04424,1162833.05503,3402980.19931,321263.17823,185546.37097,51125486.32709,,607536.4224,5481303.10654,7724296.817419999,18163888.17378,859672.09545,170532.87133,3446942.66378,357302.02127,151547710.73649,36942387.12915,2359271.41422,14101806.00058,189631.09588,2005856.7689300005,3577702.3522999994,4927352.06124,3420542.6105200006,59665109.94835,1433247.5529,5506754.82745,27753202.0348,1583595.04238,11953952.91353,302374.6732,,99118420.94948,60051031.743870005,44747674.06025001,2218220.14635,31237401.18694
2023-11-01,9011276.41721,161070.57596000002,508895.5873,762242.1413199999,966463.72951,,777042.97515,,981482.48721,5410472.74219,759836.50413,10029949.97348,298231.50786,2098303.19275,1108351.76879,11004.82196,198333.56008,1494835.28609,7149969.27684,200108.03708,13782975.82333,7408441.55628,336908907.56236,46910338.703080006,1983391.97812,294005.11555,40884653.37771,869991.5700000001,558291.5354599999,1113839.97352,4824709.76835,368827.9604,191103.32107,53957036.40167,,670619.8745500001,4821813.487799999,6847225.15315,12100779.07272,693685.3243099999,221632.77742,3238484.32027,325559.70264000003,149901317.60558,37393389.64972,2721910.71931,11265794.946229998,178900.27396,1970734.78086,3658303.87902,5331745.42037,3161976.74928,54652839.90386,1458489.60049,5503502.37526,35843053.52035,1798314.72983,10441023.67866,262239.20931,,97291291.59497002,59849747.64591999,44694984.83556,2205042.02286,30096038.0575
2023-12-01,9373952.55401,161070.57596000002,618599.58237,984870.70845,852483.78374,,720447.57419,,1094853.4726099998,5431991.47433,818360.22904,10812727.63278,299637.15184,2265493.25129,1181900.58319,9003.945240000001,201779.76721,1096220.36307,8167687.958439999,225352.69306,13249864.33356,7631324.9022,360016034.09799004,52185450.39952,2066915.0531,298697.93675,38846243.74214,922232.288,616558.72348,1060590.82583,4774000.708509999,425538.20182,233778.52725,50932118.25038,,754391.99828,5019590.85723,8874110.44109,12062878.784109998,703042.7024200001,268760.02089000004,3199531.96218,364040.98421,156024286.43314,38668482.88276,2726598.1031,16528685.97185,201237.58905,2135714.06712,4196500.495209999,5014628.87036,3249260.30111,58289932.8165,1457087.83507,5509540.03375,41439608.32487,1936953.51484,10399561.08835,279549.67626000004,,89436419.10668999,65807556.512250006,50973068.12791,2409606.4489,28546942.87734
2024-01-01,9217954.72935,160197.26080000002,768310.5345999999,1086307.38282,993790.30426,,773439.89525,,1126323.55221,6089543.6585,966064.72181,11934124.70933,335093.42576,2047717.53664,1574920.82834,21025.89048,201988.05927,2567792.23134,11050469.99865,245239.1096,15324849.429069998,10310612.27625,405642558.52897,48087341.67197001,2904350.04844,355554.67538000003,44838216.30835,954619.6904,1076311.1795100002,1232835.07552,4841526.96,827197.03688,303105.51059,60684214.82456,,1012680.56834,5315048.26333,8907689.28287,15556848.10439,709671.3654700001,79289.79832,3435191.27272,421634.94059,171430865.65842,38733314.67076,3728737.00107,15801322.451509995,219358.57535,2348011.45114,3828108.9948,5749969.41504,4402332.6322,58357104.64522,2592035.74604,6160672.92127,46759375.43227,2116628.19497,12214134.96238,334749.97537,,105925625.13388,69446057.6518,53646533.86166,2552472.80144,36147025.96791
2024-02-01,8376451.53959,160065.5744,652601.45994,960874.473,1122947.8710599998,,918982.62595,,1109517.93913,5039655.45591,684228.1715999999,11153556.34392,303124.18152,2448217.70295,1403813.59996,30012.2952,217073.89239,1683078.80606,9139865.70462,291745.51879,15271506.485179998,8059871.207660001,385404998.38562,47871532.58787,2591639.68231,277470.16715999995,46536268.29615,975568.364,1107853.09899,1249134.85373,4607900.312,521357.43887,211633.91995,56146966.98904,,1185468.4535899998,5150759.23904,8732215.55577,13453672.7898,674325.5372000001,100612.20968,3722804.09009,392611.34199,166013510.31641,42254681.783470005,3586038.91194,14675903.427219998,190745.42203,2544602.67952,3739620.5828,6104716.49088,3525413.47505,67861565.36837,1811716.42358,5662862.78323,47486128.28751,2209416.98734,10830655.12791,374103.00547,,93746861.64855,68348856.62931,56406309.22504,2630000.60381,31078254.47223
2024-03-01,9633470.49496,160065.5744,569704.84705,1105836.0041200002,995136.54644,,1407256.91534,,1132212.67659,4947882.84839,818351.15941,11011944.63625,301123.36184,2367809.77585,1231528.93817,15006.1476,210218.28608,2033421.20048,8942345.88467,223967.65896,15375913.6195,7238894.432769999,360257277.22483003,48787877.00142,2549888.21879,302984.50353,49170328.05456,1077229.348,924123.16094,1238581.10378,4867395.772,600434.22202,250251.58552,62309603.53784,,1009804.34582,7047636.098379999,9562073.40637,13834024.34697,546610.8944,492389.50005,4317434.33809,350166.26482,172355478.79579002,39017597.46053,3463008.93249,18546835.97019,229975.22253,2444497.7440400003,3688592.31732,6971915.74063,3642826.82325,58842635.15055999,1571569.04864,5993818.497399999,46261102.06546,1727271.81741,13464653.80118,274438.93464999995,,102242454.96508,70916130.73084,59895467.667770006,2504869.97836,29638576.78604
