Date,2,101,105,106,113,115,123,126,128,129,133,136,142,143,146,153,171,191,205,206,231,240,241,242,243,251,270,272,274,286,288,290,295,296,297,298,299,305,311,313,317,320,321,325,326,329,331,377,381,386,387,389,392,394,395,402,407,430,455,460,463,512,553,593,634,694,774,513,1,3,5,6,29,36,43,46,49,62,72,88,91,95,96
2018-02-01,,4782707.95365,4553239.9592,25578363.27822,2044311.47204,56050868.40099,1331203.87092,9876708.95134,463169.3488,1160445.47017,1068099.01616,54116183.98835,4409531.56814,1545324.57367,755600.50347,5197569.3365,32728452.16035,2483186.3832,789595.35705,2466846.20804,888453.7745,727890.92889,777822.22381,7277823.65431,514365.2611,3290966.76463,11318200.3094,58643819.96876,85847371.47486,1135329.64243,2856977.63612,1283171.89343,10159243.81972,36919589.12368,21203038.26375,16753871.11948,69236576.87453,9110042.4396,379132.41783,211606.0741,27276138.77992,4722888.60605,2956780.21383,2602824.11199,669700.58568,1624738.51497,1656703.62477,1169256.43838,1555875.35426,2517421.89055,744040.83262,10090614.63981,723827.02446,1200219.69859,838587.83955,483566.79841,1848485.26059,312687.25822,1801200.56809,924035.32285,409904.35472,204837.91411,1504736.08315,366408.67593,271356.17412,1522989.18292,426081.95227,818331.81749,34.0,,,,,,,,,,,,,,
2018-03-01,,4562127.88893,4468505.67012,25169061.8035,2064950.10225,57186300.64019,1344106.60939,9893920.27347,425461.24029,818256.76458,1128100.48265,52169921.65197,4396540.13793,1500468.58827,936870.2204,4989089.4248,32638058.25455,2381951.51445,782514.90438,2362965.24594,957474.24489,760125.39272,753877.24606,7054069.67126,527395.80876,3116168.06623,10992667.13996,58173605.75778,82949906.01207,1136988.82231,2966366.52179,1336854.83505,11008121.28998,36006065.75357,20747799.14155,16785841.63593,66878289.90853,8914773.02845,401825.82745,221861.23331,27325612.22888,4335250.48351,2884255.05645,2547456.05518,694432.89486,1510147.95066,1594771.8403,1080407.4657,1883455.46972,2625989.43023,584278.90691,9673472.14128,693816.08358,920887.27743,828352.44489,524845.25252,1712849.04808,299956.68873,1632931.7436,825614.5362,316142.47877,204947.96821,1602279.045,762052.50397,269909.26489,1235810.60434,518858.97293,731357.38964,34.0,,,,,,,,,,,,,,
2018-04-01,35.0,4736401.2918,4259130.58826,24546859.86574,2022308.09343,58580724.92005,1381703.05322,9932127.47041,442118.72844,816390.36267,1027449.57706,52982798.30294,4434879.41677,1483720.8663,755145.04152,4806702.02215,32464441.78242,2272907.13021,828263.34545,2313932.00746,966113.21872,735880.11418,783103.60342,7068671.468,542905.23201,3012114.40372,11132180.80975,58135285.86366,85078134.44781,1172022.91249,2811144.77181,1297623.17712,10221810.11294,37843179.75059,19338053.2298,16587708.39059,64961246.18344,8620450.08395,405508.66348,222764.66413,27452723.93595,4448295.02718,2897192.63161,2354875.60001,708848.28793,1552051.1616,1514201.11144,1039252.58483,1457339.69845,2692558.54511,585146.79495,9138998.89908,793487.56903,1007631.17776,749410.39023,505521.72272,1712524.93755,323096.05744,1517707.12724,853570.92694,268545.8587,207108.00506,1447151.85005,573870.47306,259068.95255,1316252.67219,487491.02912,720021.19382,,,,,,,,,,,,,,,
2018-05-01,35.0,4759540.87321,4269765.63883,24390744.35547,2058994.59156,58544326.56615,1391649.29005,9504264.88549,480077.79245,808742.95031,895478.03227,53132295.62786,4573204.56875,1451373.62954,862250.32691,4869184.62762,33041378.91388,2270007.61579,771085.57093,2291672.10366,896816.5233,787309.69531,791037.64389,7766726.9356,577465.80983,2806475.49025,10967673.49406,56833369.57615,89060649.18716,1274261.30802,3081804.81173,1330690.88711,11044434.94352,36780570.64224,20901580.7255,17333823.67653,64465999.78888,8642855.7307,410385.80813,223590.35216,27584740.2199,4157413.29171,2812316.43795,2325123.27576,688854.75537,1514205.99652,1525797.04119,1021985.95294,1542609.1501,2864192.9952,705381.77372,9030807.4341,967101.63749,944965.84443,649241.37023,473631.98987,1940552.84615,308856.82442,1592984.58108,917175.85358,253110.60257,207215.59859,1550475.82625,555661.11865,274227.26574,1293548.89953,513520.24652,662524.856,,,,,,,,,,,,,,,
2018-06-01,35.0,4656782.58159,4405217.34636,23867840.80294,2278825.21214,59685628.98438,1390087.21265,9528519.0351,466492.45698,702229.57137,844862.30918,52408261.06162,4708175.39916,1406416.55854,808765.81815,4682300.04623,34411624.41139,2278922.16908,842868.33101,2208620.74554,922116.81632,808576.71071,794155.53586,7966081.2803,594227.32361,2845707.65337,11972643.94578,57324059.09888,89769162.0895,1320700.88522,2926128.5643,1386540.35605,10445948.82595,36991923.98246,20614923.8112,17706916.84291,64430202.95832,8687472.51211,391364.09504,224457.31246,27830928.10049,4210508.93796,2330177.30482,2321791.3858,642607.54205,1507585.00646,1530648.08925,994892.79309,1939806.88698,2694915.6194,608170.89753,8859580.0627,1030346.72223,965373.28274,675094.30968,495649.46534,2884594.59306,316241.18581,1740191.66782,922035.71542,242419.24886,264018.53181,1587378.6751,442661.28549,262867.85879,1153568.37196,567083.73869,657998.59011,,,,,,,,,,,,,,,
2018-07-01,35.0,4897109.77881,4462565.91789,24802529.50045,2208760.6783,61693418.4355,1436005.90128,9833829.79815,446350.80985,645365.12797,867205.50732,54607648.62864,4841293.3775,1377590.26977,813334.84416,4870504.83979,34498113.66871,2320465.13748,772046.01025,2097297.29002,904932.61239,778369.95553,751811.61854,8199105.40152,587228.76306,2820661.2851,11547382.97974,58267278.55703,90507292.59534,1378906.15881,2534916.13863,1657880.0381,10635220.28834,35982739.64903,20150475.38155,19574320.60396,64155161.00002,8184976.94527,391665.69145,225397.91671,24518438.601,4307774.46205,2417786.68467,2343563.95889,748129.68977,1502891.84547,1587475.38017,970099.72873,1750873.47805,2726137.70987,878739.72341,8520789.86054,1012348.55684,1061827.27177,615221.14963,520948.80877,2738578.63332,312733.82029,1883390.5607,927314.39808,243233.16871,212350.8222,1742109.75753,627287.03457,267763.65111,1194841.18716,590302.20711,,,,,,,,,,,,,,,,
2018-08-01,35.0,4877932.51751,4740290.6538,24982304.1894,2271818.66059,61936707.86395,1461551.76733,9626365.88885,460980.98193,635224.82531,879102.35885,55656014.78825,4993033.43766,1390383.61376,857721.62111,4816437.41794,37260345.5575,2320436.6083,798694.68768,2074738.72606,858903.22801,808976.56274,783472.8766,8098692.96595,634849.92049,2750093.34669,12100016.66973,60037940.64864,90294369.03868,1450673.54336,2461618.40486,1662070.86183,10882763.86205,38898158.49955,21840794.72944,20233284.29722,65896273.70394,9320038.86614,407866.08741,226609.55459,24768308.93196,4207333.4643,2273633.35976,2446778.32133,788504.31049,1518375.53529,1497744.10047,926483.89486,1684441.95429,2854013.92495,863228.06145,8708661.12415,1128891.793,874341.26566,585463.42632,475514.22396,2641507.1183,324597.77816,1523303.34155,933600.41655,234836.49257,248793.54331,1669425.73422,561135.37079,274245.00815,1255501.73876,626513.65094,,,,,,,,,,,,,,,,
2018-09-01,35.0,4852751.408,4940823.16577,26620121.31976,2314957.91071,60802109.90906,1467906.20224,10042948.45566,489069.54659,647596.54189,895142.38457,56268555.30347,5173640.62964,1393877.3235,851399.86164,4780165.81441,37293118.02876,2310196.39949,804367.38662,2080164.69945,863446.12912,765068.31063,749938.1031,8789798.88115,599609.18206,2744719.72535,12296760.09654,63407138.83577,90499208.15145,1458475.3574,2327307.53454,1474072.36883,11066596.88867,39181067.34552,22295097.6295,20579788.30878,69089842.05701,9526866.13932,397616.52682,228025.74165,24825119.18921,4402415.24198,2315642.354,2447553.97392,772250.56333,1661783.85037,1481017.20048,1112091.88801,1614136.21029,2881798.92212,731345.31821,8436126.89203,1182318.19648,1081849.3597,594145.63179,472033.80797,2556858.86834,325470.07581,1645531.38538,981022.79016,,254954.82558,1618017.76926,597676.41034,275448.15885,1215966.51853,738498.56299,,,,,,,,,,,,,,,,
2018-10-01,35.0,4982406.96976,5022975.23493,26931345.16567,2321558.58052,61470567.62157,1483908.62453,10433569.90003,497643.71171,621900.13944,911311.71825,56673238.8322,5341440.27726,1396793.13644,866072.24544,4657653.83715,37686819.25953,2365793.77262,790351.16912,2209114.05452,1120879.98772,859646.51147,819699.64597,9101630.28069,632478.74591,2704524.44906,11914641.59719,66592512.4155,94628544.18797,1565792.32086,2520021.26564,1313995.10737,11702808.42736,39094457.38135,22895858.82391,21089120.13421,68994066.24237,9342617.61139,389855.9308,229859.49673,24877942.43356,4523701.03986,1375751.82512,2443507.2841,878085.23322,1654593.33268,1708128.33919,974781.15128,1454020.25384,2738404.19803,736574.13987,8599573.80886,1612530.46088,974417.70878,600268.9783,528425.13318,3002831.50447,301375.88844,1756805.5469,953980.88922,,259307.17136,1700119.34038,326355.42888,277529.5747,1556139.17763,963981.07467,,,,,,,,,,,,,,,,
2018-11-01,35.0,5185188.02073,5330553.79956,27763864.37316,2372235.55858,58958401.82174,1525246.51953,10472531.53704,511023.1887,600632.69514,999715.65722,58434299.7309,5452915.29525,1372452.73132,891396.97779,4642547.66699,38855326.25884,2353858.1889,827244.06414,2089662.00751,1250960.73834,1029779.34967,847036.83838,9290487.9417,652457.22713,2645149.51863,11648160.39773,68943719.37403,95287497.38659,1628711.68659,2528148.11034,1416518.74728,11934634.68396,39271664.06973,22772615.53007,21391698.28668,68682377.49108,9865662.56909,417137.66807,230720.89146,24851351.31989,4457952.1257,1226832.97032,2450466.74965,913132.6322,1719035.40757,1651287.47073,1029943.9085,1414897.83622,2806226.17232,677492.78615,8594651.75308,1533789.91284,811591.29084,618593.40118,426379.99114,2965706.40047,,1630049.97068,934642.88873,,250997.11824,1209694.67565,314126.94341,283402.66564,1532630.10163,760692.48072,,,,,,,,,,,,,,,,
2018-12-01,35.0,5341843.92655,5058754.22114,26344031.99108,2310197.06165,56192784.12141,1457140.6688,10480850.70339,498737.20926,614759.50054,1035761.66197,57684304.88612,5571387.68804,1343646.22024,861026.6216,4487478.74292,38524169.24505,2342722.25384,818777.34369,1956932.22024,1104172.01432,983418.8691,826369.98602,9801152.30172,616984.88776,2642700.88467,11557435.49947,69404292.93067,88857061.84737,1544433.46814,2468396.62329,1114977.48902,11011454.00445,39609632.37486,22625022.81462,21104767.24463,68660858.40484,9160545.68128,337954.25206,231054.90086,24878238.22995,4441661.62582,,2451817.86011,990086.02047,1845050.95717,1635929.74351,987191.14724,1212193.46459,2767452.15229,979748.12013,8291086.04131,1592918.88617,1000602.50789,625001.66168,380338.5636,2809146.60703,,1841327.07481,953198.27248,,250899.90367,1052366.6277,324635.91465,279172.28369,1514445.15863,873298.3404,,,,,,,,,,,,,,,,
2019-01-01,35.0,5509469.20946,5194386.49181,26782012.83024,2430659.32423,59336157.20498,1510380.87342,10497968.94353,527368.00794,602994.13239,953455.06029,55828878.60754,5723905.03121,1340735.39436,875969.52383,4570644.63037,35129106.39884,2347857.31959,834176.81763,1873624.92164,1084453.73093,1124377.33384,999588.08414,10475729.17944,665525.59006,2792207.13156,13012426.06721,69493432.46461,92368076.39308,1684718.24821,2772917.41458,1420320.26645,11650158.86295,38582669.30043,24897022.17907,21502093.45138,67216947.92942,9657770.72185,344043.66148,231949.9711,24095291.01977,4587576.36387,,2498473.95691,1076448.72683,1770314.10493,1693793.66076,998059.99928,1438772.35427,2776376.9437,942932.83813,10158308.54612,1840050.0547,1045094.58424,619782.54755,320722.42627,3522612.70848,,2034797.90661,961863.90259,,247781.91513,989930.51184,305752.62097,268458.71884,1443865.05841,993333.18064,,,,,,,,,,,,,,,,
2019-02-01,35.0,5311270.82147,5484568.88279,26772467.31951,2378785.6722,57762182.86174,1518503.0691,10498488.80981,539145.22861,613149.99049,990766.48619,54905278.71156,5913468.74183,1385426.97313,931519.02808,4911332.85611,37412498.36422,2334087.35524,820771.30516,2026855.24987,1020279.86197,1169415.40849,861953.92399,10877778.15084,704113.59144,2708849.16299,12775030.4781,70872276.94028,95338293.79101,1613335.96148,3165653.64332,1571753.41549,12319231.08706,39796577.41217,23839289.34311,21467041.62433,67064990.80201,10318755.96927,349747.98885,232701.75487,23510649.55185,4492538.54745,,2525928.72137,1057193.8638,1762734.86026,1712582.25226,985788.75271,1370978.67731,2850680.72461,1001727.30184,10524521.61646,1783660.15564,945940.8139,613832.69438,301295.35093,3352474.51314,,1824586.98177,968394.87853,,269288.42259,1038429.72394,421084.23635,291363.26511,1633622.37096,818469.05981,,,,,,,,,,,,,,,,
2019-03-01,35.0,5075108.74115,5554040.85342,26662702.71888,2335208.62224,57168558.70539,1469850.37564,10277620.24212,551335.02699,569408.10257,969082.03708,54199123.9911,6053481.88816,1375873.67037,1054086.86328,4768555.07684,37696684.90327,2303902.13953,784641.2426,2172254.27883,1037868.78561,1211935.00198,781278.28927,11554672.27575,664855.69356,2624753.64213,12272324.11228,70604486.14918,94974423.90734,1668559.9291,2975661.89135,1405471.32828,12394365.97001,39530166.83775,22929288.72158,21359553.08121,63936278.18693,9659507.56352,321737.57155,233233.61169,22923072.18119,4792776.3817,,2542017.81002,968420.85753,1808188.67347,1619722.74011,1001782.3975,1312981.68778,2838885.41721,1129707.42937,10049818.54397,1807856.82832,1000781.09854,640835.13916,292059.0189,2830241.64366,,1900053.09204,863379.63213,,267631.22961,1047839.35787,358803.3758,291931.40888,1627596.77346,849883.3302,,,,,,,,,,,,,,,,
2019-04-01,35.0,4886929.87761,5246641.34724,25810987.49298,2365690.75134,56226137.37655,1473829.41274,10053552.28982,577335.64656,581329.51505,940083.19873,52998455.25658,6369764.87838,1407280.90347,1034785.64994,4850936.86055,37439903.19029,2320571.43785,800065.85666,2091594.89609,1064494.63142,1158694.06428,798148.21486,12470733.33764,707837.24033,2741218.84271,12482451.34154,69614276.16004,99606034.58501,1665206.81112,3119607.62747,1511757.47001,11346849.68534,39777900.79322,22890000.61759,21662626.97951,65068065.8171,8778019.67213,314601.75215,233805.8082,22034502.49531,4505887.27953,,2598493.85659,1065365.62405,1780524.44624,1639469.06773,1010700.29573,1311179.91694,2812815.17706,1012793.9936,9513704.66591,1935482.53494,872060.5029,632946.88274,278650.51287,2593053.27209,,1914767.56233,933506.14756,,264360.42526,1050095.74747,309789.84431,328235.60371,1547178.29499,866460.15114,,,,,,,,,,,,,,,,
2019-05-01,35.0,5084452.09927,5113471.75247,25925991.28085,2389223.66367,57779655.02905,1533412.09338,9954408.67774,561185.99306,594080.76341,977660.31136,53988487.47679,6409345.54551,1371948.44964,1009750.08647,4782305.42129,38280255.84457,2296923.31999,878044.63981,2216079.74159,1013289.25302,1200298.21855,851220.60167,12896570.67218,662993.03159,2790107.26497,12705734.55566,70180493.13235,97700264.32592,1706420.87267,3030659.90453,1792677.6795,11836115.61363,39802947.30905,23931652.89561,21892243.71077,63162873.72916,9372470.09397,316362.13594,234170.41348,21969806.05066,4425742.91536,,2610246.3006,1143270.52481,1588501.2934,1539447.19724,957144.70443,1207556.34117,2884740.81336,948145.10805,9134973.75219,1803644.59347,873881.93933,633387.25745,259660.05173,2382380.3716,,1795952.74212,911399.30137,,260296.39681,1185453.80321,305327.97787,343062.27425,1530691.52617,1043225.63338,,,,,,,,,,,,,,,,
2019-06-01,35.0,5100756.51503,5374881.5547,25024729.30363,2417969.015,58474212.58561,1492464.74787,10239047.16908,578141.65916,582738.7207,931206.03825,53052484.79027,6950666.35075,1417640.23498,999383.62844,4746697.70741,38548905.80975,2275965.98509,946852.89796,2262662.06971,973999.17906,1123686.94311,843150.90418,13358351.67342,616012.47417,2795904.83004,12678416.45073,72423629.10603,96521418.85748,1734229.20332,3075500.94947,1876320.83524,12574506.2356,41093304.40561,25351956.5905,21759666.15315,63942144.52647,10048102.84736,309518.69134,244798.79432,,4416637.68271,,2610099.93052,1157322.55391,1759069.91199,1580678.11022,848421.97254,1264134.17795,2929234.09761,979926.56584,8640482.05497,1895362.81481,876861.96081,644808.67737,,2571667.26266,,2060197.42845,877570.55023,,316769.96137,893079.6406,294729.52578,365786.72182,1772360.61024,1029016.69076,,,,,,,,,,,,,,,,
2019-07-01,35.0,4946829.38095,5244458.68059,25832981.0788,2440210.62903,59857987.69197,1497622.08835,9866807.99211,547179.91915,583152.9241,962403.69501,55588587.87708,7013319.04883,1426501.00907,1023764.65727,4860558.93181,40033054.80689,2257516.10535,962423.44263,2217863.58939,910947.18613,1160539.38782,820013.71923,14094967.58674,672735.92373,2828856.36588,12260784.83071,72158769.8714,94035605.09391,1777495.24044,2633967.35685,1949895.18626,11413284.63582,42025684.73746,24292808.9179,22055914.00778,63037910.49874,10134260.76309,303905.81555,245021.2997,,4213758.00239,,2637586.11175,1319394.29392,1660779.42968,1579298.95585,899612.69219,1211269.16235,3087072.49378,990601.40934,7506670.11242,2363280.89461,1038036.44867,668900.18568,,2562345.63155,,2271620.07629,950212.52374,,295404.95623,1038319.25779,356136.06696,321963.85416,1752294.8143,1085884.06167,,,,,,,,,,,,,,,,
2019-08-01,35.0,4497190.69458,5590514.35193,25822076.34964,2556882.00224,61524304.31537,1501195.5284,9668310.28922,587365.48043,574983.26696,910356.92571,53628734.40512,7201634.55988,1317284.96242,1033363.48068,4928229.63128,38696453.76014,2237993.02108,995256.52719,2165599.659,848792.28878,1264547.72652,861691.23826,14734879.44013,671315.07312,2852373.22548,11837634.14408,72920220.86596,128448775.40715,1715628.24435,2538427.54513,2187496.97396,11600278.10275,44211099.20361,24912115.5483,22329539.56971,61369515.70229,10150810.99863,308904.46587,244920.7288,,4111738.32557,,2652868.25436,1236967.47217,1073569.47418,1453056.8315,1018819.15643,1220983.13939,3144891.62346,1077807.31658,5723434.54836,2337474.52417,1066165.5069,688099.37408,,2471664.53918,,1997380.13116,968510.15178,,299715.14522,1113915.72034,424794.94293,380336.14724,1632582.63832,1088535.88673,,,,,,,,,,,,,,,,
2019-09-01,35.0,4546330.61497,5494887.87247,25983340.81473,2523132.77038,61348800.20503,1518545.1104199998,9639901.30497,554460.1526200001,589599.145,948813.8793999999,54928201.5153,7326911.78163,1368828.27774,1049023.78034,4957056.57055,39362288.20499,2251607.56134,944712.7385,2056861.5153800002,943773.5049200001,1241179.0454699998,791801.87195,15200158.723920003,706862.8992100001,2895079.48297,11355267.31196,73504251.69793,120156017.94950001,1807600.9428,2524063.47867,1879318.56509,11623471.316920001,44353790.22825,26624080.34148,22367617.26409,61920246.80352,10269133.19905,301792.22221,244961.84964,,4343746.63645,,2763832.19592,1344165.7994900001,1081640.59191,1555030.67795,1051652.7278399998,1139924.4630200001,3073433.65503,1006959.55327,5066485.235230001,2540453.1769200005,1037963.3080000001,654199.73829,,2110716.63555,,1799208.3536099999,1019979.73683,,279125.35014,1342934.64794,342587.59918,352349.10013999994,1770112.2023500002,1074201.5171400001,,,39277494.14266,31111297.636030003,286090058.67028004,2896555.05547,81074379.57157,746469.64135,529010786.14188,747912.7432,19176589.13549,383177.91741999995,18157732.250889998,2890578.15342,495107.23592,6865653.74589
2019-10-01,35.0,4644919.1479,5594984.0585900005,26941360.282629997,2489322.5511700003,60236875.14939,1508354.3111499997,9982621.30058,578050.83991,575481.69259,897297.13263,54473767.052360006,7510371.73751,1307321.66369,978687.42567,5206023.64434,38111289.08072,2316729.6457800004,925064.15904,2143012.0131,969218.62207,1229052.54111,793059.39718,15578281.36283,731217.9752200001,2930248.3676,11784148.12378,71645925.18961,114133205.01149,1784387.84225,2593556.13778,2086496.6518600003,12810120.104999999,45278971.22652,28899367.720459998,22563664.87696,60178053.04402,10249156.729440002,299718.26382,244543.45766000001,,4215632.09414,,2785290.63768,1453398.4503199998,1042245.4158200001,1520306.75538,1088730.1726399998,1093023.1260199999,3213369.84026,1063401.9935,3928695.63625,2703546.50489,943783.1116399999,773191.91588,,2199699.6642899998,,1662832.8766100002,1305664.7371,,270195.20774999994,1465112.8506999998,330170.00101,339116.31285,1841597.50057,1049737.40375,,,,,,,,,,,,,,,,
2019-11-01,35.0,4618407.70721,5689926.21483,27724983.582560003,2562684.7414400005,61626428.23233,1536810.8695599998,9961724.66511,566665.77953,575754.19268,977619.7443899999,54930013.07226,7537125.664120001,1289527.91642,974815.23869,5384895.57506,40085666.69199,2187166.3028100003,942704.50554,2161166.41083,954883.37836,1384257.2345600002,734831.51561,16557222.091,799302.57276,2961498.17524,11498454.286050001,95040210.25402999,117185402.06792,1824126.38003,2551370.5019300003,1917713.4420699999,12582877.12225,47013379.42251,29909389.21105,23552348.279680002,62145735.79930001,10461641.17777,298791.32302,244372.66646,,4111831.3826899994,,2828106.3612900004,1476627.49035,1105243.4042699998,1609447.23768,1180837.33492,1083327.88372,3020303.35528,1150843.11589,3847463.42221,2586516.29903,960423.3459900001,624790.37446,,2606556.4578,,1641631.1981,2174983.75976,,262647.88412,799712.18683,434708.99497,330538.43383,1716205.69991,1053342.65935,,,,,,,,,,,,,,,,
2019-12-01,35.0,4270510.590179999,5415843.906649999,26170798.904349998,2550519.54934,60221118.25327,1505718.97313,9703506.3469,521622.91981,598525.94504,1043661.1452899999,55088414.17778999,7667301.49334,1243694.0589700001,939788.38989,5147982.430370001,39392737.97478,2106468.4599400004,948096.09993,2065764.5046799998,906151.37284,1438119.6150600002,786921.70375,18078052.23904,726867.8171,2965492.61458,11838545.951560002,93112217.67444001,117908973.87842,1819977.6438400003,2496249.93056,1884989.00946,13140664.1153,47039362.385400005,31923227.484919995,23289242.97981,60412316.92957,10198270.41026,301430.00071,243445.14952,,4170897.5630200002,,2878116.6637,1619242.13994,1082523.36807,1562685.66537,1179283.09351,1160864.6162299998,3098926.40784,1146116.75143,3753102.7719900003,2549734.5247500003,897679.61498,701638.97655,,2412632.3707700004,,1706466.29219,2298957.92321,,281207.69425000006,1085760.34888,360015.12461,323637.9721,1594996.0984900002,1094012.10799,,,37396159.95098,,280407431.3976,3404616.8118,85877514.09002,697630.62006,539552247.6436,723581.27462,19001775.67607,404449.77177,18677749.426859997,3096955.33367,483147.95339,7634746.22962
2020-01-01,35.0,4247285.652249999,5662695.19464,28155627.938270003,2632749.69513,63215304.791310005,1544329.0978799998,10010552.9028,562809.9508499999,553476.7579,1103287.6619000002,55546454.7834,7879807.35813,1304074.0613799999,1081680.6357200001,5804986.49923,37243986.69776,2110041.88814,954765.73617,1833656.36019,1081987.4521700002,1475787.90653,1269804.7075099999,20103053.96487,799637.3535,3052874.1323599997,11391586.67533,87904918.81477,127452510.65572,2098468.44656,2868924.9654300003,1892599.696,13838802.202639999,49297258.147870004,31456731.656439997,24321817.12118,59036884.148030005,11047466.4611,301212.85855,242689.14643,,4249216.53843,,2980905.3367000003,2092995.5266899997,1407839.60513,1682666.44318,1224520.80124,1230834.46366,4121863.7600499997,1140583.49236,3775683.00146,3075877.8645,956290.31979,595583.45402,,2748887.4933,,1980316.92009,2114916.98982,,244259.26689,1050653.66968,381676.92138,321051.26496,1746361.7192000002,1110606.54312,,,36931741.77842,,314674544.63779,3608932.30739,95158659.83119,1364443.6476999999,552058120.19656,728013.21539,19965214.69026,458849.95081,19867892.616299998,3231086.6753499997,515248.21826000005,8203238.354790001
2020-02-01,35.0,4277544.59356,5839389.26118,28936676.46491,2639112.40538,64726408.54092,1576585.71949,10062544.488650002,572644.01882,607727.92405,1088293.51278,56499217.0449,8280462.506519999,1238732.94951,965440.71448,5818494.85809,40391678.25660001,2065294.18911,1021182.63061,1797885.69916,933065.36365,1660475.8212700002,1022020.99307,20751681.99397,895752.61258,3241215.84026,12426417.12875,89918224.04138,138423098.64013,2175826.52646,2832582.08087,1591833.76927,13068016.52444,50636047.78637,32702087.420289997,24556079.920140002,61196916.58417,12278154.15683,307293.76852,292417.42663999996,,4202336.91624,,3075257.94312,1912228.66948,1143522.84271,1631117.7248799999,1191446.93331,1185502.18445,3573019.6080199997,1377597.83887,3689745.70262,3094765.51782,923877.95265,590023.91519,,2991427.13697,,2054909.42658,1700723.09813,,314127.34158999997,1150326.44176,503135.39171999996,322287.13042,2175427.90513,1269775.93881,,,38417861.7429,,334445381.63472,3766412.50744,89999648.10434,915449.31785,555361374.54915,796173.03097,19800474.607509997,441884.7386,19500274.16212,3365671.3970400007,522423.4342100001,8779968.31421
2020-03-01,35.0,4287360.26011,6138004.513370001,28511949.81811,2609930.44997,66130007.116110004,1606290.5826800002,9956964.675980002,574069.99345,558786.9052500001,1170875.3351300003,57139544.518989995,8553038.073210001,1238011.19448,908136.8691700001,5764046.79303,42273586.48001,2021619.6162,990583.00925,1844112.7249200002,928443.5141700001,1626012.0374200002,1051093.9166599999,22015505.598190002,852728.06055,3232472.98451,12494039.79473,89810827.5767,148285071.24385,2169949.91651,3077044.9000100004,1479214.3932200002,11983600.455279998,53004917.63356001,33449865.269460004,24846672.56617,60414597.8521,11901648.72785,308746.95537000004,340527.48693,,4420952.9347,,2428936.552,1911293.4868100001,970093.51131,1632518.82192,1106730.9225700002,1444511.9582800001,4147242.97295,1222564.32831,3633869.03117,2936565.66805,837889.57816,605046.68616,,2733919.63067,,1730913.82113,1721778.2474999998,,299154.98370999994,1115787.86197,343460.34921,340728.69425,2201068.4032500004,1290917.49091,,,38114657.20858,,313457973.19079,3759085.77588,92275102.37746,966002.34272,560700425.18351,843206.99613,19592936.366510004,438953.24975,19570813.134379998,3392043.34518,467585.11391,8947650.15371
2020-04-01,35.0,4288393.7466899995,6077793.3258299995,28878805.36364,2628385.50623,68489365.68944001,1620344.46596,10311255.54329,576349.61871,518308.26508,1092517.1646899998,61851226.8108,8292442.16216,1312681.08347,956821.60798,5989054.0258,45247765.36816,1956249.87833,1074643.27056,1915084.87482,877550.09051,1689501.96297,964064.0236399999,23330681.344750002,796626.56155,3371176.31706,13188130.814439999,99273835.81139,140626317.17256,2170134.86406,3039397.9695099997,1710349.44336,12577893.1498,54215401.43382,31728819.181929998,26215528.13922,65998948.935770005,12366704.1787,299330.53319,348856.12776,,5113575.5871,,2420385.0776400003,1912616.83257,1004082.8514800001,1620414.85255,1040633.21264,1347271.67559,3737759.96334,1194218.2578299998,5040736.62493,2518762.4777,1202832.2699799999,655182.94218,,3230925.16763,,1656948.78535,1954798.006,,259423.05261999997,1477762.7625,371969.58642,351918.05114,2344391.10307,1022921.5718299999,,,42289270.262959994,,314429347.87083,3939913.78433,98662062.16262999,1504498.37817,572099553.99411,751637.9845599999,20787506.56705,410952.74533,20992289.450060003,3458206.88914,489671.76554999995,8648673.338860001
2020-05-01,35.0,4312700.77078,6387875.350849999,27498320.04441,2777255.19816,68044261.31123,1600869.57989,9798523.15948,586139.93734,494997.73964,1098352.33881,61203478.16245,8086710.46575,1293607.3125800001,945574.5920000001,5690061.34638,44310008.35676,1961680.4969700002,1035704.5268,1870694.8286,875961.06289,1664056.39825,1085919.63537,24090396.33083,800842.55654,3265161.79512,13106121.08415,93485715.62047,148588647.82445,2236511.91915,3219120.69959,1623093.7266199999,11434617.00594,51414315.18471,24066261.105860002,25646227.899279997,63783018.72093,12253705.189989999,298935.33418999997,313167.00114,,4868207.87127,,2451036.61864,1839076.08251,915957.0647699999,1653492.02299,1174162.62131,1332349.6810700002,3536568.8794899997,1432088.8662000003,4916486.94455,2816070.2818299998,1126766.8291200001,627158.81244,,3019993.6430099998,,1642581.86149,1941097.28521,,281683.1689,1378123.75569,321784.32226999995,355670.52165999997,2117530.81283,1008354.96409,,,41049837.008200005,,310394753.83647,3670544.8144900003,97134964.84278,1579878.14281,580817281.71742,797495.4331,20631237.86721,481695.96233000007,19980153.738,3379568.86917,471906.24328,8477947.462129999
2020-06-01,35.0,4375511.280540001,7205580.029119999,27644833.81138,2807619.19167,67569016.42859,1629741.78725,9878491.549859999,638156.52844,497083.65615999995,1101242.78318,62158454.769090004,8235010.865079999,1266552.9952699998,949749.8508599999,5740449.34139,44032465.00717,1945755.32397,1055325.65628,1861888.08006,874359.59316,1685770.83375,1120730.59369,24918566.63765,963710.06385,3227701.06251,12753710.3727,94113244.53354,156433838.18212,2402539.18548,3375138.5976499994,1799431.61886,11915437.647909999,52280904.50405001,25441357.04177,25854827.754869998,63814829.03966,12402881.84134,306634.18411,314996.99482,,5006585.03681,,2487393.30333,2085416.3816999998,945802.77858,1676807.4832499998,1081086.78726,1235583.05969,3920442.99474,1490607.07177,4201559.5362599995,3108510.67103,1135103.37439,580088.71044,,4171503.1897099996,,1862964.7130200001,1952155.87175,,309624.87651,2058269.04001,312288.26491,347898.39409,2277600.65337,1116679.46874,,,40611031.83202,,310783639.17161,3983277.27388,100896306.84986998,1492603.8441299999,590589958.4092,777920.80574,20674726.499819998,437095.23315999995,20698069.98952,3427419.96987,479104.45019,8678346.041860001
2020-07-01,35.0,4564455.27186,6948845.5284400005,29836894.331710003,2877437.58303,68349914.78168999,1709790.64541,9871614.87329,715141.58193,477983.64754,1101849.90408,65401554.86207999,8360989.461360001,1315285.1835399999,957899.24802,6080862.60106,44540175.13486,1902395.3615799998,1081171.01822,1554055.11391,904905.54601,1757609.2372500002,1591233.40739,25197060.289120004,888959.33999,3274181.45086,12179864.83615,98194375.08623,156672936.18175998,2500479.25088,3406657.8959000004,2154690.35782,11779531.016479999,54070272.945930004,29162548.243109997,25868107.487510003,64016978.84019,13201089.77631,295073.96439000004,340672.04281,,5463439.40861,,2407723.5549500003,2122849.5420500003,1030388.86647,1638148.08105,1137491.04103,1274730.2294,3968109.2577,1499978.58865,4131920.7050599996,3400027.2765299994,1277105.52312,571044.3343199999,,3186060.33402,,2052621.1074900003,1940678.1090199999,,253377.37407,1817186.59112,341493.75286999997,355785.81259,2236585.11759,1286613.98513,,,40550492.98719,,272170777.17387,4615716.53421,102345213.57938,1730154.63811,576387664.35504,762921.99835,21231506.072780002,421467.47664999997,21723818.41174,3635052.46606,515909.00112,8964535.233860001
2020-08-01,35.0,4556377.76085,6927143.63373,31293968.545420002,2991150.15492,73989701.69475,1719395.10547,10336688.46468,745914.3167600001,395575.92040999996,1108809.58832,68630637.18428,8346042.30504,1339613.3928399999,1076063.72439,6691137.867109999,47123095.14486,1876749.22907,1199786.00133,1509510.55997,913879.09502,1903932.74156,1552444.47683,27230897.89369,887617.0681800001,3385138.77899,12902327.76091,101379457.98792,163125636.54148003,2685774.1234199996,3406597.10748,1734906.56612,13107876.06414,57052048.49401,30674938.75298,27374984.045479998,65757744.62032999,12849369.266729997,369230.12577,411450.29371,,4853230.74813,,2506794.09928,2028644.75289,994830.90702,1775090.0274999999,1164816.27317,1293995.02108,4227474.22347,1539825.54286,4340081.17159,3692596.7932100003,1229026.67478,593187.2358499999,,2813442.07094,,2178237.59871,2090772.89453,,247097.83055999997,1727218.51208,306648.74476,348280.36972,2436187.7783999997,1248720.49896,,,42036902.165580004,,275812938.14492,5149745.238519999,104172421.63068001,1527323.6485799998,585208192.92047,787014.89276,21557883.380730003,452427.85086,22483629.919079997,3916029.38571,543821.5370499999,9264703.75843
2020-09-01,35.0,4487806.71704,7342833.509190001,32113890.090480004,3024540.58459,75446879.52658999,1730731.93835,10377215.766479999,722825.19373,388554.49443,1139726.88064,67146116.37268,8287403.1874400005,1367737.32484,1049195.51567,6538830.051290001,47685495.240329996,1558281.59269,1211329.34009,1548473.52282,803702.72645,1997760.67693,1653544.5721,28049007.197070003,877912.1517599999,3398489.1275600004,12937690.93651,100488850.70116,161797772.88436,2767797.5413599997,3570492.26821,1599246.78339,12988570.2539,59097352.37013,31123845.358749997,27274046.732499998,65903695.544549994,13317904.45981,374275.69554,421023.67432,,4286328.901629999,,2470614.54085,2224491.60561,1005455.6214700001,1783621.92618,1341159.1566799998,1297949.55596,4548463.51252,1527686.9985399998,4243499.08033,5044693.73971,1401314.9170000001,626293.7869,,3258738.27639,,2451297.69939,2587339.5132299997,,243168.79249000002,1872950.5616199998,344581.25472,380267.31353,2958163.39891,1437877.11325,,,,,,,,,,,,,,,,
2020-10-01,35.0,4389039.584319999,6959225.587049999,32325196.94719,3049987.0649,80499496.28237,1752818.9438099999,10380258.23279,775665.8614,385611.89617,1263301.86493,69464839.65865,8057465.16762,1417399.38574,1116791.36692,6874555.30264,49521871.28898,,1198225.45953,1497744.45468,796826.5998000001,2461682.6965,1954296.818,28890951.94539,893517.19957,3348189.37564,13149825.29343,101640098.57208,165551760.53872,2887349.70424,3377233.85833,1692469.9982,14672126.12891,60731538.26252,31160733.30547,26981699.885319997,66507808.053500004,14077194.92839,409476.15732,434368.69309,,4481968.15828,,2554821.12281,2341722.9644600004,937911.30892,1864173.2842,1253311.79221,1524672.60438,4286801.69504,1710838.87814,4416179.33538,4374813.074519999,1360914.0753,622625.54305,,2792358.3346800003,,2497659.1695899996,3498019.9966599997,,245112.04666,2109233.6224299995,325168.02128999995,344045.15643,3138902.27004,1889775.10418,,,28855124.84969,,266290179.86523,5379072.580829999,109230189.84536,1241898.2586100001,600145190.2381,813855.02838,23222848.61612,388535.56048000004,23966824.488159996,4153644.86707,612206.04923,9959092.45229
2020-11-01,35.0,4395429.73363,6873712.37517,31100974.2079,3040263.6400800003,81833589.60858001,1863065.6238,10024501.46322,793612.7202,462568.8078,1242494.19624,70480531.71271,8214991.21074,1402213.5133500001,1107026.91452,6635206.939800001,50919269.38648,,1145526.44134,1540310.8815,799490.28903,2423407.1518,1941865.80248,31167856.83122,983742.2106,3434237.33911,14749951.93572,99492354.45712,167751759.91101003,2901289.40057,3313199.1628600005,1680498.09036,13512296.6121,59959433.68639,28498101.00243,27106214.99846,66317411.0684,14615132.53301,357371.06841,444888.4614,,4678091.17286,,2612062.9362699995,2606643.2309299996,1037858.8742299998,1779866.53741,1281270.46744,1482962.3532800002,4628946.441389999,1604823.58297,4866689.445030001,4708002.98653,1351209.79498,635567.3301100001,,3579674.24939,,2545602.89276,3786490.99354,,247064.57481000002,1738555.21604,330917.9286,345664.50846,3173676.6375899995,1991437.52476,,,29063608.98125,,271908630.5189,5412668.737199999,108513065.83106999,1136970.5152500002,572448056.7411201,816122.0547699999,24499776.009150002,420371.03886,24423756.41994,4165289.84099,616511.04057,10284910.74064
2020-12-01,35.0,4601189.54552,6948344.38067,31805285.65555,3039312.51468,82042288.75735,1933549.3837,10278417.211970001,873758.38852,513586.52473999996,1199510.64397,73267193.00003001,8238677.21286,1412064.13989,1134149.14843,6873967.77888,52794275.768029995,,1059542.82022,1572955.07666,815634.73471,2506295.4347300003,2193844.9585100003,32315635.42008,990249.00251,3675075.50053,14823586.91146,102980161.64195,160382295.63724,3244078.36556,3501572.65872,1639161.73604,13151035.89989,60404989.34009001,30569087.295500003,27291320.66343,66563507.202020004,15066786.41356,321350.58168,439727.29632,,4452906.79129,,2614912.6732599996,2511194.72601,880192.08725,2041799.78269,1398203.48196,1651289.3811700002,4397481.159320001,1545749.73505,4152251.61244,5629253.30746,1345459.83434,602578.06034,,3485283.59104,,2634662.5871200003,3558421.9829499996,,304015.90935000003,1877588.8805300002,322675.82018000004,352201.86919,3214363.2579,2064244.05088,,,,,,,,,,,,,,,,
2021-01-01,35.0,4601073.75315,8561857.1001,37387364.84562001,3256369.48848,80871343.97868,1963748.1514800002,10804492.023160001,1100758.51524,468755.85201000003,1499364.16945,74638058.62934,7901809.58121,1388996.2208299998,1301915.64998,7723779.32475,52053778.914230004,,1110614.6626499998,,891338.97631,3131094.6272400003,2115271.7705599996,36926291.936230004,956983.69115,4151049.93216,16294504.00134,112494706.04028,151660867.7549,3205980.99847,3586646.6775999996,1847490.2935600001,12174521.669710001,62824339.49791999,28005375.252110004,27796241.135619998,64534400.8436,16572031.376210002,392758.20879,451199.04716,,4634714.35163,,2623353.77959,2826117.76285,964750.6176500001,2085030.35443,1976152.96159,1881596.13494,5563576.70066,1740514.96045,3996947.35295,6669350.19741,1400792.77974,624675.96227,,4256839.05117,,3399023.05211,4769543.92156,,250521.94997,1975095.5219100001,384824.97471,334651.75705,2952557.73664,2328525.6851,,,29272522.898930002,,268759302.6474,7664343.48599,113628316.55458,1580217.96019,566179319.9185001,882251.53977,24715245.6761,510943.58703,26173800.29881,5042892.01337,708915.2433500001,10878823.26309
2021-02-01,35.0,4544418.4273,7823208.6946600005,36518658.58009,3166437.60652,85590789.53295,1984242.2862600002,10619278.840330001,1050404.4630399998,348137.16031,1501017.2682900003,72449199.56216998,7826866.2958,1365502.92935,1350093.67786,6999656.9774400005,52865379.897659995,,1152668.8803700001,,884612.5836,3293816.0514700003,2239665.28367,38706364.48624001,944491.5803200001,4333628.81569,15627877.18284,111511057.32084,150670459.04825,3078532.03025,3614392.7209900003,2015827.72445,12773665.62522,62464891.81391,28124975.430619996,27328901.75722,64426033.833900005,16933646.26706,352052.69279999996,453522.13844,,4424608.470989999,,2552851.54715,3434149.17021,909992.52785,1955524.5060799997,1714571.13172,1759136.62548,4994563.022270001,1788692.4076599998,3829096.69582,6908974.10982,1433415.78538,691135.4352799999,,4412792.76175,,2745140.0192299997,4820433.42138,,267973.31428999995,1954279.88416,332172.65899,333403.11103,3707086.01134,2557739.32944,,,,,,,,,,,,,,,,
2021-03-01,35.0,4724548.71121,8145472.45321,34953599.33858,3195108.6084600003,85516056.74177001,1976919.2489900002,10350342.752770001,1070549.67779,392706.13985,1720453.8116300001,70322063.00324,7944290.59637,1358387.71795,1488147.17004,6972747.238190001,52668520.6349,,1306340.8767600001,,875019.51805,3742744.52479,2152888.96449,40200252.46759,955354.92605,4432331.75392,15408682.940309998,109940523.73769,149523513.93891,3136637.84779,3473880.3343299995,2250164.9794599996,12012955.25362,65064002.08460999,28465164.44481,27413426.791539997,64260617.988800004,17383006.208070002,309930.23971,452704.91809,,4595842.81986,,2589183.09704,3520991.3542899997,931798.5627400001,1896680.5801199998,2002669.06054,1826152.0722400001,5285452.503699999,1726178.9761599998,3909571.15732,7236854.41862,1475669.38024,750638.84233,,3913861.55811,,3165705.0866099996,5049603.95375,,262714.27562,2046146.7209799998,556079.0102100001,332328.36812,4313378.72841,2820555.0957899997,,,,,,,,,,,,,,,,
2021-04-01,35.0,4723526.11799,8192057.33012,35216764.86838,3189528.95784,90170349.2985,2004642.1490200001,10495103.840370001,1069259.3509600002,457331.31227,1411018.56811,69113888.36397,8030572.87942,1360142.6297799998,1664536.4191700001,7231733.450870001,51977968.80525,,1385942.9227999998,,803795.6092599999,4481161.06554,2476529.6562099997,41579450.38106,936843.8163699999,4452258.30987,16850228.86993,110644208.19925,139650565.56982,3479053.15775,3814112.9843599997,2642919.6009400003,12119077.33792,65579281.603819996,27690298.23664,27599794.416620005,64743334.215169996,16556214.83243,314124.09632,447952.99123,,4474116.46173,,2570180.22724,3380353.3774499996,873125.5083599999,1870880.0987,1970553.53951,1508469.87775,5636170.28959,1952326.41903,4182851.02815,7867614.806100001,1294999.6363899999,727546.47377,,3227703.4261299996,,2848943.5627,5258495.60264,,269358.41959,2117184.8335200003,390724.6364,320192.44561,4467746.3091899995,3100347.76309,,,29151943.673550002,,288524033.62071,9157909.56821,113723223.41348,874533.03192,554920282.5585899,854631.5794499998,25888143.03168,388677.31514,27206932.60999,5086921.51868,703058.37952,11346905.572379999
2021-05-01,35.0,4588866.22518,8180867.25774,35967673.7134,3191275.2114799996,96472611.05917999,1985850.6004400002,10423638.26488,1235854.86932,540922.76124,1291781.6023000001,70503708.99846001,8156372.215740001,1336797.69592,1580254.8096,7227250.9124799995,49864845.4996,,1665525.9618499998,,743659.65478,4297647.89544,2540382.58495,42710515.91071,908523.3058499999,4511115.94211,17835990.02912,111653201.08914,144004136.20602,3692376.7129900004,4101872.80568,3213996.20737,13090241.312220002,64294080.34683,27917425.198650002,27449644.87634,64757418.74853001,16125149.19655,319578.17888,415335.14201999997,,4632298.316160001,,2637287.9767099996,3938496.8675599997,1233605.72071,1784051.4523500002,2206171.23717,1501781.92981,5388185.21806,1964370.76663,4259600.14623,7913533.549109999,1308975.7871899998,749927.1913,,3968572.22937,,2747480.2837300003,5271013.102650001,,267923.12241999997,1997222.25799,329244.51608,319767.54042,4345432.42239,3484828.38343,,,,,,,,,,,,,,,,
2021-06-01,35.0,4555948.9441100005,8629413.4408,36963174.451129995,3248794.73218,92738036.58823,2022805.33551,10182122.48293,1362665.93501,528102.20438,1376043.53241,71950968.88232,8390469.945500001,1318718.5588699998,1599222.87671,7394820.424520001,52724341.56695999,,1535500.53497,,955553.21093,4969907.78122,4072573.40781,42959632.13721,909983.1495299999,4721308.759249999,17450380.46433,115229464.52977,133465824.75363998,3646485.79405,4078688.44347,3298153.77374,12559143.983420001,65853593.73888001,26349122.98719,28480736.03041,64208113.88475,16700531.805769999,312767.42675,405334.01069,,4691694.79879,,2607502.05448,4911582.28581,931083.3198999999,2003407.9918499999,2273679.7919,1601227.18213,5448380.03484,1940977.04526,4417000.86015,9130894.23036,1555836.2151,779171.58873,,4579767.63948,,2682837.25823,5296933.40353,,250574.23103000002,2164306.6123099998,358298.43636,355233.69061,4641060.177,3528476.98131,,,,,,,,,,,,,,,,
2021-07-01,35.0,5049112.53459,10193512.35843,38011846.93556,3133459.3942,95833419.12877001,2126076.85345,10208590.02872,1820788.3180399998,511998.61259,1427508.03832,72622090.40439,8583314.81484,1440617.9241099998,1566219.81124,8091342.0909,51766148.76332,,1778905.9910400002,,1159971.21187,5809222.16115,6270556.10613,44734355.72384999,873989.92717,4391082.82323,18103598.246230002,115596671.67419,134720201.63489,4038614.93127,4101547.4463600004,3400248.34056,12699392.891469998,63899718.11,26976931.151329998,28611531.48646,63845979.59375,16415270.57266,309913.56797,492942.6503,,4568436.38833,,2656365.3092300002,4456691.64095,1214837.28496,2072518.10939,2349666.91618,1735874.70946,6339812.67883,1998866.40816,4577707.39317,11058165.539770002,1660967.60741,782161.6157799999,,4655800.44274,,2361614.7160199997,5534656.54488,,259203.51219000004,2589448.71059,343114.02249,359843.46519,4649487.722469999,3629521.08224,,,,,,,,,,,,,,,,
2021-08-01,35.0,5018513.01264,10700554.172889998,37285643.68277,3170935.62578,109270544.52309,2088451.0501700002,10301932.12378,1962965.08706,522194.3174100001,1467513.6566599999,72459429.65937,8917483.47845,1433876.58048,1620291.32927,7553433.1081,53695670.28888,,1823151.6505,,1170352.26263,6537927.174869999,5969331.0616,47636326.61043999,854132.7323200001,4576247.82386,18844290.763369996,118495463.75621,128559120.20072,4131507.66661,4011468.72988,3547036.88563,12964296.70906,64642448.96609,29317967.87996,29533950.54753,61585641.342970006,16148921.366430001,349423.11806,498523.33559,,4211333.49971,,2682252.1133499998,4969572.94058,1055316.4118,2021581.62679,2328625.44009,1802441.22547,6063846.17024,2039077.6665200002,5116003.779370001,11337333.334660001,1817427.88081,867722.80931,,4903734.520070001,,2454604.78106,5682846.68123,,292047.40894,2700076.60689,,347249.58298,5022632.97135,3809663.72301,,,,,,,,,,,,,,,,
2021-09-01,35.0,5013318.81859,10483913.77962,38605471.16998,3180921.03494,99906500.37433,2072681.3808199998,10217251.6874,2124838.5728599997,547800.53241,1448127.25721,72836032.86136,9140328.255,1421106.9751,1604851.64691,7814660.92276,53317702.84054,,1814082.04864,,1312305.99401,6991368.27612,6178776.38695,49029391.87308,843950.92932,4621119.71212,19282708.74355,117096908.40007001,124417278.70396999,4116352.65687,4253895.981509999,3598647.86638,14560842.336959999,65765118.033010006,34493996.36709,29284065.77141,61880345.11118999,16753097.045360003,341600.20651000005,498068.82451,,4174864.2123999996,,2615051.1290599997,5092840.136,985068.62705,2014333.5750799999,2347580.28702,1960035.84557,5647351.596489999,2050444.0856299999,5396603.86765,11890904.66585,1713079.03658,955041.9158300001,,4506635.76471,,2411633.0499,5797142.44982,,268913.8019,2443717.45426,,347368.44046,5046215.04098,4053634.53713,,,,,,,,,,,,,,,,
2021-10-01,35.0,5016589.83344,11002675.60194,40722966.046339996,3253216.7219900005,111767609.60111001,2095726.90119,10439799.46239,2206134.79465,491607.2246,1491505.22652,77558555.49386,9405873.95951,1443821.95652,1758053.0342499998,8377363.559130001,57581017.1447,,1765512.4486099998,,1504787.54063,7293183.430559999,5394885.4234,50870195.81734,,4795915.88094,19781862.79398,115433763.62854001,121190175.25804,4172814.9799900004,4059483.18522,3697980.95822,15373504.96138,68058282.79502,34381156.69081,30007710.63584,58396810.911690004,16881608.456100002,381359.98988,609078.5183,,4362298.77989,,2649203.38244,6655967.14413,1022818.6485000001,2093912.8759700002,2130409.6989700003,2163861.78477,5901850.88305,2117714.61372,5676024.03142,11825100.532940002,1640446.64853,1066010.63901,,4416073.93447,,2702983.0291899997,5835246.6969,,245699.3725,2588564.2744799997,,344396.52184,5490717.00567,4285469.69609,,,,,,,,,,,,,,,,
2021-11-01,35.0,5298035.91897,11298374.545880001,39249426.884500004,3313532.1925000004,110279499.53319,2063028.7780499998,10478309.469379999,2232087.83053,511909.60131,1514017.8113199999,74930073.44074,9573947.991390001,1378028.56801,1736891.3952900001,8166940.73405,59177345.78823,,1665745.47711,,1680979.20855,7674431.55519,5177161.76855,52780579.88115,,5152097.55599,23632394.64542,117112428.28707,127272216.09222999,4386896.46252,4572603.20126,3584030.8756000004,14331169.8673,68025786.37357001,37036565.84464,30462186.329310004,58373126.81487001,17874079.92664,407733.42809999996,605160.9641299999,,4137866.84571,,2717407.5289600003,4588758.97789,970565.15244,2070763.96569,2228054.6196999997,2121246.43949,6077774.39839,2096056.7947300002,6560657.73445,14176148.80478,1617719.6454,1036130.3282999999,,4517597.659109999,,2427908.4642,6209118.95728,,232000.38744,2575479.23496,,343449.75219,5303331.012010001,4294139.29093,,,,,,,,,,,,,,,,
2021-12-01,35.0,5692771.132119999,11690065.31347,43360507.52678,3381405.76933,109845289.135,2199703.0592,10719679.87194,2297446.60993,485082.20732,1822973.17041,77000463.48635,9759294.51183,1404565.46859,1585345.3348,8660956.8263,60276791.475379996,,1605087.1868699999,,1906084.94572,8377738.2626,4047195.4630899997,54024197.06444,,5365416.94599,23412804.96781,120753373.31776999,128834085.983,4541879.63576,4695164.3765899995,3387985.99479,14602760.104680002,71265575.17475,38938085.368810005,31002069.843539998,60102303.34231,19158634.8459,411870.30926,678353.95796,,4106946.22434,,2627330.46544,4216337.12692,969689.94386,2172144.95632,2458478.57711,2117880.6675,6781010.76016,2246710.2267,6264395.07125,15268845.596719999,1880882.0305899999,1068472.0266500001,,4571025.37151,,2708749.38691,6560979.730479999,,230811.64024,2593296.58105,,365834.60358,4857319.5215799995,4543844.87298,,,,,,,,,,,,,,,,
2022-01-01,35.0,6041398.5517,12596070.10438,49027712.872590005,3495002.19499,110134995.76354,2437936.64936,10793667.390250001,2610584.44999,455001.4524,1718346.3514,79519997.79423,9951302.15037,1390645.10831,1752174.72249,9473459.41528,56671964.358890004,,1569761.8250600002,,1968885.8538,8997794.64201,3925570.0109500005,60207207.452589996,,5767175.034200001,23562199.106239997,125348950.20193,130263425.71775,5441940.7868099995,4370325.299129999,3264289.31318,13648408.099340001,73425467.53441,33770215.46966001,32301758.39658,58880406.539299995,19859926.73829,437300.85465,730936.69912,,4340722.795419999,,2762871.2363,4209745.18015,1276155.15048,2328564.36308,2923208.17326,2569463.65893,9109869.49573,2244033.46691,6408047.14707,15807910.87332,1645861.95415,1008203.48089,,5347645.064680001,,3203313.5221900004,6836708.272820001,,228057.34137,2395561.99542,,335096.90831,4824737.1994900005,4834170.32437,,,,,,,,,,,,,,,,
2022-02-01,35.0,6004068.8450299995,11855502.09336,49137168.1887,3413443.99225,120921328.35458001,2334366.52439,10880423.87997,2560561.7837300003,470770.97536000004,1859951.30865,78806658.39772,10033363.69471,1343898.40705,1783033.3416900001,8881251.584449999,63239584.82117001,,1688898.9092599999,,1780790.47591,8965450.00771,3976251.43389,58896763.094510004,,5449693.555739999,24830203.126140002,127940810.42412,128209465.62209001,4559527.612910001,5009005.002189999,3250794.15744,13359229.499540001,72346435.00161,35788004.79381,32524750.9639,61614759.41267,21019088.8577,447997.98139000003,729501.37038,,4301579.41803,,2620069.19084,4284306.36078,1046396.02961,2118653.44618,2770968.4139300003,2353318.66321,6990967.23313,2125315.68927,6252419.7851,15003674.62196,1578789.5504599998,806194.2553699999,,4399706.288319999,,2793015.25606,7009647.96653,,228246.72777,2813189.1044199998,,333628.74785000004,4737395.76105,5050456.09146,,,,,,,,,,,,,,,,
2022-03-01,35.0,6401095.16658,13290750.254900001,44025141.488230005,3350382.13492,109491954.54011,2232075.94072,11192567.91433,2484498.4511800003,423543.35667999997,1610702.1230799998,83567380.14865,9986940.14966,1290544.68294,1685062.6677199998,8591433.78861,62657158.62566999,,1685702.20425,,2087206.31221,8333991.65609,4101083.4296399998,62125538.80593,,5213324.435409999,26537932.2954,123773599.4918,120825949.76647,4646150.6118,4948829.53114,3608494.0196899995,12977419.658459999,75516582.19668,35650530.614760004,32410464.89051,,19207491.74523,440279.90365,744384.4354500001,,4138103.8401599997,,2541336.61628,4863627.90235,943650.2971299998,1948486.21208,2481254.72952,2475845.77055,6759959.915289999,2224790.49463,6159081.19295,15478230.90173,1693466.33616,723275.1564499999,,3634974.21202,,2289876.26536,6913046.95825,,225953.70738,2999716.25349,,334666.88468,4323832.5037899995,4965062.42277,,,,,,,,,,,,,,,,
2022-04-01,35.0,5736281.1844999995,11972092.793970002,39532322.01743,3247938.26826,104154455.03533,2216478.68954,10502171.89492,2522055.38321,362563.46881,1775672.11043,85856683.02164,9926119.143210001,1280864.0880399998,1626739.00415,9284926.014640002,65697643.930029996,,1682495.89645,,2033367.7429199999,8264884.25981,3148857.85119,66452395.02165001,,5557690.38339,22448765.274329998,114757360.94824001,123605176.03055999,4086445.72869,4926953.25994,3017417.1216100003,14179330.26851,80208739.40789,36420144.930369996,32560763.589900002,,18625182.29835,431031.42309000005,688253.76524,,3436142.1884000003,,2413327.93689,5613487.53632,854322.9715699999,1910026.0090899998,2295823.6585199996,2218053.82058,6252519.000929999,2132970.4147,6228245.50082,14379975.29629,1674148.2793599998,719509.2044599999,,3630282.2579900003,,1906459.4610300001,6478364.24765,,221619.87313,3430908.6463999995,,337997.27658,3605835.49789,4702783.34566,,,,,,,,,,,,,,,,
2022-05-01,35.0,5705313.306650001,11832714.56021,40149522.50428,3239793.9463400003,106122580.95228,2225635.5418,10327348.267490001,2591832.39267,357402.89402999997,1663584.2977900002,88038330.71344,10138285.81457,1277585.25461,1598634.0848,9076198.732180001,67544941.09646,,1571451.43916,,1993354.05012,8237433.10287,3370982.61635,66071430.809590004,,5624341.03134,22323623.31317,112566519.61548,128291308.2651,3902702.73135,4424975.74342,2649241.1694900002,13695617.534140002,80505540.62812999,39739909.21382,33020662.01184,,18376774.22916,398379.18577,693438.7917000001,,3747663.4068000005,,2487876.5913899997,5037746.172460001,810960.98239,1964150.28097,2190686.67054,2294231.56135,6192612.8954,2078584.4697699999,6129003.30776,14715867.91247,1730494.3665,726689.32809,,3921179.1365099996,,2454545.2692500004,6548634.02254,,223343.58974,3112114.4570999998,,339571.69957,3576903.4613500005,4687398.382900001,,,,,,,,,,,,,,,,
2022-06-01,35.0,5563821.2751,11374490.3928,37639010.89671,3353475.9273800002,106496729.97394,2344709.53599,10376608.46026,2612065.83239,353803.99115,1588156.17753,89486399.01280999,10385655.268690001,1319390.9665400002,1574116.47645,8998585.62221,66567783.618120015,,1455234.90366,,1916099.11379,7960913.68227,3675451.0302999998,65705740.8226,,5937993.43618,22471152.9375,107350523.00429001,129520506.1006,3946938.64782,4533017.36849,1617928.5222999998,12685918.340690002,80302216.75421001,39049856.321,33843243.97758,,18829401.13754,397125.51934,678771.27423,,3977605.4436,,2548424.53271,4738093.06209,807489.6735100001,2043582.28534,2092369.3718699997,2038376.36908,6089003.0693,1971862.60758,6332530.706789999,14725781.692090001,1694174.34789,714161.46141,,4469393.08292,,2626139.42361,6627380.80601,,220084.33268,2987971.90534,,334606.96585,3220842.9458700004,4657788.0137,,,,,,,,,,,,,,,,
2022-07-01,35.0,5396557.53189,11356431.95857,36365570.88978,3315174.0103499996,109916178.87801,2339680.11437,10256.74391162,2346890.61118,366288.96602000005,1569397.74018,91476761.32767,9820429.13147,1354132.6770000001,1573717.38934,8864009.851049999,64285519.85272001,,1452837.01221,,1523416.8794500001,8044662.07088,4057157.2466200003,64682088.1682,,5111724.47088,25508921.453360002,104026469.83728,139671405.65346,3771298.0036100005,4660857.05932,1564452.59558,12527173.2031,80400876.74834,38081798.56348,33672420.30433,,18033478.54194,403860.23652,653468.5568799999,,3387903.78123,,2557439.92071,4084485.9202199997,843471.90852,1886939.53029,2283672.45391,2205288.4085200005,6742806.348649999,2128399.54804,6777133.4808,12718952.48755,1714066.92763,739049.37786,,4657295.32612,,2738211.26614,6565061.94751,,215741.4064,3558921.90076,,332610.99382000003,3478515.33602,4642893.69205,,,,,,,,,,,,,,,,
2022-08-01,35.0,5595895.246660001,11514565.228039999,39661103.88656,3465350.84452,116781509.53909999,2515343.94507,,2369074.15985,370529.95037,1640959.42741,101276189.2181,10158869.12933,1412137.2949700002,1649427.1189000001,9846572.67152,70827945.28833,,1569762.00619,,1428048.47784,8117812.48209,4477802.322,70613210.63690001,,5393485.289410001,26251947.48786,112666536.34001,155364190.81715,3615378.38498,4560418.13737,1434745.48213,14748397.4947,86441307.29364,44546209.44885,35793451.429419994,,18562385.42299,405146.58388,597716.4957199999,,3382204.17738,,2527820.44911,4105703.81414,912937.3929000001,1942766.4536,2050495.4577,2739508.0217100005,6274867.97975,2120405.99613,7971060.5027600005,12058382.082239999,1694912.30535,799880.4224299999,,5417772.212300001,,2985994.66535,6599241.23245,,213692.64855999997,3651417.97673,,331614.52493,3739937.0082300003,3984092.5151,,,,,,,,,,,,,,,,
2022-09-01,35.0,5459736.25743,12484007.59003,39338752.30038,3587383.68603,114992518.89224002,2522776.99648,,1797963.64202,280580.95058999996,1550694.18922,100962400.04683001,10266040.27641,1422570.7460200002,1769137.99775,9748558.423390001,71339717.47416,,1399638.8222800002,,1619065.1907900001,6812169.19822,4840590.979189999,72421504.21657,,5369360.029240001,26592605.7273,111156517.80716,154782988.89049,3517866.03936,4877196.978730001,1439029.77909,13835309.514409998,87115684.22971,46295848.52868,36181758.41991,,19006792.972889997,384940.35905,459162.56482,,3498507.53139,,2509890.34575,3988806.5528899995,887463.40481,1989584.6062599998,2023889.9854000001,2269870.40062,5915277.721229999,2040697.0758800001,8024946.9344,11363060.25391,1553013.84312,808088.87186,,5504069.26182,,3382534.1693,2522166.8667,,219395.91478,6275920.96856,,335978.34616,3175814.72526,2986839.0044500004,,,,,,,,,,,,,,,,
2022-10-01,35.0,5394116.61713,12825095.6448,41031040.897369996,3532692.27408,118542986.87712,2475738.24071,,1642744.0050300001,286300.79532000003,1602560.5086599998,100815880.56478,10198446.1973,1414980.08662,1636954.9352799999,9877004.76971,71458240.21831,,1368449.8058799999,,1843686.54651,6666898.104960001,4561624.394839999,78254434.79125999,,5398860.5373,27160318.353510004,104559924.61227,160010063.2759,3673632.63466,4933666.75287,1453147.13579,14771689.052509999,87201611.6822,48103055.606759995,35903908.50439,,19073294.882590003,380591.03518999997,331797.71184999996,,3722049.8059300003,,2494095.68273,4179867.21622,956705.74519,2014396.2488300002,2318693.68127,2195157.16898,5797097.30422,2296932.83079,8149689.19614,12439395.368350001,2158716.5455099996,862293.0765900001,,5464226.07637,,3629800.27327,2527329.5924,,213383.52631,6333874.671789999,,330995.36551,2973339.42797,2497877.75353,,,,,,,,,,,,,,,,
2022-11-01,35.0,5343408.70766,12217585.104309998,42963293.17976,3571343.10284,123817595.23659,2459985.73005,,1728854.31787,284627.07931,1679268.8554399998,106487152.98882,10372927.78987,1420140.25097,1610952.85764,10150884.37364,73362782.66304001,,1400553.2949100002,,2438992.36429,6554580.83516,4321500.2887699995,81072383.53185001,,5850122.65646,26757146.92785,96066305.15031,155456514.48958,3682414.56506,5402682.88107,1210697.32376,15847649.907460002,92781008.28507,51835643.68321,36176136.63768,,19590043.72519,391746.54074,296713.96232,,3469699.50146,,2481925.29014,4038978.6682999996,952498.8019900001,2054315.73123,2323494.32779,1968219.54869,6302136.85894,2256078.3679400003,7595697.076239999,12570534.07245,1573098.26411,854313.60068,,5483225.64063,,3730693.22707,,,211519.62147,6715775.3442400005,,335778.02335000003,3347772.55767,2289971.63326,,,,,,,,,,,,,,,,
2022-12-01,35.0,4755699.77132,13316205.317259999,46044810.87096,3882537.0354400002,125366551.46839999,2576683.72664,,1928100.5752599998,280512.55399000004,1615905.55853,106513295.45543,10457558.865589999,1444251.05611,1384526.07834,10238969.61603,75154818.57112001,,1369840.2709000001,,2106227.56899,6005262.452989999,3797308.96901,85248199.89927,,5894882.38805,25623396.68619,95493134.65873998,150030242.16,3781689.77632,5007084.82252,1184301.39516,16764759.71573,97612810.49726999,53914486.261769995,36411603.55455001,,19159078.18625,420601.38637,279832.86559,,3564509.81099,,2500482.1077199997,4889228.38752,967428.41928,2101028.24297,1695033.63754,1623518.0631100002,6037140.71455,2636640.89442,6914132.374569999,12961526.25448,1772534.44974,877907.94357,,5252361.80281,,4013760.74601,,,208836.06289,9593669.80951,,333803.70534000004,3607982.06737,2251661.75428,,,,,,,,,,,,,,,,
2023-01-01,35.0,4738438.065750001,11408834.33963,49655164.79508,4463363.08842,127791944.34312001,2684567.72756,,2171866.44017,278741.40865,1741550.71686,113072946.86456,10184615.10928,1382274.39903,1456169.66147,10552087.356379999,79245229.09144,,1509245.60656,,2344821.4692300004,6657989.703989999,4466502.40802,95220717.84483,,6436005.33974,21299395.99636,96063275.70045,146351167.56440002,4290140.167280001,5848833.351519999,1179639.71492,16022897.92113,100416887.52635999,52198493.211670004,36552409.92399,,21167609.65639,430680.77871000004,278077.32897,,3934821.5702500003,,2363798.0005200002,5898280.724839999,1174594.3592,2275225.711,2367366.29352,1527650.45617,7654343.02663,2776911.09726,7013805.709980001,12519342.2223,1667324.54498,966070.84906,,5315570.83749,,5319449.70072,,,212971.38565999997,9538838.011950001,,352015.44641000003,3451193.81991,2583416.1962,,,,,,,,,,,,,,,,
2023-02-01,35.0,4614202.16795,12037139.68034,47277759.603750005,4347998.356829999,127843757.10499,2635007.36397,,2281145.64908,293939.64712000004,1726425.36918,114267252.90289,10600025.8378,1390428.83102,1374521.69011,10389595.09787,81029187.35808,,1440629.0107,,2201139.23824,6832589.92054,6386492.64962,93099100.35741,,6364368.3003,19659169.13728,95000426.44226001,144123879.43084997,4272919.99221,5759675.603370001,1168854.07886,16223581.51828,101364676.98321,55465652.70705,36834125.748749994,,21245815.199470002,429778.20308,277870.84883,,4069181.9154499997,,2288062.5492200004,5598892.59607,1186237.3710500002,2199083.74638,2760715.5203,1606515.1327600002,7126478.53608,3486420.09186,7985358.922839999,12332638.10444,1609268.75773,1007207.88975,,5645590.61797,,5514276.142200001,,,208979.98313,9981123.30083,,339625.71896,3457058.09177,2418907.55162,,,,,,,,,,,,,,,,
2023-03-01,35.0,4110436.97309,12206874.56163,50250418.571329996,4175395.9557899996,126981496.2105,2707130.72909,,2335059.05298,287701.53999,1739392.80416,116802518.92733999,10348921.156659998,1349640.0317600002,1871939.3694,10337458.24585,86045834.92471,,1382675.33744,,2143465.5717800003,7067014.71522,,95724631.84081998,,6159259.86297,19512204.79712,96877283.81314999,149044279.63184002,4178515.51764,5784110.93858,1106143.6501999998,17268551.81826,97864481.02020001,58676980.57807999,37035488.044489995,,20560016.52411,430057.3814000001,277218.97805000003,,4304658.269069999,,,5973133.078439999,1118831.25397,2138076.5296600005,2480370.7653900003,1639106.1491,7826786.9763899995,3309879.91033,8663868.75666,12044610.879099999,1757870.9822200001,948748.0479199999,,5603453.888079999,,5393292.14924,,,215778.60278,10129017.507679999,,340162.61369,3359320.0709100002,2452262.07854,,,,,,,,,,,,,,,,
2023-04-01,35.0,3796283.96824,12960218.63104,50736231.71482,4008306.23172,125321935.64822,2693298.37963,,2311002.3965600003,282555.41116,1924436.86769,119513893.21256001,9960408.23187,1329255.9168500002,2336899.4889,10982435.81534,92905019.04594,,1528901.29237,,2222999.65658,6674014.439569999,,97958950.10313,,6881573.55413,21588446.72091,97653529.63283001,161091141.80341002,4544967.25524,5171601.544910001,1081783.8870400002,20551072.02574,103981028.70621,59993458.646680005,37784681.16454,,20976177.90717,427420.25512,279460.56059,,4602107.29895,,,4680551.19499,1200748.61212,2243377.20029,2234812.92361,1472368.61519,7071653.16334,3768465.70714,8466747.94702,11861748.979479998,1678657.63967,970237.01605,,5670368.47144,,5115378.76597,,,214066.80916,1522435.5987200001,,342862.43753999996,3529298.39984,2506237.7796199997,,,,,,,,,,,,,,,,
2023-05-01,35.0,3786377.42503,13097414.50636,52083801.21311999,4216908.88725,128576984.82842001,2798732.95702,,2282405.75893,281802.85903000005,1874754.63172,129812504.71449,10097248.06231,1381479.76594,2294919.13055,11036834.4623,93392254.52893001,,1490633.53209,,2187615.84556,7549583.882019999,,101030723.45542,,6824433.017940001,20375165.28432,97191989.46095,164381770.50481,4654706.94018,5069117.372459999,1048714.02795,20922417.53883,108367392.88292,57685693.566589996,38324661.83997,,22616568.688330002,375827.11222,283548.84494,,3910218.1341,,,4725781.57936,1187390.6097199998,1926939.97746,2144830.04028,1364669.3566499997,7411308.518649999,4488215.29331,9766194.153569998,13131784.289560001,1716202.64095,874391.22767,,6070421.77964,,5388645.2384399995,,,213978.11117000002,1560636.6928799998,,342971.3954,3403661.6353700003,2383807.65703,,,,,,,,,,,,,,,,
2023-06-01,35.0,3817615.51755,13903426.254670002,55058789.219459996,4293869.41402,131956452.18873,2849866.93875,,2381966.6446300005,273137.55564000004,1885132.4691200003,132160651.97032,10240736.457570001,1324939.70102,1405962.1221,11044777.19662,96744837.50489,,1529433.97228,,2608906.99347,7995030.3773799995,,100240406.21136001,,7156519.350009999,21054315.25675,96637567.42859,171285577.64812,4796619.0018,4908707.44154,954928.853,21237705.83071,103327424.79615001,61483082.31427,39205271.99856,,22793906.57257,370272.05235,300778.26554999995,,4063017.74415,,,4833312.0378,1283309.37271,2002674.72297,1965602.62595,1290874.31817,7820058.293509999,5021498.95716,9456745.62193,15056259.359989999,1728391.69789,806500.11479,,5883846.88438,,5361734.266900001,,,210410.56731,1501492.31624,,338589.74661000003,3483899.26262,2556110.4187600003,,,,,,,,,,,,,,,,
2023-07-01,35.0,3827679.99896,15196016.64378,59638331.41559,4326916.03694,137657339.37212,2957673.72364,,2532376.5857700002,271606.11327,2132081.98875,138147496.62741,10057193.829209998,1364392.0291300002,1277426.09968,11572657.483539999,100915637.30612,,1524644.9013200002,,2943997.84797,8400156.49955,,101700907.40903999,,7364834.5515,20524488.63841,96615246.98116,167972294.07729,4914829.18801,5703013.107369999,920728.5981899999,23003767.327379998,102593138.95054999,60965253.50262,39095662.47862,,23190042.23328,355417.14165999996,314920.30476,,4584401.226009999,,,4668801.611729999,1297716.8902399999,2198743.5796,2465301.6790499995,1219476.5912799998,8529773.9094,5535198.85599,10043745.44812,14688814.915089998,1517148.36867,836669.4351900001,,5113513.563829999,,6639108.90493,,,210510.26265,1363272.3011100001,,338885.13224,3430429.93703,2679024.37938,,,,,,,,,,,,,,,,
2023-08-01,35.0,3984350.7853800002,14855617.62878,60719905.89595,4363972.829700001,143716766.47097,3071188.2697300003,,2576963.73699,281050.64268,2035482.79657,142382553.92547,9913078.337730002,1429184.50092,1404344.8127700002,11445582.170769999,101438065.25958,,1473578.92175,,3027300.6057599997,9228443.8583,,102995590.06555,,7263759.283089999,21024464.802069996,95782388.45052,172854258.75215,5213184.24081,5979375.28364,511921.98436999996,23507227.32519,103530147.35375999,62174227.577489994,40416501.16016,,23630948.23331,359190.26452,332797.47252000007,,4491545.730629999,,,,1561519.6652300002,2286588.4402699997,1745566.03137,1292261.7557499998,9490733.93821,5317515.808,10937005.79506,14543405.56071,1526501.5250699997,813909.8168,,5067684.872010001,,6735500.870260001,,,212854.72115,1447096.4990400001,,341608.03313,3468212.4234900004,2827101.22296,,,,,,,,,,,,,,,,
2023-09-01,35.0,3933912.4683700004,14838329.182049999,56426925.6136,4448338.048020001,145029213.73920998,3119259.946,,2659246.16815,300618.00815,2060231.0600800002,140602521.71578,10185506.422519999,1369323.2502199998,1471074.94829,10699356.56642,101149391.44913,,1466967.6113399998,,3126287.91154,8690455.909669999,,104224442.75586,,7703557.7063299995,20324104.00539,103395282.04577,168602608.45902997,5390731.78487,5687441.5553,502018.44932,24085116.384770002,102694200.60176,65622074.49231999,39737886.15984,,24185997.10463,345774.89733000007,353530.93586,,4111603.28853,,,,1486971.65358,2137809.30649,1340040.90015,1204625.97841,9942329.8023,4845337.67844,9683064.80177,16484571.281610003,1224122.7656200002,786528.99496,,5129419.62229,,7388704.10874,,,211932.77038,1521608.30669,,341529.81967,2463018.17785,2845310.06196,,,,,,,,,,,,,,,,
2023-10-01,35.0,3934011.66305,16235591.56779,52648246.953940004,4657580.28602,145751639.60062,3097637.68144,,2698993.73225,294318.96193,2083207.94062,137397115.96493998,10156231.23678,1382452.3671,2852315.6314399997,10613397.90472,100365221.10966,,1437253.17867,,3180008.66885,8672416.344789999,,107572479.60787,,6880307.895659999,20746198.32503,107971270.56714,166436062.03035998,6061590.98162,4958740.49109,481716.83957999997,24863218.622050002,103135106.72097,69149529.81242001,39773146.97659,,23218946.72847,342976.06665,421027.19781,,4058123.00803,,,,1444910.4803,2016085.03669,,1214557.6879099999,10810362.573239999,4680553.53012,10757155.85111,16379857.711790001,1132937.8535,797035.42892,,5761908.2718899995,,7989329.491439999,,,211615.42901999998,1334811.4167000002,,341518.98303,2478667.22442,2933367.27832,,,,,,,,,,,,,,,,
2023-11-01,35.0,3928285.78361,17041098.765449997,53931669.240789995,4611442.65584,147681699.04767,2985199.1143699996,,2844724.34158,285236.9841,2635509.2527400004,134549461.21936998,10343815.4268,1422976.11762,2379249.8619500003,10850754.04813,105617456.88935,,1312012.33027,,3118198.2353399997,8494344.183470001,,109798919.77192,,7257145.58122,21227658.279670004,115572839.22047,172240288.53358,6285279.350199999,5093568.0204,485214.52368000004,25381111.66821,108562675.20674999,67345747.32234,39666713.72472,,23302706.79837,337644.50201,353454.96624000004,,4219194.61476,,,,1330172.0204200002,2141957.93391,,1223747.38319,11072609.34134,3752475.35394,11256950.460309999,19556242.64856,1374022.54244,848263.0904800001,,6653354.34056,,7986963.4021499995,,,210908.99187,1086151.1607100002,,342100.66039,2259122.7278299998,2874094.96742,,,,,,,,,,,,,,,,
2023-12-01,35.0,4001891.31851,17381861.408379998,55182518.64721,4712168.317,152667901.64231,2922105.28524,,3003660.34894,309267.45292,2402183.54602,139453880.58437,10480776.180990001,1441868.72478,1953326.53608,11105422.63455,103072437.81694,,1320163.39999,,3304224.0097100004,9374984.60595,,112473347.8801,,7288206.26264,21074043.44188,123662238.16131,180855841.59097,6591613.4377500005,5053688.64285,465734.09282,26072574.215499997,106380055.66071,71502207.16376,39651659.593770005,,24525247.10149,338521.82047,364215.1741,,4234310.44157,,,,1301021.0878799998,2115828.14523,,1250509.23097,11509305.97884,3436972.558,11745225.927480001,18639289.39025,1547379.5023,891039.0060999999,,6531545.12309,,8783067.60297,,,205650.66290000002,1173482.88907,,341891.06951999996,2244831.23349,2987951.53376,,,,,,,,,,,,,,,,
2024-01-01,35.0,4140582.8154800003,19220221.706249997,58247317.26579,5098759.88299,162546565.13231,3338337.7879199996,,3244634.0123599996,445116.9261,2716269.73085,146583749.40042,10810089.59448,1430274.7375200002,3339101.16025,11228171.00762,111086018.89543,,1309124.47366,,3596124.47071,10589179.26842,,127159475.75417002,,8450547.02095,22572274.241649996,131197459.46806,190337079.94500998,7833841.8890700005,6086458.42753,502307.95115,27219347.48139,111011180.56697999,68945978.37825,40811402.23236,,29754701.3986,344972.76066,413571.57629,,4354405.1225000005,,,,1263205.27604,2616064.4152599997,,1083580.6413099999,13962450.02946,4122411.28671,12027798.70005,21169539.91874,1560987.33209,1265264.93809,,6562594.275939999,,8062310.930310001,,,193989.84469,1364032.58054,,325239.22469,2420743.6224,3929624.5648499997,,,,,,,,,,,,,,,,
2024-02-01,35.0,4291142.018759999,18679422.456,57719735.691709995,5150356.75205,158861363.85627,3162718.68971,,3352388.204,365953.54594000004,2730007.0472399998,148079268.08569,11082656.64103,1352212.52874,2554414.9794199998,10962195.75328,113854774.04767999,,1290546.58694,,3604852.16695,9816748.16913,,119697841.44895999,,8329582.325719999,22131051.99503,131899447.70109001,189991193.9953,7231647.626300001,5693711.1895200005,433928.75735,26729113.50391,111291185.12854001,70121395.03422,41503201.428289995,,26821772.971440002,341655.0551,482309.81183,,4306961.83148,,,,1341332.87939,2549873.47189,,1251168.93816,12086601.24949,3812545.70254,11130354.26204,21570047.07792,1519171.73207,990018.1985599999,,6602841.02261,,7914259.435870001,,,202845.04164,1042938.4869,,336526.41472,2412223.04781,3290573.98714,,,,,,,,,,,,,,,,
2024-03-01,35.0,4214019.42547,18659569.636530004,56889301.50344,5167409.60776,163011158.58827,3055505.7637100006,,3044019.82133,307150.35344999994,2666192.72094,151159987.23623,11011661.88434,1339615.5133300002,2856146.74875,10793270.24136,117497901.52943,,1187349.2670800001,,3786997.09712,9377706.35778,,121345459.57233,,8150002.06654,22792525.779379997,131636610.20716,184450775.73683998,7205638.998509999,5800112.65793,449277.46079000004,29209725.373460002,111561819.82976,71294269.3521,41955662.36902,,26762601.12069,335088.63736,523734.36830000003,,4239464.1659200005,,,,1376675.03121,2323916.90292,,1329033.05859,11415504.16404,4689533.07396,13700987.96985,21052168.974969998,1548946.17446,1032756.03114,,6932500.67699,,8180901.09794,,,191846.45545,1298328.20055,,324183.53967,2337281.72843,3088100.6857399996,,,,,,,,,,,,,,,,
2024-04-01,35.0,4293008.32625,19111189.490739997,57539301.52797,5248429.32026,165721315.80895,2977281.1589400005,,3109356.74987,315391.98419999995,2632198.52642,154838408.49914,10704640.245709999,1307385.70692,2847895.93027,10625901.11345,119178035.02794,,1136085.58055,,4151420.52584,9493267.7766,,125290201.36808,,7854799.019619999,22656982.54474,136634659.15929,186862949.76284,7168649.61607,5476389.26155,446586.31993,29100301.89477,112258771.89698999,71100499.08158,41551202.70295,,26833975.76284,341697.45014,560616.3726900001,,3691863.9367899997,,,,1375232.96114,2418357.58135,,1171492.44725,11266035.371399999,5087934.87293,13539687.43286,19849945.55598,1564549.60496,1041877.43868,,7910431.965239999,,8316461.096229999,,,190152.66931,1080417.5121399998,,329440.2466,2078093.02846,2590636.97345,,,,,,,,,,,,,,,,
2024-05-01,35.0,4206844.42327,19392354.263180003,58207955.07045,5239044.58879,169805811.04773998,2997655.36661,,3263100.93388,301600.52851999993,2599927.81764,164239464.63598996,10889299.35528,1343009.99835,3449256.32817,11753015.33932,120752871.64763,,1184645.92169,,4216844.359730001,9943484.78097,,127197889.50137,,7998364.76488,23117004.8339,134630376.77909,190846997.85746998,7796510.24327,5398426.9451,458021.8895,32966168.358000003,112478327.1368,73625413.50764999,42275983.91117,,26483136.922179997,343404.17111,551948.9576600001,,3735624.86387,,,,1423330.57587,2337602.8665,,1082393.86417,10409458.840049999,7053966.6284,13978045.51029,20471047.068880003,1587114.80636,1208561.67992,,7644753.83679,,7636067.80101,,,178148.98216,1427841.47336,,316284.10203999997,2034904.15584,2523576.2497399994,,,,,,,,,,,,,,,,
2024-06-01,35.0,4167703.8759099995,19320870.39099,59346575.3666,5255610.557980001,169921670.82813,2904034.00026,,3407421.25703,310421.84258999996,3057490.14747,166470403.33993,11004972.499400001,1332216.52636,3325661.92529,11794624.646929998,115447119.52433,,1172963.78497,,4203670.252359999,9262321.02026,,128726667.7758,,7938838.445989999,23956854.48269,138245511.83432,200329978.68782,7453507.62105,5472947.7926,430638.82672,33090870.30207,112653238.30321999,77785228.03144999,42669443.55865,,26524904.88526,347066.67115,639069.88706,,4093011.9485899997,,,,1492475.6906500002,2225131.46508,,1056559.13937,11240391.82759,6743582.300980001,12834561.04581,19455928.365,1630579.1732500002,1234073.3929500002,,7684770.59307,,7568216.696470001,,,176401.01122,1175137.28017,,312586.40106,2027565.30295,2661177.8154700003,,,,,,,,,,,,,,,,
