Date,Bank,AE,LEV,CASH,NCI,NII,TA,SEC,OVDP,IR,IR_lag1,IR_lag2,IR_lag3,IR_lag4,IR_lag5,IR_lag6,IR_lag7
2009-04-01,ОЩАДБАНК,0.0077757483589793,0.2943369032538794,0.0836815895557478,0.0034000764052271,0.0165791568774066,0.0663431271630825,0.2057141394088446,,34.30028589156214,22.1827666666667,7.25163333333333,16.8162666666667,6.98246666666667,2.4528,0.949066666666667,1.58863333333333
2009-04-01,ПРИВАТБАНК,0.0161817215666358,0.1143923037241099,0.0920279525176561,0.0088793770475433,0.0393492327763239,0.0900352747214099,0.0059205618440934,,34.30028589156214,22.1827666666667,7.25163333333333,16.8162666666667,6.98246666666667,2.4528,0.949066666666667,1.58863333333333
2009-04-01,УКРГАЗБАНК,0.011360067913606,0.1165193220547323,0.0803619530155388,0.0025335558707528,0.0095491504557183,0.0151287658468508,0.0530489419069139,,34.30028589156214,22.1827666666667,7.25163333333333,16.8162666666667,6.98246666666667,2.4528,0.949066666666667,1.58863333333333
2009-04-01,УКРЕКСІМБАНК,0.0039495989768551,0.1604160916796643,0.0894590845368205,0.0022448406348972,0.0151098702868484,0.0618304788039546,0.0474066034273157,,34.30028589156214,22.1827666666667,7.25163333333333,16.8162666666667,6.98246666666667,2.4528,0.949066666666667,1.58863333333333
2009-07-01,ОЩАДБАНК,0.0084087857809405,0.3067117995532955,0.1222842516459686,0.0034915550559135,0.0187213175548648,0.0650894931825676,0.0656343096897609,,3.7937268323252304,34.3002858915621,22.1827666666667,7.25163333333333,16.8162666666667,6.98246666666667,2.4528,0.949066666666667
2009-07-01,ПРИВАТБАНК,0.0152094518609573,0.1078219984239754,0.1093086996509598,0.0056892363037432,0.0164347107042614,0.0966561358544554,0.0051191870134209,,3.7937268323252304,34.3002858915621,22.1827666666667,7.25163333333333,16.8162666666667,6.98246666666667,2.4528,0.949066666666667
2009-07-01,УКРГАЗБАНК,0.0104469475397234,0.1130740553356089,0.0845020360278996,0.0014884906803349,0.0066097388312539,0.0147579365910068,0.0548655028816751,,3.7937268323252304,34.3002858915621,22.1827666666667,7.25163333333333,16.8162666666667,6.98246666666667,2.4528,0.949066666666667
2009-07-01,УКРЕКСІМБАНК,0.0044193469576832,0.1428898738920917,0.1470035666705093,0.0019079765869603,0.0153924730102424,0.0689655750902247,0.0469423300719644,,3.7937268323252304,34.3002858915621,22.1827666666667,7.25163333333333,16.8162666666667,6.98246666666667,2.4528,0.949066666666667
2009-10-01,ОЩАДБАНК,0.0074746049019657,0.2773721753811679,0.1070025298797028,0.0032631836570597,0.0189535530081,0.071870113806748,0.1412462781246489,,2.97913716330678,3.79372683232523,34.3002858915621,22.1827666666667,7.25163333333333,16.8162666666667,6.98246666666667,2.4528
2009-10-01,ПРИВАТБАНК,0.0113319687567246,0.1066026606299446,0.0895118538800505,0.0086245838241727,0.0214253658629945,0.0964761409880697,0.005065610338459,,2.97913716330678,3.79372683232523,34.3002858915621,22.1827666666667,7.25163333333333,16.8162666666667,6.98246666666667,2.4528
2009-10-01,УКРГАЗБАНК,0.0090660281723313,0.2141986120537236,0.1330060189568589,0.0015734148069908,0.0120684362032531,0.0153174377502293,0.1162348018306382,,2.97913716330678,3.79372683232523,34.3002858915621,22.1827666666667,7.25163333333333,16.8162666666667,6.98246666666667,2.4528
2009-10-01,УКРЕКСІМБАНК,0.0037140145849393,0.1671158057037182,0.0957061440109631,0.0029360887764537,0.0133876241001277,0.0652752107182625,0.0378932843617111,,2.97913716330678,3.79372683232523,34.3002858915621,22.1827666666667,7.25163333333333,16.8162666666667,6.98246666666667,2.4528
2010-01-01,ОЩАДБАНК,0.0082822515198139,0.2734404378397772,0.1006958531705939,0.0032742065920365,0.0187364942023471,0.0707861590122238,0.1542775034763789,,3.478981723750723,2.97913716330678,3.79372683232523,34.3002858915621,22.1827666666667,7.25163333333333,16.8162666666667,6.98246666666667
2010-01-01,ПРИВАТБАНК,0.0107146793899681,0.1193352005099427,0.1074899602492878,0.0081194889543716,0.0161733888095887,0.1016625833844592,0.0051813180727271,,3.478981723750723,2.97913716330678,3.79372683232523,34.3002858915621,22.1827666666667,7.25163333333333,16.8162666666667,6.98246666666667
2010-01-01,УКРГАЗБАНК,0.0116835362044962,0.007892604664581,0.0538944348721369,0.0026372920338992,0.0169081634138465,0.0142813966083143,0.2717524071927289,,3.478981723750723,2.97913716330678,3.79372683232523,34.3002858915621,22.1827666666667,7.25163333333333,16.8162666666667,6.98246666666667
2010-01-01,УКРЕКСІМБАНК,0.0071636409894439,0.1900348536420475,0.0844527006817083,0.0023645690398702,0.0179674972549207,0.0675618124658341,0.0461157924455056,,3.478981723750723,2.97913716330678,3.79372683232523,34.3002858915621,22.1827666666667,7.25163333333333,16.8162666666667,6.98246666666667
2010-04-01,ОЩАДБАНК,0.0082738796675864,0.2876510435354983,0.1665665174629501,0.0039586859936264,0.0187841578357235,0.0682911959950846,0.0798578939284489,,2.205166846281936,3.47898172375072,2.97913716330678,3.79372683232523,34.3002858915621,22.1827666666667,7.25163333333333,16.8162666666667
2010-04-01,ПРИВАТБАНК,0.0085768746893567,0.1139945956061119,0.1360641572597211,0.0067493170033707,0.0177548790428092,0.1090021056842988,0.0045872898198852,,2.205166846281936,3.47898172375072,2.97913716330678,3.79372683232523,34.3002858915621,22.1827666666667,7.25163333333333,16.8162666666667
2010-04-01,УКРГАЗБАНК,0.0088068044496929,0.1278385245123688,0.0713082730854546,0.0014831368860264,0.0202874609730995,0.0167941780923684,0.2291348403447386,,2.205166846281936,3.47898172375072,2.97913716330678,3.79372683232523,34.3002858915621,22.1827666666667,7.25163333333333,16.8162666666667
2010-04-01,УКРЕКСІМБАНК,0.0032496309736904,0.275872275310059,0.1010221583058823,0.0018262614510043,0.0121357905729385,0.0742478356615218,0.1098126785566445,,2.205166846281936,3.47898172375072,2.97913716330678,3.79372683232523,34.3002858915621,22.1827666666667,7.25163333333333,16.8162666666667
2010-07-01,ОЩАДБАНК,0.0081471080190486,0.281588801984565,0.1279655545193037,0.0035702260172314,0.0167883180243764,0.0688611775056516,0.1216494512288214,,1.3149047556294615,2.20516684628194,3.47898172375072,2.97913716330678,3.79372683232523,34.3002858915621,22.1827666666667,7.25163333333333
2010-07-01,ПРИВАТБАНК,0.0094852716850795,0.1117285545053163,0.1611076959936137,0.0058371218360984,0.00998608946653,0.1142493001308189,0.0076185368610669,,1.3149047556294615,2.20516684628194,3.47898172375072,2.97913716330678,3.79372683232523,34.3002858915621,22.1827666666667,7.25163333333333
2010-07-01,УКРГАЗБАНК,0.010829968958633,0.1388827165618689,0.0539107078068973,0.0016506668042281,0.0186458973538602,0.0164058165964282,0.2568865664744378,,1.3149047556294615,2.20516684628194,3.47898172375072,2.97913716330678,3.79372683232523,34.3002858915621,22.1827666666667,7.25163333333333
2010-07-01,УКРЕКСІМБАНК,0.0018996652885618,0.2617299782460273,0.1628408538699212,0.0017622685896552,0.0115469088013515,0.0774296115126848,0.1062029856078623,,1.3149047556294615,2.20516684628194,3.47898172375072,2.97913716330678,3.79372683232523,34.3002858915621,22.1827666666667,7.25163333333333
2010-10-01,ОЩАДБАНК,0.0087727363238223,0.2792179231110103,0.1221700334894491,0.0036579914225561,0.0174853438601172,0.0672071120498047,0.1303763357963897,,1.290237219903764,1.31490475562946,2.20516684628194,3.47898172375072,2.97913716330678,3.79372683232523,34.3002858915621,22.1827666666667
2010-10-01,ПРИВАТБАНК,0.0101298571476355,0.1101766183953066,0.1833384208947546,0.0070465056499135,0.0126721467755658,0.1179101621987601,0.0042415012979316,,1.290237219903764,1.31490475562946,2.20516684628194,3.47898172375072,2.97913716330678,3.79372683232523,34.3002858915621,22.1827666666667
2010-10-01,УКРГАЗБАНК,0.0099461537124443,0.1240024875903289,0.0469707186669429,0.0017424996364906,0.0204926151731421,0.0163739092384557,0.1918834088264759,,1.290237219903764,1.31490475562946,2.20516684628194,3.47898172375072,2.97913716330678,3.79372683232523,34.3002858915621,22.1827666666667
2010-10-01,УКРЕКСІМБАНК,0.0030229661575489,0.2527617752359663,0.1428467524225525,0.0019401035207054,0.0123191245800598,0.0779057821987864,0.1144174112319823,,1.290237219903764,1.31490475562946,2.20516684628194,3.47898172375072,2.97913716330678,3.79372683232523,34.3002858915621,22.1827666666667
2011-01-01,ОЩАДБАНК,0.0093578975482408,0.2817108309605293,0.0924389214595883,0.0042091943302521,0.0179179860198895,0.064693761917818,0.1854169223394047,,2.9330989425827876,1.29023721990376,1.31490475562946,2.20516684628194,3.47898172375072,2.97913716330678,3.79372683232523,34.3002858915621
2011-01-01,ПРИВАТБАНК,0.0100127628301757,0.1047272384720422,0.1738929396560857,0.0077893832766814,0.0165138652637315,0.1243440941886874,0.0070848702553734,,2.9330989425827876,1.29023721990376,1.31490475562946,2.20516684628194,3.47898172375072,2.97913716330678,3.79372683232523,34.3002858915621
2011-01-01,УКРГАЗБАНК,0.010323277142371,0.1439081874934866,0.096455498749655,0.0019826577789867,0.0202810121455675,0.0151673935835203,0.2294187417458518,,2.9330989425827876,1.29023721990376,1.31490475562946,2.20516684628194,3.47898172375072,2.97913716330678,3.79372683232523,34.3002858915621
2011-01-01,УКРЕКСІМБАНК,0.003627375156794,0.2385390744881866,0.1513809386513297,0.0018800452519564,0.0127317764342123,0.0802070211939165,0.1495198898294521,,2.9330989425827876,1.29023721990376,1.31490475562946,2.20516684628194,3.47898172375072,2.97913716330678,3.79372683232523,34.3002858915621
2011-04-01,ОЩАДБАНК,0.0082755509195275,0.2473226996888483,0.2204355535798775,0.0035354071254959,0.0148890146993149,0.0705616591330663,0.1557834527993808,,2.100586259836305,2.93309894258279,1.29023721990376,1.31490475562946,2.20516684628194,3.47898172375072,2.97913716330678,3.79372683232523
2011-04-01,ПРИВАТБАНК,0.0084376289435155,0.0960271662456076,0.1249409748178855,0.0060769332813588,0.0095633961072812,0.1330369990931555,0.003046553242545,,2.100586259836305,2.93309894258279,1.29023721990376,1.31490475562946,2.20516684628194,3.47898172375072,2.97913716330678,3.79372683232523
2011-04-01,УКРГАЗБАНК,0.0095647274076037,0.1431713068999695,0.0413251460292583,0.0017063801614275,0.0168002951864973,0.013982651696546,0.1847885707441006,,2.100586259836305,2.93309894258279,1.29023721990376,1.31490475562946,2.20516684628194,3.47898172375072,2.97913716330678,3.79372683232523
2011-04-01,УКРЕКСІМБАНК,0.0026376929333741,0.2307656224438243,0.1774054581797783,0.0014803303771444,0.0111716599277886,0.0790334680847636,0.1615876934415356,,2.100586259836305,2.93309894258279,1.29023721990376,1.31490475562946,2.20516684628194,3.47898172375072,2.97913716330678,3.79372683232523
2011-07-01,ОЩАДБАНК,0.0084683394875182,0.2401077840859967,0.0940870081496711,0.0031263943808377,0.0143783334708045,0.0732183982080027,0.2650154216243272,,3.292546275371169,2.10058625983631,2.93309894258279,1.29023721990376,1.31490475562946,2.20516684628194,3.47898172375072,2.97913716330678
2011-07-01,ПРИВАТБАНК,0.0086130525742064,0.0934395566327749,0.1484602780676745,0.0072669801714282,0.0132703612761615,0.1371776333588066,0.00270375516533,,3.292546275371169,2.10058625983631,2.93309894258279,1.29023721990376,1.31490475562946,2.20516684628194,3.47898172375072,2.97913716330678
2011-07-01,УКРГАЗБАНК,0.0083445822927706,0.1144763941486665,0.0380121491085688,0.0015293859845827,0.0107429983215444,0.0173956452050739,0.3856215525492749,,3.292546275371169,2.10058625983631,2.93309894258279,1.29023721990376,1.31490475562946,2.20516684628194,3.47898172375072,2.97913716330678
2011-07-01,УКРЕКСІМБАНК,0.0031604470289295,0.2202445959432864,0.1658668396352093,0.0015820732493515,0.0094293110439946,0.0808583729597536,0.193837418252029,,3.292546275371169,2.10058625983631,2.93309894258279,1.29023721990376,1.31490475562946,2.20516684628194,3.47898172375072,2.97913716330678
2011-10-01,ОЩАДБАНК,0.0084031350582918,0.2327063770617387,0.1095334209382374,0.003058969591886,0.0157159954368014,0.0756444604898928,0.1662422101386427,,6.55601357270357,3.29254627537117,2.10058625983631,2.93309894258279,1.29023721990376,1.31490475562946,2.20516684628194,3.47898172375072
2011-10-01,ПРИВАТБАНК,0.0093156899307092,0.1152229920910086,0.1437059804076184,0.0074664636563144,0.0159380778434195,0.1419174065423467,0.0012187284831283,,6.55601357270357,3.29254627537117,2.10058625983631,2.93309894258279,1.29023721990376,1.31490475562946,2.20516684628194,3.47898172375072
2011-10-01,УКРГАЗБАНК,0.0181784808736169,0.1716365688933643,0.1176049845332702,0.0016584288893958,0.0117669597831151,0.0160035200495587,0.2543516271980832,,6.55601357270357,3.29254627537117,2.10058625983631,2.93309894258279,1.29023721990376,1.31490475562946,2.20516684628194,3.47898172375072
2011-10-01,УКРЕКСІМБАНК,0.0034432965116781,0.2414534203992721,0.0918129562589576,0.0017915038931328,0.0120375721374581,0.0733587547667772,0.1922540314174788,,6.55601357270357,3.29254627537117,2.10058625983631,2.93309894258279,1.29023721990376,1.31490475562946,2.20516684628194,3.47898172375072
2012-01-01,ОЩАДБАНК,0.0104005925334843,0.2385743153995949,0.0750846461921252,0.0032276992369641,0.017336263157936,0.0723080810563149,0.1888480252358308,,11.985749339292026,6.55601357270357,3.29254627537117,2.10058625983631,2.93309894258279,1.29023721990376,1.31490475562946,2.20516684628194
2012-01-01,ПРИВАТБАНК,0.0104223119822932,0.1154021101090279,0.1500216171651696,0.0070250394655131,0.0183207964157671,0.1418609466109693,0.0011039945272853,,11.985749339292026,6.55601357270357,3.29254627537117,2.10058625983631,2.93309894258279,1.29023721990376,1.31490475562946,2.20516684628194
2012-01-01,УКРГАЗБАНК,0.0096544250062935,0.1544324687840717,0.1225692313970713,0.0015584764337027,0.0125363231907164,0.017749889604247,0.2308753578484499,,11.985749339292026,6.55601357270357,3.29254627537117,2.10058625983631,2.93309894258279,1.29023721990376,1.31490475562946,2.20516684628194
2012-01-01,УКРЕКСІМБАНК,0.0041772656603522,0.236061652839181,0.1149372195825663,0.001949990702822,0.0130053838416312,0.073417561269649,0.216311557520638,,11.985749339292026,6.55601357270357,3.29254627537117,2.10058625983631,2.93309894258279,1.29023721990376,1.31490475562946,2.20516684628194
2012-04-01,ОЩАДБАНК,0.0088750853958435,0.2289095458883875,0.1008628010407423,0.0033424978476301,0.0153602459810852,0.0746370554829735,0.1956611941556701,,4.003266666666666,11.985749339292,6.55601357270357,3.29254627537117,2.10058625983631,2.93309894258279,1.29023721990376,1.31490475562946
2012-04-01,ПРИВАТБАНК,0.0078369476438164,0.1106745390116924,0.1348168701453486,0.0062029192188275,0.0118995725727532,0.1462472717402,0.0010791667343129,,4.003266666666666,11.985749339292,6.55601357270357,3.29254627537117,2.10058625983631,2.93309894258279,1.29023721990376,1.31490475562946
2012-04-01,УКРГАЗБАНК,0.0069596488335865,0.1491638528376975,0.1349394747639561,0.0012477608064541,0.0086234520152524,0.0184714903431781,0.30193605256849,,4.003266666666666,11.985749339292,6.55601357270357,3.29254627537117,2.10058625983631,2.93309894258279,1.29023721990376,1.31490475562946
2012-04-01,УКРЕКСІМБАНК,0.0036248377544717,0.2435404412368225,0.0935841441983129,0.0015939531975333,0.0120958180801925,0.0693384574589185,0.2108820622561464,,4.003266666666666,11.985749339292,6.55601357270357,3.29254627537117,2.10058625983631,2.93309894258279,1.29023721990376,1.31490475562946
2012-07-01,ОЩАДБАНК,0.0091791585196131,0.2100208783723851,0.0825494796358013,0.0028909007628803,0.0138284389523933,0.0792549233598213,0.2358232002256437,,7.8115,4.00326666666667,11.985749339292,6.55601357270357,3.29254627537117,2.10058625983631,2.93309894258279,1.29023721990376
2012-07-01,ПРИВАТБАНК,0.0081100867550583,0.1067171603668128,0.1663509055449497,0.0065467624450544,0.0110607215658117,0.1512835962701457,0.0015259868275248,,7.8115,4.00326666666667,11.985749339292,6.55601357270357,3.29254627537117,2.10058625983631,2.93309894258279,1.29023721990376
2012-07-01,УКРГАЗБАНК,0.0068676795923892,0.1397776481426087,0.145112107649936,0.0012572937272197,0.0095733185019324,0.0195465432807403,0.2795298686875213,,7.8115,4.00326666666667,11.985749339292,6.55601357270357,3.29254627537117,2.10058625983631,2.93309894258279,1.29023721990376
2012-07-01,УКРЕКСІМБАНК,0.0041277304636995,0.2346707853543901,0.0830792777925453,0.0016349826318511,0.0111530359794891,0.0706588049263402,0.2228221630781999,,7.8115,4.00326666666667,11.985749339292,6.55601357270357,3.29254627537117,2.10058625983631,2.93309894258279,1.29023721990376
2012-10-01,ОЩАДБАНК,0.0090841080052516,0.2066955793361095,0.086611214924707,0.0029180299486259,0.0147652021083753,0.0801317534303649,0.2324233260700297,,14.4382,7.8115,4.00326666666667,11.985749339292,6.55601357270357,3.29254627537117,2.10058625983631,2.93309894258279
2012-10-01,ПРИВАТБАНК,0.0093254017181273,0.1078880483388878,0.1499003261218621,0.0031741035873633,0.0158768746183049,0.1524930633246332,0.0020413694136918,,14.4382,7.8115,4.00326666666667,11.985749339292,6.55601357270357,3.29254627537117,2.10058625983631,2.93309894258279
2012-10-01,УКРГАЗБАНК,0.00785551861928,0.1517137939113209,0.0801348327688515,0.00156919698067,0.0103411679749299,0.018501009370794,0.2397474610312701,,14.4382,7.8115,4.00326666666667,11.985749339292,6.55601357270357,3.29254627537117,2.10058625983631,2.93309894258279
2012-10-01,УКРЕКСІМБАНК,0.0037165930886395,0.2255623601880025,0.0979678308244431,0.001674838984921,0.0112219768073641,0.0729040989308536,0.2588155723330012,,14.4382,7.8115,4.00326666666667,11.985749339292,6.55601357270357,3.29254627537117,2.10058625983631,2.93309894258279
2013-01-01,ОЩАДБАНК,0.0109714311383929,0.2106870595666592,0.179137273876545,0.0032628456223529,0.0148309553644255,0.0784993759121835,0.1526884023183749,,18.2483,14.4382,7.8115,4.00326666666667,11.985749339292,6.55601357270357,3.29254627537117,2.10058625983631
2013-01-01,ПРИВАТБАНК,0.0089062348256358,0.1061352321161081,0.1563400349577844,0.0042881079178094,0.010549232911556,0.1573982437673517,0.0030519309100547,,18.2483,14.4382,7.8115,4.00326666666667,11.985749339292,6.55601357270357,3.29254627537117,2.10058625983631
2013-01-01,УКРГАЗБАНК,0.0136588086483842,0.1816691403728425,0.1231230497032289,0.0015985074487439,0.0109806989133356,0.0191669256328749,0.1977540546844103,,18.2483,14.4382,7.8115,4.00326666666667,11.985749339292,6.55601357270357,3.29254627537117,2.10058625983631
2013-01-01,УКРЕКСІМБАНК,0.004074583148132,0.2030292377242255,0.2108800265662095,0.0015669285801011,0.0100311039658722,0.0802824464323662,0.2266968362932959,,18.2483,14.4382,7.8115,4.00326666666667,11.985749339292,6.55601357270357,3.29254627537117,2.10058625983631
2013-04-01,ОЩАДБАНК,0.0093327943481983,0.2119499418811169,0.1086660715234512,0.0032565289607426,0.0156377541603178,0.0774638444518937,0.2520145175010354,,2.705866666666666,18.2483,14.4382,7.8115,4.00326666666667,11.985749339292,6.55601357270357,3.29254627537117
2013-04-01,ПРИВАТБАНК,0.0076019400094628,0.1083831167393213,0.122026280423239,0.0037928722496585,0.0108214797646669,0.1571528250719192,0.0031867813048853,,2.705866666666666,18.2483,14.4382,7.8115,4.00326666666667,11.985749339292,6.55601357270357,3.29254627537117
2013-04-01,УКРГАЗБАНК,0.0079490873724916,0.1996780069705497,0.0889122800416136,0.0014673092933541,0.008993649485324,0.0190679762051594,0.1500212621028156,,2.705866666666666,18.2483,14.4382,7.8115,4.00326666666667,11.985749339292,6.55601357270357,3.29254627537117
2013-04-01,УКРЕКСІМБАНК,0.002950920609429,0.1999319152616952,0.1286161913672099,0.0012798619095716,0.0101861771837493,0.0805594285361395,0.3614442241979475,,2.705866666666666,18.2483,14.4382,7.8115,4.00326666666667,11.985749339292,6.55601357270357,3.29254627537117
2013-07-01,ОЩАДБАНК,0.0083524320090627,0.1889626935577959,0.0740909969274835,0.0028626552974934,0.0140576045472489,0.0823737419404238,0.2577906413449306,,2.7336333333333336,2.70586666666667,18.2483,14.4382,7.8115,4.00326666666667,11.985749339292,6.55601357270357
2013-07-01,ПРИВАТБАНК,0.008494978020406,0.1033578775364352,0.1626225982380796,0.0017776698698763,0.0124289183672507,0.1644686058436935,0.0030185885021521,,2.7336333333333336,2.70586666666667,18.2483,14.4382,7.8115,4.00326666666667,11.985749339292,6.55601357270357
2013-07-01,УКРГАЗБАНК,0.0083517662375625,0.2114725703102058,0.1006785056871556,0.0018644641704932,0.0114634395367251,0.0179280373683309,0.1862273058368016,,2.7336333333333336,2.70586666666667,18.2483,14.4382,7.8115,4.00326666666667,11.985749339292,6.55601357270357
2013-07-01,УКРЕКСІМБАНК,0.0036579410507064,0.1962706533231755,0.0872312745633806,0.0014168738181136,0.0109631689764731,0.0789300819350164,0.4001800339864669,,2.7336333333333336,2.70586666666667,18.2483,14.4382,7.8115,4.00326666666667,11.985749339292,6.55601357270357
2013-10-01,ОЩАДБАНК,0.0093254718052259,0.2011013266504273,0.0684579444572885,0.0031601549028479,0.0151809940558593,0.0770384396510884,0.2564506971217179,,3.1404,2.73363333333333,2.70586666666667,18.2483,14.4382,7.8115,4.00326666666667,11.985749339292
2013-10-01,ПРИВАТБАНК,0.008750650890963,0.0992763792094235,0.1616895384731432,0.0035626105358461,0.009798113358158,0.1690236232386969,0.0021804199283038,,3.1404,2.73363333333333,2.70586666666667,18.2483,14.4382,7.8115,4.00326666666667,11.985749339292
2013-10-01,УКРГАЗБАНК,0.0084482713394018,0.1907507933764616,0.0799731309425606,0.0018284510622887,0.0113318326708784,0.0193141689534585,0.2276886344433976,,3.1404,2.73363333333333,2.70586666666667,18.2483,14.4382,7.8115,4.00326666666667,11.985749339292
2013-10-01,УКРЕКСІМБАНК,0.003454682918366,0.1976238627267959,0.0725236505784052,0.0014899956980592,0.0107136584805751,0.076018574806055,0.3892815903816788,,3.1404,2.73363333333333,2.70586666666667,18.2483,14.4382,7.8115,4.00326666666667,11.985749339292
2014-01-01,ОЩАДБАНК,0.0098132967013003,0.1975078550206259,0.0671001947397764,0.0037159496051501,0.0138492792426601,0.0838383116993038,0.3415343682965738,,7.505166666666667,3.1404,2.73363333333333,2.70586666666667,18.2483,14.4382,7.8115,4.00326666666667
2014-01-01,ПРИВАТБАНК,0.0090656157880412,0.0946969098255374,0.1499236435518666,0.003879225873909,0.0102268196897842,0.1736302306540674,0.0023889352488881,,7.505166666666667,3.1404,2.73363333333333,2.70586666666667,18.2483,14.4382,7.8115,4.00326666666667
2014-01-01,УКРГАЗБАНК,0.0096176621625417,0.1900686118988671,0.086739429875938,0.0019149848589903,0.0118331765170527,0.019261184561156,0.2626691256427287,,7.505166666666667,3.1404,2.73363333333333,2.70586666666667,18.2483,14.4382,7.8115,4.00326666666667
2014-01-01,УКРЕКСІМБАНК,0.0037416078558014,0.1916635631824347,0.0765558831654838,0.0014711098938599,0.0105451341798303,0.0763755093250787,0.365534125049936,,7.505166666666667,3.1404,2.73363333333333,2.70586666666667,18.2483,14.4382,7.8115,4.00326666666667
2014-04-01,ОЩАДБАНК,0.0082360171788491,0.1846385283035565,0.0616443836006522,0.0028305808718817,0.014118624017493,0.0870818515043794,0.3339798425391776,,11.344966666666666,7.50516666666667,3.1404,2.73363333333333,2.70586666666667,18.2483,14.4382,7.8115
2014-04-01,ПРИВАТБАНК,0.0096010200308196,0.1060073183115236,0.0859496540372062,0.0034005712166081,0.015136010045621,0.1542051941473668,0.0033674604738999,,11.344966666666666,7.50516666666667,3.1404,2.73363333333333,2.70586666666667,18.2483,14.4382,7.8115
2014-04-01,УКРГАЗБАНК,0.0086394881124602,0.2104721097811645,0.0719091311795113,0.0018857128201911,0.014713932802455,0.0170848541930645,0.2405924395990223,,11.344966666666666,7.50516666666667,3.1404,2.73363333333333,2.70586666666667,18.2483,14.4382,7.8115
2014-04-01,УКРЕКСІМБАНК,0.002869922862142,0.17173413606429,0.0824998124387697,0.0011062884904347,0.0091603652435764,0.0831370926471435,0.3157957711648997,,11.344966666666666,7.50516666666667,3.1404,2.73363333333333,2.70586666666667,18.2483,14.4382,7.8115
2014-07-01,ОЩАДБАНК,0.0086279544930982,0.1763807319759615,0.053516068078865,0.0025720137588143,0.0126469422460239,0.0915872129944676,0.2881013022823898,,9.463866666666666,11.3449666666667,7.50516666666667,3.1404,2.73363333333333,2.70586666666667,18.2483,14.4382
2014-07-01,ПРИВАТБАНК,0.0094621882611022,0.1021295106850597,0.1028537816742315,0.0032082802016799,0.011554052544674,0.1617152929567404,0.0074147384829106,,9.463866666666666,11.3449666666667,7.50516666666667,3.1404,2.73363333333333,2.70586666666667,18.2483,14.4382
2014-07-01,УКРГАЗБАНК,0.0100410652589631,0.1935644124479033,0.1041479065034649,0.0019645315513177,0.012386924285315,0.0181230379389288,0.2202284088406258,,9.463866666666666,11.3449666666667,7.50516666666667,3.1404,2.73363333333333,2.70586666666667,18.2483,14.4382
2014-07-01,УКРЕКСІМБАНК,0.0040081579931628,0.1633664165736471,0.0804574620567126,0.0011545793672498,0.0096012979875729,0.0880124325375504,0.3133236032102363,,9.463866666666666,11.3449666666667,7.50516666666667,3.1404,2.73363333333333,2.70586666666667,18.2483,14.4382
2014-10-01,ОЩАДБАНК,0.0081886483698687,0.1769390444292878,0.073911677819573,0.0026083457067396,0.0144606785795204,0.0892826086448598,0.3085367403684994,,11.701466666666668,9.46386666666667,11.3449666666667,7.50516666666667,3.1404,2.73363333333333,2.70586666666667,18.2483
2014-10-01,ПРИВАТБАНК,0.0099682157701053,0.1037527709802399,0.0847541696613341,0.0034596760210601,0.0117058485027147,0.1585674670442693,0.0038697844858055,,11.701466666666668,9.46386666666667,11.3449666666667,7.50516666666667,3.1404,2.73363333333333,2.70586666666667,18.2483
2014-10-01,УКРГАЗБАНК,0.0089059661120656,0.1907386781436947,0.0773676939439779,0.002241386505952,0.0102873985747422,0.0180402175013411,0.2500101036013394,,11.701466666666668,9.46386666666667,11.3449666666667,7.50516666666667,3.1404,2.73363333333333,2.70586666666667,18.2483
2014-10-01,УКРЕКСІМБАНК,0.0032168046530275,0.1062200658120554,0.1098419709712772,0.0011481325793713,0.0082573187668447,0.1032982210047742,0.3921572894167184,,11.701466666666668,9.46386666666667,11.3449666666667,7.50516666666667,3.1404,2.73363333333333,2.70586666666667,18.2483
2015-01-01,ОЩАДБАНК,0.0079748037048959,0.1775838484294113,0.1069314599445076,0.0027500209041379,0.0126775283459425,0.1002077797557757,0.3102090335278438,,18.47453333333333,11.7014666666667,9.46386666666667,11.3449666666667,7.50516666666667,3.1404,2.73363333333333,2.70586666666667
2015-01-01,ПРИВАТБАНК,0.0114063121813822,0.1109385281696697,0.1323437735634281,0.0041522887716827,0.0129853763039995,0.1600344139354309,0.0054894503403094,,18.47453333333333,11.7014666666667,9.46386666666667,11.3449666666667,7.50516666666667,3.1404,2.73363333333333,2.70586666666667
2015-01-01,УКРГАЗБАНК,0.0209651538577207,0.0746867685722115,0.0934365520799086,0.0025395923420358,0.011320133713391,0.0164488574787635,0.2707517181419869,,18.47453333333333,11.7014666666667,9.46386666666667,11.3449666666667,7.50516666666667,3.1404,2.73363333333333,2.70586666666667
2015-01-01,УКРЕКСІМБАНК,0.0050658739550893,0.1074304751872731,0.1199760578486607,0.0015273976912923,0.0119594530431597,0.0985620068955579,0.3303863565937964,,18.47453333333333,11.7014666666667,9.46386666666667,11.3449666666667,7.50516666666667,3.1404,2.73363333333333,2.70586666666667
2015-04-01,ОЩАДБАНК,0.006475257520936,0.145959553676185,0.1136194852716348,0.0023008029368582,0.0122168308852398,0.1074763712440109,0.2774298296659788,,21.82426666666667,18.4745333333333,11.7014666666667,9.46386666666667,11.3449666666667,7.50516666666667,3.1404,2.73363333333333
2015-04-01,ПРИВАТБАНК,0.0078162434042337,0.0931047052513216,0.1004826080894143,0.0032477836301376,0.0017529383206121,0.1767602040694319,0.0067287703864707,,21.82426666666667,18.4745333333333,11.7014666666667,9.46386666666667,11.3449666666667,7.50516666666667,3.1404,2.73363333333333
2015-04-01,УКРГАЗБАНК,0.0078470162859304,0.0526572730042239,0.1190366877573863,0.0022148062849126,0.0090081206199244,0.0161379549493839,0.2661165485488991,,21.82426666666667,18.4745333333333,11.7014666666667,9.46386666666667,11.3449666666667,7.50516666666667,3.1404,2.73363333333333
2015-04-01,УКРЕКСІМБАНК,0.0022996002338652,0.0581354441835698,0.1216633597867757,0.0014249100510327,0.0095653947866017,0.1126810522394639,0.3213883702180756,,21.82426666666667,18.4745333333333,11.7014666666667,9.46386666666667,11.3449666666667,7.50516666666667,3.1404,2.73363333333333
2015-07-01,ОЩАДБАНК,0.006723760078671,0.1287578078266012,0.1784143955672708,0.0024967326145854,0.0129646938329982,0.1160734637272048,0.2804389750703587,,24.2157,21.8242666666667,18.4745333333333,11.7014666666667,9.46386666666667,11.3449666666667,7.50516666666667,3.1404
2015-07-01,ПРИВАТБАНК,0.0081314740442598,0.1050902966610105,0.1068084055770884,0.0038706167741145,0.0075544679485557,0.1880459810728071,0.0064352344059244,,24.2157,21.8242666666667,18.4745333333333,11.7014666666667,9.46386666666667,11.3449666666667,7.50516666666667,3.1404
2015-07-01,УКРГАЗБАНК,0.0072518828437959,0.1504165951051474,0.153693146868242,0.0018960892984602,0.0062168616229727,0.0202041402576116,0.3456533811201404,,24.2157,21.8242666666667,18.4745333333333,11.7014666666667,9.46386666666667,11.3449666666667,7.50516666666667,3.1404
2015-07-01,УКРЕКСІМБАНК,0.0025339280081856,0.0823322742995869,0.1049694551296918,0.0015978497742979,0.0115421453284903,0.113255067585854,0.344840174953772,,24.2157,21.8242666666667,18.4745333333333,11.7014666666667,9.46386666666667,11.3449666666667,7.50516666666667,3.1404
2015-10-01,ОЩАДБАНК,0.0066551666866268,0.1083623088552532,0.1941886142493894,0.0026098827031468,0.0130995216040137,0.126727411478413,0.299853328911183,,19.667066666666667,24.2157,21.8242666666667,18.4745333333333,11.7014666666667,9.46386666666667,11.3449666666667,7.50516666666667
2015-10-01,ПРИВАТБАНК,0.0079260225223043,0.1045329292625002,0.1033004998534942,0.004490032554468,0.0043958845288505,0.1956870830492559,0.0065370551203394,,19.667066666666667,24.2157,21.8242666666667,18.4745333333333,11.7014666666667,9.46386666666667,11.3449666666667,7.50516666666667
2015-10-01,УКРГАЗБАНК,0.0062901753819548,0.1356065987869094,0.1615828180829595,0.0016877380215018,0.0056991875723355,0.0275507359150717,0.2888864007110447,,19.667066666666667,24.2157,21.8242666666667,18.4745333333333,11.7014666666667,9.46386666666667,11.3449666666667,7.50516666666667
2015-10-01,УКРЕКСІМБАНК,0.0026250404609955,0.0464513646984916,0.1113899448897015,0.0017378006168217,0.0117155444739267,0.1134522364882894,0.3251388584975995,,19.667066666666667,24.2157,21.8242666666667,18.4745333333333,11.7014666666667,9.46386666666667,11.3449666666667,7.50516666666667
2016-01-01,ОЩАДБАНК,0.0077228453011817,0.0460532888505598,0.1424662426033446,0.0031907431728258,0.0004767352251521,0.1275461919067139,0.3427947761576219,,18.86406666666667,19.6670666666667,24.2157,21.8242666666667,18.4745333333333,11.7014666666667,9.46386666666667,11.3449666666667
2016-01-01,ПРИВАТБАНК,0.0089630716548564,0.1037699029483443,0.1368897820317037,0.0056847591244735,0.0033953523481235,0.2119667085008051,0.0073604542524756,,18.86406666666667,19.6670666666667,24.2157,21.8242666666667,18.4745333333333,11.7014666666667,9.46386666666667,11.3449666666667
2016-01-01,УКРГАЗБАНК,0.0086488139593643,0.1032995028237629,0.0954866449202819,0.0015186305450133,0.0040562239609342,0.0332533217025101,0.2734886542855254,,18.86406666666667,19.6670666666667,24.2157,21.8242666666667,18.4745333333333,11.7014666666667,9.46386666666667,11.3449666666667
2016-01-01,УКРЕКСІМБАНК,0.0031924148307751,-0.0221331058908986,0.0233155093672113,0.001881141313298,-0.017261454529215,0.1130591202659325,0.3374617286433009,,18.86406666666667,19.6670666666667,24.2157,21.8242666666667,18.4745333333333,11.7014666666667,9.46386666666667,11.3449666666667
2016-04-01,ОЩАДБАНК,0.0061480214080162,0.0735055811732864,0.2029614472320389,0.0026407776831871,0.0099619907226079,0.1375333273000889,0.3090800139261448,,20.627866666666662,18.8640666666667,19.6670666666667,24.2157,21.8242666666667,18.4745333333333,11.7014666666667,9.46386666666667
2016-04-01,ПРИВАТБАНК,0.0072561907815678,0.10075518660243,0.1209515400876239,0.0052591811771938,0.002775633398871,0.2101584313159676,0.007472618620996,,20.627866666666662,18.8640666666667,19.6670666666667,24.2157,21.8242666666667,18.4745333333333,11.7014666666667,9.46386666666667
2016-04-01,УКРГАЗБАНК,0.0217516363975928,0.0878576546238175,0.0650058720176815,0.0013250713396676,0.0032519059312134,0.0371631068826282,0.4832516438861498,,20.627866666666662,18.8640666666667,19.6670666666667,24.2157,21.8242666666667,18.4745333333333,11.7014666666667,9.46386666666667
2016-04-01,УКРЕКСІМБАНК,0.002280500308427,0.0295158133993931,0.0393726164238071,0.0014995223019486,0.0053234396930492,0.119499215983249,0.2617106206117829,,20.627866666666662,18.8640666666667,19.6670666666667,24.2157,21.8242666666667,18.4745333333333,11.7014666666667,9.46386666666667
2016-07-01,ОЩАДБАНК,0.0070301920043511,0.077810227740089,0.2184916772781939,0.0027405852076041,0.0089455867973341,0.144408756908709,0.3197899273531714,,17.8985,20.6278666666667,18.8640666666667,19.6670666666667,24.2157,21.8242666666667,18.4745333333333,11.7014666666667
2016-07-01,ПРИВАТБАНК,0.0087488993525407,0.1115880317252261,0.112062870723552,0.006386167059873,0.0041805108657825,0.2097741842302165,0.0062299058724526,,17.8985,20.6278666666667,18.8640666666667,19.6670666666667,24.2157,21.8242666666667,18.4745333333333,11.7014666666667
2016-07-01,УКРГАЗБАНК,0.0065632790194454,0.0838339544401007,0.0647991250694153,0.0015351327887675,0.0030310766903226,0.0400902888625102,0.4866786798540491,,17.8985,20.6278666666667,18.8640666666667,19.6670666666667,24.2157,21.8242666666667,18.4745333333333,11.7014666666667
2016-07-01,УКРЕКСІМБАНК,0.0024520896269993,0.0314142925739596,0.0585339262495952,0.0014862963183007,0.0052649392732317,0.1191529830714044,0.2845651131385486,,17.8985,20.6278666666667,18.8640666666667,19.6670666666667,24.2157,21.8242666666667,18.4745333333333,11.7014666666667
2016-10-01,ОЩАДБАНК,0.0072010315963143,0.0794138233040015,0.2220230939720532,0.0028340967961695,0.0068846530489753,0.147871542878407,0.3142208473848748,,15.048566666666666,17.8985,20.6278666666667,18.8640666666667,19.6670666666667,24.2157,21.8242666666667,18.4745333333333
2016-10-01,ПРИВАТБАНК,0.0086346859592027,0.1114365709465022,0.0959730941645261,0.0082062656000359,0.0073886534114599,0.2098120815561441,0.0072027716503345,,15.048566666666666,17.8985,20.6278666666667,18.8640666666667,19.6670666666667,24.2157,21.8242666666667,18.4745333333333
2016-10-01,УКРГАЗБАНК,0.0053627327258815,0.0822084291888222,0.0592464318974407,0.0015936291875556,0.0032505124326294,0.0446958066137801,0.3642204780693728,,15.048566666666666,17.8985,20.6278666666667,18.8640666666667,19.6670666666667,24.2157,21.8242666666667,18.4745333333333
2016-10-01,УКРЕКСІМБАНК,0.0023437987625973,0.0387373975010396,0.0447367633643556,0.0014754853912818,0.0042123448293981,0.1183715675295712,0.3074914152945295,,15.048566666666666,17.8985,20.6278666666667,18.8640666666667,19.6670666666667,24.2157,21.8242666666667,18.4745333333333
2017-01-01,ОЩАДБАНК,0.0084335316325057,0.0710737706823968,0.194928292781832,0.0028401754894972,0.0052467510797975,0.1649176084651604,0.3695875370696281,,12.0341,15.0485666666667,17.8985,20.6278666666667,18.8640666666667,19.6670666666667,24.2157,21.8242666666667
2017-01-01,ПРИВАТБАНК,0.0117330763217138,0.057560952683153,0.1417392681193489,0.0152768046053867,0.0005156913936476,0.1727030198682548,0.292744157471335,,12.0341,15.0485666666667,17.8985,20.6278666666667,18.8640666666667,19.6670666666667,24.2157,21.8242666666667
2017-01-01,УКРГАЗБАНК,0.007732948036808,0.0929442778615195,0.0462385163782063,0.0020076352174468,0.0041140661614805,0.0421369922655115,0.3870058767919475,,12.0341,15.0485666666667,17.8985,20.6278666666667,18.8640666666667,19.6670666666667,24.2157,21.8242666666667
2017-01-01,УКРЕКСІМБАНК,0.0028694312330479,0.0328109347540855,0.04112651597195,0.0013899544634451,0.0058818246122068,0.1258306305582634,0.3265019394275625,,12.0341,15.0485666666667,17.8985,20.6278666666667,18.8640666666667,19.6670666666667,24.2157,21.8242666666667
2017-04-01,ОЩАДБАНК,0.0066684659482785,0.1138763244978973,0.1807752156905971,0.0028072153558683,0.0062108291290753,0.1774910799455805,0.3949094227660086,,12.294966666666667,12.0341,15.0485666666667,17.8985,20.6278666666667,18.8640666666667,19.6670666666667,24.2157
2017-04-01,ПРИВАТБАНК,0.0090199137010538,0.0975337958819432,0.1306708126188085,0.0100260925409469,0.0024623557627456,0.1855844356360143,0.3182003418175941,,12.294966666666667,12.0341,15.0485666666667,17.8985,20.6278666666667,18.8640666666667,19.6670666666667,24.2157
2017-04-01,УКРГАЗБАНК,0.0060379910877301,0.0791557668364078,0.0559470637224854,0.001776570075333,0.006718154074099,0.0498528810832481,0.4414643517571202,,12.294966666666667,12.0341,15.0485666666667,17.8985,20.6278666666667,18.8640666666667,19.6670666666667,24.2157
2017-04-01,УКРЕКСІМБАНК,0.0020525492784004,0.0859010650099403,0.0399338283399422,0.0012718272522827,0.0046148265999456,0.1295711678718838,0.3217419220749388,,12.294966666666667,12.0341,15.0485666666667,17.8985,20.6278666666667,18.8640666666667,19.6670666666667,24.2157
2017-07-01,ОЩАДБАНК,0.0076432016750748,0.1171893902262352,0.1905976029324757,0.0028466696298722,0.0062373620144393,0.1762782654370988,0.3786876502348301,,11.3091,12.2949666666667,12.0341,15.0485666666667,17.8985,20.6278666666667,18.8640666666667,19.6670666666667
2017-07-01,ПРИВАТБАНК,0.01078401802278,0.0464355817535508,0.1681693005093332,0.0116771100502193,0.0058341109422176,0.1844486542470244,0.3364366159755892,,11.3091,12.2949666666667,12.0341,15.0485666666667,17.8985,20.6278666666667,18.8640666666667,19.6670666666667
2017-07-01,УКРГАЗБАНК,0.0066938492826563,0.0779559868587193,0.0728992455446738,0.0019204938570791,0.0080853145349333,0.052478648420729,0.3532082938123731,,11.3091,12.2949666666667,12.0341,15.0485666666667,17.8985,20.6278666666667,18.8640666666667,19.6670666666667
2017-07-01,УКРЕКСІМБАНК,0.0024546034421683,0.0834702617652441,0.0368439073598906,0.0012324796372227,0.0043750504122482,0.1344647140007556,0.3062687713197335,,11.3091,12.2949666666667,12.0341,15.0485666666667,17.8985,20.6278666666667,18.8640666666667,19.6670666666667
2017-10-01,ОЩАДБАНК,0.0080963617909739,0.1174119455532061,0.0515297591417645,0.0032430107971933,0.0058541009585524,0.1711650436236969,0.3490416852238137,,11.134333333333332,11.3091,12.2949666666667,12.0341,15.0485666666667,17.8985,20.6278666666667,18.8640666666667
2017-10-01,ПРИВАТБАНК,0.0103495915303251,0.1360800252422457,0.0774933722578422,0.0114290335594978,0.0046055370044133,0.1974647698411978,0.4026244238078321,,11.134333333333332,11.3091,12.2949666666667,12.0341,15.0485666666667,17.8985,20.6278666666667,18.8640666666667
2017-10-01,УКРГАЗБАНК,0.0064335327456938,0.0734231896517238,0.0517342771561525,0.0020907395419055,0.0096550784894614,0.0547659011609814,0.3293793359920461,,11.134333333333332,11.3091,12.2949666666667,12.0341,15.0485666666667,17.8985,20.6278666666667,18.8640666666667
2017-10-01,УКРЕКСІМБАНК,0.0025279248529519,0.090800554178323,0.0422554070523168,0.0013413085466936,0.0036220400349718,0.1285567627962392,0.2973023678343591,,11.134333333333332,11.3091,12.2949666666667,12.0341,15.0485666666667,17.8985,20.6278666666667,18.8640666666667
2018-01-01,ОЩАДБАНК,0.0072126507595137,0.1067272671103767,0.0415193403722737,0.0024083491693368,0.0048195731782265,0.1578071165183374,0.3315685131989697,0.3255117875641841,12.430733333333334,11.1343333333333,11.3091,12.2949666666667,12.0341,15.0485666666667,17.8985,20.6278666666667
2018-01-01,ПРИВАТБАНК,0.0318312238074637,0.0520782587792869,0.0400570444542677,0.0072980355392767,0.0031547757082321,0.2622561660169114,0.2631571508907875,0.290651890182215,12.430733333333334,11.1343333333333,11.3091,12.2949666666667,12.0341,15.0485666666667,17.8985,20.6278666666667
2018-01-01,УКРГАЗБАНК,0.0077488344958733,0.0702650288330993,0.0298985892042658,0.0019368346097315,0.0085006695099191,0.042724202579777,0.3131030178812969,0.2468593423414823,12.430733333333334,11.1343333333333,11.3091,12.2949666666667,12.0341,15.0485666666667,17.8985,20.6278666666667
2018-01-01,УКРЕКСІМБАНК,0.0024994635923501,0.0642943288400825,0.0305679863608839,-0.0022716039423937,0.0065111302994116,0.1199193958580026,0.2263986493329391,0.2928602737618904,12.430733333333334,11.1343333333333,11.3091,12.2949666666667,12.0341,15.0485666666667,17.8985,20.6278666666667
2018-04-01,ОЩАДБАНК,0.0040999341523801,0.1089600668404184,0.0470512418110999,0.0015476767159082,0.0032373386070627,0.1536012429882871,0.3304664291808522,0.3256875964100292,14.830733333333333,12.4307333333333,11.1343333333333,11.3091,12.2949666666667,12.0341,15.0485666666667,17.8985
2018-04-01,ПРИВАТБАНК,0.0034358124671546,0.0506079130902411,0.0432197245754774,0.0044355631266489,0.0042272277634516,0.2562043855406925,0.1453507792288299,0.2935256218193732,14.830733333333333,12.4307333333333,11.1343333333333,11.3091,12.2949666666667,12.0341,15.0485666666667,17.8985
2018-04-01,УКРГАЗБАНК,0.0042242824790536,0.0652246256847506,0.0655123640465483,0.0011751319257821,0.005839959587952,0.0450339760273291,0.2724812957325175,0.2090061732113049,14.830733333333333,12.4307333333333,11.1343333333333,11.3091,12.2949666666667,12.0341,15.0485666666667,17.8985
2018-04-01,УКРЕКСІМБАНК,0.0012266355029651,0.0344732717772016,0.0324921735728737,0.0005825831617096,0.0017831270224448,0.123882299211107,0.1801583761700492,0.2561070259584517,14.830733333333333,12.4307333333333,11.1343333333333,11.3091,12.2949666666667,12.0341,15.0485666666667,17.8985
2018-07-01,ОЩАДБАНК,0.0077922492468168,0.1012018417033002,0.0395753041603649,0.0025741199698031,0.0056271766695459,0.1451881237593733,0.3399112298642359,0.3056197433439162,15.552266666666668,14.8307333333333,12.4307333333333,11.1343333333333,11.3091,12.2949666666667,12.0341,15.0485666666667
2018-07-01,ПРИВАТБАНК,0.0066883949486284,0.0574048853839642,0.0441360093879791,0.007999676674321,0.0072494682733766,0.2290762517862465,0.1563175376717822,0.30111083823099,15.552266666666668,14.8307333333333,12.4307333333333,11.1343333333333,11.3091,12.2949666666667,12.0341,15.0485666666667
2018-07-01,УКРГАЗБАНК,0.006032748054741,0.0622687737982202,0.0582455042819301,0.0019279247845049,0.0095412940999469,0.042224343134389,0.340513482629817,0.2259592242596156,15.552266666666668,14.8307333333333,12.4307333333333,11.1343333333333,11.3091,12.2949666666667,12.0341,15.0485666666667
2018-07-01,УКРЕКСІМБАНК,0.0049646193702195,0.0384365664652016,0.0263801291323814,0.0009750677730122,0.0020632343751026,0.1096223788103463,0.1917938294044213,0.272404940604842,15.552266666666668,14.8307333333333,12.4307333333333,11.1343333333333,11.3091,12.2949666666667,12.0341,15.0485666666667
2018-10-01,ОЩАДБАНК,0.0078311110144362,0.0473937562748022,0.0433729980382514,0.0031634608063787,0.0013526226264211,0.1384718363097561,0.2495190486836311,0.3234616710758165,16.915233333333333,15.5522666666667,14.8307333333333,12.4307333333333,11.1343333333333,11.3091,12.2949666666667,12.0341
2018-10-01,ПРИВАТБАНК,0.0061073614959129,0.0596437899434319,0.044042375928162,0.0087370374914824,0.0076112290838485,0.2331064719108808,0.1675622529653948,0.3064323705249342,16.915233333333333,15.5522666666667,14.8307333333333,12.4307333333333,11.1343333333333,11.3091,12.2949666666667,12.0341
2018-10-01,УКРГАЗБАНК,0.0064184627860093,0.0616801388957663,0.0705988157656684,0.0021815254566194,0.0086864279357213,0.0425711765735278,0.3111284567661223,0.2302955655486298,16.915233333333333,15.5522666666667,14.8307333333333,12.4307333333333,11.1343333333333,11.3091,12.2949666666667,12.0341
2018-10-01,УКРЕКСІМБАНК,0.0029474199037531,0.0355969840941388,0.0248417878261864,0.001013337322264,0.0026712824510821,0.1090005684909235,0.1782799584796602,0.2579449306434806,16.915233333333333,15.5522666666667,14.8307333333333,12.4307333333333,11.1343333333333,11.3091,12.2949666666667,12.0341
2019-01-01,ОЩАДБАНК,0.0078970176233785,0.045336557092169,0.0400371733742928,0.0032307263271522,0.0030995056877304,0.1361514436765875,0.2341463643233681,0.3199410808169327,17.550566666666665,16.9152333333333,15.5522666666667,14.8307333333333,12.4307333333333,11.1343333333333,11.3091,12.2949666666667
2019-01-01,ПРИВАТБАНК,0.0060740122471005,0.054424273529761,0.0453348459201809,0.0064531608657084,0.0109323270005012,0.2374100672607873,0.1658388480464239,0.3035501229104074,17.550566666666665,16.9152333333333,15.5522666666667,14.8307333333333,12.4307333333333,11.1343333333333,11.3091,12.2949666666667
2019-01-01,УКРГАЗБАНК,0.0068433783530133,0.0608490608262374,0.0685439361181815,0.0023198846327049,0.0093442601485387,0.0426351446681522,0.2418556794482566,0.2345137246481473,17.550566666666665,16.9152333333333,15.5522666666667,14.8307333333333,12.4307333333333,11.1343333333333,11.3091,12.2949666666667
2019-01-01,УКРЕКСІМБАНК,0.0031642026407748,0.0360243329271759,0.0219587956332566,0.0010996135661665,0.0022464905850815,0.1066607776515482,0.1587814302649659,0.2403336773277729,17.550566666666665,16.9152333333333,15.5522666666667,14.8307333333333,12.4307333333333,11.1343333333333,11.3091,12.2949666666667
2019-04-01,ОЩАДБАНК,0.0198777964624674,0.0638377598147568,0.0410735428814806,0.0031478681281286,0.0138267730709053,0.1348849609333335,0.2445639110023788,0.3197670457449303,16.2205,17.5505666666667,16.9152333333333,15.5522666666667,14.8307333333333,12.4307333333333,11.1343333333333,11.3091
2019-04-01,ПРИВАТБАНК,0.0080499049134421,0.0661946118763927,0.0436875951555501,0.0079404259044826,0.0095377919780928,0.244090511668014,0.1766964038195595,0.3167806471286259,16.2205,17.5505666666667,16.9152333333333,15.5522666666667,14.8307333333333,12.4307333333333,11.1343333333333,11.3091
2019-04-01,УКРГАЗБАНК,0.0088627842028053,0.0620975317960668,0.0575527712486117,0.0023568277536552,0.0077190490225319,0.0437378571024642,0.2576593190953828,0.2054230077749398,16.2205,17.5505666666667,16.9152333333333,15.5522666666667,14.8307333333333,12.4307333333333,11.1343333333333,11.3091
2019-04-01,УКРЕКСІМБАНК,0.002912988056577,0.0374181400247233,0.0221985718965569,0.0009910303716543,0.0019926853210013,0.1080538293081215,0.1456677547956708,0.221090467078188,16.2205,17.5505666666667,16.9152333333333,15.5522666666667,14.8307333333333,12.4307333333333,11.1343333333333,11.3091
2019-07-01,ОЩАДБАНК,0.0040015811611444,0.0663582698075073,0.0484442895615098,0.0037068265206391,5.179370879387031e-05,0.1326437830328568,0.230487912857234,0.2982537903631569,16.029366666666665,16.2205,17.5505666666667,16.9152333333333,15.5522666666667,14.8307333333333,12.4307333333333,11.1343333333333
2019-07-01,ПРИВАТБАНК,0.006499491299493,0.0647678099899627,0.0461325579743642,0.0086363956341803,0.0096597647524239,0.2454064869817857,0.1630822223486468,0.3026970588661394,16.029366666666665,16.2205,17.5505666666667,16.9152333333333,15.5522666666667,14.8307333333333,12.4307333333333,11.1343333333333
2019-07-01,УКРГАЗБАНК,0.0069680694535215,0.0604287031990449,0.053914127693004,0.0025803712476424,0.0079258810630165,0.0460142895856608,0.3051888014261767,0.2746088152498827,16.029366666666665,16.2205,17.5505666666667,16.9152333333333,15.5522666666667,14.8307333333333,12.4307333333333,11.1343333333333
2019-07-01,УКРЕКСІМБАНК,0.0037961297003169,0.0378987134804371,0.0313776480830068,0.0010476904206534,0.0017892656736578,0.1057345119517093,0.1480208974332948,0.2332079843267985,16.029366666666665,16.2205,17.5505666666667,16.9152333333333,15.5522666666667,14.8307333333333,12.4307333333333,11.1343333333333
2019-10-01,ОЩАДБАНК,0.0083809982978951,0.064737779129174,0.0489762723669415,0.0035215601091538,0.0042013399538254,0.1341853255598121,0.2116289100894734,0.2953916744641085,15.4799,16.0293666666667,16.2205,17.5505666666667,16.9152333333333,15.5522666666667,14.8307333333333,12.4307333333333
2019-10-01,ПРИВАТБАНК,0.0063282943409781,0.0791293549546644,0.0497822916407224,0.0086723015356694,0.0093470569323558,0.2464628561573539,0.1459802119906352,0.2864200873834737,15.4799,16.0293666666667,16.2205,17.5505666666667,16.9152333333333,15.5522666666667,14.8307333333333,12.4307333333333
2019-10-01,УКРГАЗБАНК,0.0060341579044956,0.0539312500504121,0.0597368098622013,0.0022416460112797,0.0065495053040098,0.0538213581202294,0.2783877131036943,0.2070951172000192,15.4799,16.0293666666667,16.2205,17.5505666666667,16.9152333333333,15.5522666666667,14.8307333333333,12.4307333333333
2019-10-01,УКРЕКСІМБАНК,0.0029948176244547,0.0401992569063365,0.0298431849367577,0.0011388017907465,0.0041759720569792,0.1001281541245239,0.1236126214187644,0.213405133549991,15.4799,16.0293666666667,16.2205,17.5505666666667,16.9152333333333,15.5522666666667,14.8307333333333,12.4307333333333
2020-01-01,ОЩАДБАНК,0.0093985955702685,0.0677325509353029,0.0449081282074867,0.0037546259853114,0.004765746659066,0.1304030663503504,0.2240206423497183,0.3050096097177938,13.035166666666669,15.4799,16.0293666666667,16.2205,17.5505666666667,16.9152333333333,15.5522666666667,14.8307333333333
2020-01-01,ПРИВАТБАНК,0.0068720818278898,0.0924754296960624,0.0483369880935862,0.008859873869188,0.0091563063854451,0.2484065434663396,0.1476738044214503,0.2686673216588697,13.035166666666669,15.4799,16.0293666666667,16.2205,17.5505666666667,16.9152333333333,15.5522666666667,14.8307333333333
2020-01-01,УКРГАЗБАНК,0.0060157354634704,0.0585221713828721,0.0551877143285176,0.0026452916218022,0.0075197974533034,0.0542734010370078,0.3510247283797802,0.2053170314578281,13.035166666666669,15.4799,16.0293666666667,16.2205,17.5505666666667,16.9152333333333,15.5522666666667,14.8307333333333
2020-01-01,УКРЕКСІМБАНК,0.0032131401938805,0.0495048494052616,0.0258652281882971,0.0011267795878937,0.0031848081774328,0.095578298856582,0.1073566854455462,0.1968296096928113,13.035166666666669,15.4799,16.0293666666667,16.2205,17.5505666666667,16.9152333333333,15.5522666666667,14.8307333333333
2020-04-01,ОЩАДБАНК,0.0086680876087765,0.0623038022015968,0.0913475389501527,0.0038125611157041,0.0043512955674604,0.1417112381236642,0.2186295386421176,0.2430782000401838,9.1727,13.0351666666667,15.4799,16.0293666666667,16.2205,17.5505666666667,16.9152333333333,15.5522666666667
2020-04-01,ПРИВАТБАНК,0.0089316762305567,0.1066080260645863,0.0529072446179437,0.0082425217550806,0.009195100903999,0.245581515349273,0.1664005351596472,0.252405372951883,9.1727,13.0351666666667,15.4799,16.0293666666667,16.2205,17.5505666666667,16.9152333333333,15.5522666666667
2020-04-01,УКРГАЗБАНК,0.0070055609548185,0.0618123252109299,0.073929228551055,0.0021062949167777,0.002851276570246,0.0609729590240379,0.3517314237283716,0.1691143544624491,9.1727,13.0351666666667,15.4799,16.0293666666667,16.2205,17.5505666666667,16.9152333333333,15.5522666666667
2020-04-01,УКРЕКСІМБАНК,0.0047162688181314,0.0470754022612016,0.0310374973857811,0.0010300780702265,-0.0007441115124942,0.0905358469144361,0.1244219412719793,0.1836805549813146,9.1727,13.0351666666667,15.4799,16.0293666666667,16.2205,17.5505666666667,16.9152333333333,15.5522666666667
2020-07-01,ОЩАДБАНК,0.0087273772350252,0.0712272615550269,0.0593842336281619,0.0031959602066471,0.0054714969412833,0.1323161175912753,0.2116246850774993,0.2539977469369362,6.243133333333333,9.1727,13.0351666666667,15.4799,16.0293666666667,16.2205,17.5505666666667,16.9152333333333
2020-07-01,ПРИВАТБАНК,0.0072115459608695,0.1015375355275853,0.0488693308909067,0.006655463317315,0.0093909026479114,0.2465713353069866,0.1791995695443245,0.2666733694451004,6.243133333333333,9.1727,13.0351666666667,15.4799,16.0293666666667,16.2205,17.5505666666667,16.9152333333333
2020-07-01,УКРГАЗБАНК,0.0051513741456122,0.0539750299741553,0.0583980153794537,0.0018458331347506,0.0044663736988651,0.0630248306736621,0.3745721219571252,0.2366768172885771,6.243133333333333,9.1727,13.0351666666667,15.4799,16.0293666666667,16.2205,17.5505666666667,16.9152333333333
2020-07-01,УКРЕКСІМБАНК,0.0028315767209844,0.0258211814039304,0.039207195186081,0.0008362191629901,0.0008041867299137,0.0925463158095203,0.1205038212358862,0.1860662663367259,6.243133333333333,9.1727,13.0351666666667,15.4799,16.0293666666667,16.2205,17.5505666666667,16.9152333333333
2020-10-01,ОЩАДБАНК,0.0117684272386172,0.086484022412238,0.0494293080903148,0.0042057571163634,0.0088342613392744,0.1130514806985841,0.2503210801332114,0.3404275286095296,5.0806,6.24313333333333,9.1727,13.0351666666667,15.4799,16.0293666666667,16.2205,17.5505666666667
2020-10-01,ПРИВАТБАНК,0.0071120497996643,0.0768133642099909,0.0476820191939124,0.0077621386034258,0.0089181613688611,0.2418488876963688,0.1669812142456214,0.2863100695952813,5.0806,6.24313333333333,9.1727,13.0351666666667,15.4799,16.0293666666667,16.2205,17.5505666666667
2020-10-01,УКРГАЗБАНК,0.0051347399620321,0.05765378304611,0.0577922888939396,0.001910176205821,0.0042793403589885,0.0664237543993038,0.4167987696099584,0.2688338065556884,5.0806,6.24313333333333,9.1727,13.0351666666667,15.4799,16.0293666666667,16.2205,17.5505666666667
2020-10-01,УКРЕКСІМБАНК,0.0033582712992473,0.0289091660383159,0.0233454027312355,0.0008807643891652,0.0009805961551435,0.0967053927624624,0.1744928524603978,0.1904602393155632,5.0806,6.24313333333333,9.1727,13.0351666666667,15.4799,16.0293666666667,16.2205,17.5505666666667
2021-01-01,ОЩАДБАНК,0.0127620847979307,0.0900862612085343,0.0550722339614291,0.0056136369652595,0.0077906047392358,0.1088153128026302,0.2532605834942087,0.3396738662435865,5.242566666666666,5.0806,6.24313333333333,9.1727,13.0351666666667,15.4799,16.0293666666667,16.2205
2021-01-01,ПРИВАТБАНК,0.0078582113334045,0.0896761241161899,0.0466290433603379,0.0096937007461295,0.0095353896812267,0.2332721771408387,0.1987590666750603,0.2971706991254481,5.242566666666666,5.0806,6.24313333333333,9.1727,13.0351666666667,15.4799,16.0293666666667,16.2205
2021-01-01,УКРГАЗБАНК,0.0052104512600314,0.0561308609249537,0.0650532426800009,0.0020328029871395,0.0047806166888015,0.0666014494795969,0.4404650951511492,0.2750393488493091,5.242566666666666,5.0806,6.24313333333333,9.1727,13.0351666666667,15.4799,16.0293666666667,16.2205
2021-01-01,УКРЕКСІМБАНК,0.0062707444715636,0.0527495337688013,0.0262617270317602,0.0008766640956107,0.0021028328947066,0.09528432850021,0.2610555753823037,0.2332405083176282,5.242566666666666,5.0806,6.24313333333333,9.1727,13.0351666666667,15.4799,16.0293666666667,16.2205
2021-04-01,ОЩАДБАНК,0.0128837132597715,0.0797724072715456,0.0607005069080282,0.0052720527840603,0.0097771505088586,0.1082400509442317,0.3003852090739073,0.3726115381276158,5.2969,5.24256666666667,5.0806,6.24313333333333,9.1727,13.0351666666667,15.4799,16.0293666666667
2021-04-01,ПРИВАТБАНК,0.0104785573537663,0.0957271450749061,0.0481701649085884,0.0091635142957389,0.0108624411648755,0.2208639047166965,0.2495109501196868,0.347268807052753,5.2969,5.24256666666667,5.0806,6.24313333333333,9.1727,13.0351666666667,15.4799,16.0293666666667
2021-04-01,УКРГАЗБАНК,0.0068490360171147,0.0557319843126025,0.0571282608107448,0.0023470724124551,0.0085383861440191,0.059139693356103,0.4050878039425239,0.2942263764019134,5.2969,5.24256666666667,5.0806,6.24313333333333,9.1727,13.0351666666667,15.4799,16.0293666666667
2021-04-01,УКРЕКСІМБАНК,0.0006534535872793,0.041718236108478,0.0237931549374225,0.000906353925377,0.0028544130880484,0.0941724364699733,0.2865250050953059,0.2265800464644685,5.2969,5.24256666666667,5.0806,6.24313333333333,9.1727,13.0351666666667,15.4799,16.0293666666667
2021-07-01,ОЩАДБАНК,0.0104479427154012,0.0763006914211051,0.0599327273691417,0.0051194540757613,0.0105842115925934,0.1115442060180183,0.3111318464001113,0.3564466913185993,6.6282,5.2969,5.24256666666667,5.0806,6.24313333333333,9.1727,13.0351666666667,15.4799
2021-07-01,ПРИВАТБАНК,0.0086019471290094,0.080288314081326,0.0481469699727306,0.0099466905659143,0.0123901670466469,0.2132147140403604,0.2410260198852154,0.3416438617872338,6.6282,5.2969,5.24256666666667,5.0806,6.24313333333333,9.1727,13.0351666666667,15.4799
2021-07-01,УКРГАЗБАНК,0.0060701849332774,0.0621981978907633,0.0584053174992053,0.0026161839341485,0.009258835887754,0.0534760271458288,0.3767719821504942,0.2761999615836638,6.6282,5.2969,5.24256666666667,5.0806,6.24313333333333,9.1727,13.0351666666667,15.4799
2021-07-01,УКРЕКСІМБАНК,0.0025747336214472,0.0430660749483702,0.0482368419036031,0.0009873922989701,0.003856722433541,0.0945450016675546,0.2675395447548461,0.2113044044734159,6.6282,5.2969,5.24256666666667,5.0806,6.24313333333333,9.1727,13.0351666666667,15.4799
2021-10-01,ОЩАДБАНК,0.0125882157884249,0.0801796875501556,0.0659767317607857,0.0063092269427913,0.0120705617447335,0.1063391194652281,0.290810320846983,0.324747171633643,7.430266666666667,6.6282,5.2969,5.24256666666667,5.0806,6.24313333333333,9.1727,13.0351666666667
2021-10-01,ПРИВАТБАНК,0.0080789424096574,0.0865723849574762,0.0500163910272331,0.0109257879635781,0.0135397623922801,0.2177161946424541,0.2164400185529071,0.3301108640547219,7.430266666666667,6.6282,5.2969,5.24256666666667,5.0806,6.24313333333333,9.1727,13.0351666666667
2021-10-01,УКРГАЗБАНК,0.0063063292093281,0.0715142235218786,0.067620409458023,0.0030306914491504,0.0108292212030922,0.0513035099665283,0.3046875470803888,0.251760693201475,7.430266666666667,6.6282,5.2969,5.24256666666667,5.0806,6.24313333333333,9.1727,13.0351666666667
2021-10-01,УКРЕКСІМБАНК,0.002736567851321,0.0465107831850111,0.0371693065396859,0.0014596682938201,0.0053268498470127,0.0960459889249755,0.2568998833250486,0.2149052838392581,7.430266666666667,6.6282,5.2969,5.24256666666667,5.0806,6.24313333333333,9.1727,13.0351666666667
2022-01-01,ОЩАДБАНК,0.0119556997128387,0.0897451341824705,0.0662739772348479,0.0064263233153354,0.0133296210380823,0.0893186245005425,0.3024440783429067,0.3314870446279113,7.771633333333334,7.43026666666667,6.6282,5.2969,5.24256666666667,5.0806,6.24313333333333,9.1727
2022-01-01,ПРИВАТБАНК,0.0089948742378717,0.1007006570325717,0.0491083350889089,0.0111326120328381,0.0145025378806462,0.2039119437208108,0.228684700605388,0.3296929405862341,7.771633333333334,7.43026666666667,6.6282,5.2969,5.24256666666667,5.0806,6.24313333333333,9.1727
2022-01-01,УКРГАЗБАНК,0.0069137131977934,0.0845747897785798,0.0604805570556749,0.0034235156596732,0.0107017387414498,0.0462917662803974,0.264878412778564,0.1951130237928903,7.771633333333334,7.43026666666667,6.6282,5.2969,5.24256666666667,5.0806,6.24313333333333,9.1727
2022-01-01,УКРЕКСІМБАНК,0.0030856841649018,0.0530712207477088,0.0347937802683244,0.0015634370202764,0.0062858378801581,0.0821463892083336,0.2643736473154509,0.2257698982688371,7.771633333333334,7.43026666666667,6.6282,5.2969,5.24256666666667,5.0806,6.24313333333333,9.1727
2022-04-01,ОЩАДБАНК,0.0125904473202459,0.0908367558541429,0.0652661512770448,0.0059938549937514,0.0167377717575223,0.0871594488114667,0.312535102517318,0.3648735562090499,9.087233333333332,7.77163333333333,7.43026666666667,6.6282,5.2969,5.24256666666667,5.0806,6.24313333333333
2022-04-01,ПРИВАТБАНК,0.0137224262059457,0.1184271674041951,0.0555398143708372,0.0101467926981238,0.0149919947840946,0.202584209824063,0.2415811997994644,0.3577278410386346,9.087233333333332,7.77163333333333,7.43026666666667,6.6282,5.2969,5.24256666666667,5.0806,6.24313333333333
2022-04-01,УКРГАЗБАНК,0.0122420864845156,0.0908324684734894,0.0523292434134458,0.0033969389341974,0.0110698693055673,0.0446873806512635,0.253186498623321,0.1861935920513549,9.087233333333332,7.77163333333333,7.43026666666667,6.6282,5.2969,5.24256666666667,5.0806,6.24313333333333
2022-04-01,УКРЕКСІМБАНК,0.004978065423548,0.0587279040854145,0.03537552705697,0.0015578696754557,0.006366079821779,0.0744059123034976,0.2538455280978267,0.2333188111686027,9.087233333333332,7.77163333333333,7.43026666666667,6.6282,5.2969,5.24256666666667,5.0806,6.24313333333333
2022-07-01,ОЩАДБАНК,0.0167455288457529,0.0764161402492089,0.0691659650585479,0.0037343944981563,0.0121620934648474,0.0937177671628379,0.3226111446119611,0.3489938886386656,13.666666666666666,9.08723333333333,7.77163333333333,7.43026666666667,6.6282,5.2969,5.24256666666667,5.0806
2022-07-01,ПРИВАТБАНК,0.008921426842211,0.068519415916927,0.0516861057039735,0.005449777822167,0.0113592036683144,0.2165197701553355,0.2444617791163651,0.3588610011972001,13.666666666666666,9.08723333333333,7.77163333333333,7.43026666666667,6.6282,5.2969,5.24256666666667,5.0806
2022-07-01,УКРГАЗБАНК,0.0082585654696647,0.0739467733013619,0.0653992283959739,0.0022005103443032,0.0115916723597621,0.0463636761398919,0.2595489605024965,0.1926832726671334,13.666666666666666,9.08723333333333,7.77163333333333,7.43026666666667,6.6282,5.2969,5.24256666666667,5.0806
2022-07-01,УКРЕКСІМБАНК,0.002548976296022,0.0493628036597173,0.0354899022290185,0.0010709207657559,0.0068688601406042,0.0759190652095823,0.2355505347983771,0.2444261428454743,13.666666666666666,9.08723333333333,7.77163333333333,7.43026666666667,6.6282,5.2969,5.24256666666667,5.0806
2022-10-01,ОЩАДБАНК,0.0146763478350376,0.0806579880216275,0.0577653934185321,0.0061207563983754,0.0130535130672578,0.0880721930355318,0.2543924225951448,0.3418549933425956,23.014166666666668,13.6666666666667,9.08723333333333,7.77163333333333,7.43026666666667,6.6282,5.2969,5.24256666666667
2022-10-01,ПРИВАТБАНК,0.0071246135235397,0.1104109892202918,0.0413530284592852,0.0071897225830787,0.014139241971545,0.2340652056057746,0.2720908448556158,0.323738609091312,23.014166666666668,13.6666666666667,9.08723333333333,7.77163333333333,7.43026666666667,6.6282,5.2969,5.24256666666667
2022-10-01,УКРГАЗБАНК,0.0062728882314074,0.0540478673844997,0.0577750784064811,0.0026819618727437,0.0075002041230725,0.0511528430980372,0.1748895430200097,0.1519398958371951,23.014166666666668,13.6666666666667,9.08723333333333,7.77163333333333,7.43026666666667,6.6282,5.2969,5.24256666666667
2022-10-01,УКРЕКСІМБАНК,0.0026850151429984,0.0379684637998363,0.0342946320523553,0.0010992507050499,0.0037813592393904,0.0816463404541733,0.1659046749281192,0.1950992599471843,23.014166666666668,13.6666666666667,9.08723333333333,7.77163333333333,7.43026666666667,6.6282,5.2969,5.24256666666667
2023-01-01,ОЩАДБАНК,0.0129639124939131,0.0851248644634723,0.0598209652105934,0.0069307572437242,0.0167350120210459,0.0888604470220061,0.2647376658296499,0.3235576186153031,22.980866666666667,23.0141666666667,13.6666666666667,9.08723333333333,7.77163333333333,7.43026666666667,6.6282,5.2969
2023-01-01,ПРИВАТБАНК,0.0082830989881045,0.0792398476979522,0.0540560738777884,0.0090583478605109,0.0183197797022629,0.2273921029369066,0.3007416430927587,0.3269240271474908,22.980866666666667,23.0141666666667,13.6666666666667,9.08723333333333,7.77163333333333,7.43026666666667,6.6282,5.2969
2023-01-01,УКРГАЗБАНК,0.0060970966731939,0.040321863645416,0.0560226673232586,0.0034757111537926,0.0057638303174004,0.0503011451596831,0.1852341423101959,0.1360683605979087,22.980866666666667,23.0141666666667,13.6666666666667,9.08723333333333,7.77163333333333,7.43026666666667,6.6282,5.2969
2023-01-01,УКРЕКСІМБАНК,0.0035719952565019,0.0120675859679942,0.0349920089105144,0.0012549223782232,0.0020237959211468,0.082731205232434,0.1851967874571573,0.1869956439427644,22.980866666666667,23.0141666666667,13.6666666666667,9.08723333333333,7.77163333333333,7.43026666666667,6.6282,5.2969
2023-04-01,ОЩАДБАНК,0.013017723816087,0.0776461865889532,0.081065083829504,0.0055939790056416,0.0154902141735182,0.0930541910910397,0.2894200565698273,0.3154026243007697,23.0,22.9808666666667,23.0141666666667,13.6666666666667,9.08723333333333,7.77163333333333,7.43026666666667,6.6282
2023-04-01,ПРИВАТБАНК,0.0083984798877428,0.0842102508201365,0.0786201501012627,0.0082014018447229,0.0190576794950416,0.2257239370868212,0.3007265044864021,0.3218094987289917,23.0,22.9808666666667,23.0141666666667,13.6666666666667,9.08723333333333,7.77163333333333,7.43026666666667,6.6282
2023-04-01,УКРГАЗБАНК,0.0075986867836954,0.0498324192019046,0.0743773746186503,0.0013781684301767,0.0084929192449074,0.0448992126722897,0.209486616384425,0.1666136360322828,23.0,22.9808666666667,23.0141666666667,13.6666666666667,9.08723333333333,7.77163333333333,7.43026666666667,6.6282
2023-04-01,УКРЕКСІМБАНК,0.0032281546288275,0.0137500474822332,0.0440393632341824,0.0014451827376875,0.0022357768708504,0.0819402976204563,0.1886267289621017,0.1904824953393402,23.0,22.9808666666667,23.0141666666667,13.6666666666667,9.08723333333333,7.77163333333333,7.43026666666667,6.6282
2023-07-01,ОЩАДБАНК,0.0129055138432313,0.0785274147539799,0.1149456565293819,0.0052890963233041,0.0142229085489857,0.0922948050448402,0.2669583355039218,0.2982038884913285,20.0,23.0,22.9808666666667,23.0141666666667,13.6666666666667,9.08723333333333,7.77163333333333,7.43026666666667
2023-07-01,ПРИВАТБАНК,0.007868078444306,0.0849793558414533,0.1044354959661766,0.0077768239233578,0.0186376855016737,0.2228068402191028,0.285040342027597,0.3194011551286509,20.0,23.0,22.9808666666667,23.0141666666667,13.6666666666667,9.08723333333333,7.77163333333333,7.43026666666667
2023-07-01,УКРГАЗБАНК,0.0066863691526478,0.054473946455728,0.066084347567115,0.0018699408469528,0.0082470147124009,0.0492009621321091,0.3068457863214313,0.1651113868133562,20.0,23.0,22.9808666666667,23.0141666666667,13.6666666666667,9.08723333333333,7.77163333333333,7.43026666666667
2023-07-01,УКРЕКСІМБАНК,0.0031852248572759,0.017650446184806,0.0590954449753853,0.0008276143157194,0.0036416563886758,0.0811195692370174,0.231172996853428,0.2103055243774587,20.0,23.0,22.9808666666667,23.0141666666667,13.6666666666667,9.08723333333333,7.77163333333333,7.43026666666667
2023-10-01,ОЩАДБАНК,0.0108127666574443,0.0908602165077906,0.1138261803127944,0.0050944576689561,0.0138069345888638,0.0942786310270359,0.2789987486987067,0.2848127254785532,17.333333333333332,20.0,23.0,22.9808666666667,23.0141666666667,13.6666666666667,9.08723333333333,7.77163333333333
2023-10-01,ПРИВАТБАНК,0.007929141966469,0.0962599319337072,0.1052079359718238,0.0076460362136935,0.0192360002300542,0.2192696074521984,0.2856070742070045,0.2935920865186101,17.333333333333332,20.0,23.0,22.9808666666667,23.0141666666667,13.6666666666667,9.08723333333333,7.77163333333333
2023-10-01,УКРГАЗБАНК,0.006272237163374,0.0645650376888513,0.0818349994601174,0.0018303009708979,0.0116321968746199,0.0481097730260072,0.308832057804954,0.1934925001742945,17.333333333333332,20.0,23.0,22.9808666666667,23.0141666666667,13.6666666666667,9.08723333333333,7.77163333333333
2023-10-01,УКРЕКСІМБАНК,0.0027820946475486,0.0204974838831624,0.0770940220981328,0.0010327894517482,0.0045669245224491,0.0783650329800519,0.2318179599224873,0.2200531363748445,17.333333333333332,20.0,23.0,22.9808666666667,23.0141666666667,13.6666666666667,9.08723333333333,7.77163333333333
2024-01-01,ОЩАДБАНК,0.0113976795815272,0.1024107278966555,0.1112281365029565,0.0049626392470935,0.0139443050864555,0.0955863742598112,0.2863453997902481,0.2890960171754178,15.666666666666666,17.3333333333333,20.0,23.0,22.9808666666667,23.0141666666667,13.6666666666667,9.08723333333333
2024-01-01,ПРИВАТБАНК,0.0073956174153984,0.1098840794114747,0.1005648089485394,0.0081037667857951,0.019491169662969,0.2239562443635352,0.3056586904199085,0.2914483909256231,15.666666666666666,17.3333333333333,20.0,23.0,22.9808666666667,23.0141666666667,13.6666666666667,9.08723333333333
2024-01-01,УКРГАЗБАНК,0.0063188157885722,0.0702403678129902,0.0549518513865208,0.0019064770797199,0.0112364359679936,0.0477646561181502,0.3676378566534896,0.2200100833168741,15.666666666666666,17.3333333333333,20.0,23.0,22.9808666666667,23.0141666666667,13.6666666666667,9.08723333333333
2024-01-01,УКРЕКСІМБАНК,0.0037055548554145,0.030147131711505,0.0389713358258652,0.0012121232020641,0.0058617602778425,0.0711332529959845,0.2875527780720679,0.2200515620385215,15.666666666666666,17.3333333333333,20.0,23.0,22.9808666666667,23.0141666666667,13.6666666666667,9.08723333333333
2024-04-01,ОЩАДБАНК,0.0131798290034224,0.0764883981029069,0.1051354952386137,0.0045844485283136,0.0141692373913564,0.0951340852955827,0.3298462041966844,0.2903044338625595,14.833333333333334,15.6666666666667,17.3333333333333,20.0,23.0,22.9808666666667,23.0141666666667,13.6666666666667
2024-04-01,ПРИВАТБАНК,0.0080673137037607,0.1028777583845967,0.10169067703668,0.0076451795745881,0.0190272799104835,0.2205214838118501,0.3272058987050036,0.2978225359538627,14.833333333333334,15.6666666666667,17.3333333333333,20.0,23.0,22.9808666666667,23.0141666666667,13.6666666666667
2024-04-01,УКРГАЗБАНК,0.0065765265753452,0.063236063516318,0.0701598164201754,0.0015001847268667,0.011537732560804,0.0480671903877802,0.3764664859555647,0.232385180523827,14.833333333333334,15.6666666666667,17.3333333333333,20.0,23.0,22.9808666666667,23.0141666666667,13.6666666666667
2024-04-01,УКРЕКСІМБАНК,0.0033601697308502,0.0324403994231851,0.0621046319318085,0.0011226805809943,0.0060191423699625,0.0714156226478808,0.2791637246884692,0.2060836413850737,14.833333333333334,15.6666666666667,17.3333333333333,20.0,23.0,22.9808666666667,23.0141666666667,13.6666666666667
2024-07-01,ОЩАДБАНК,0.0107538845046851,0.0839585285855593,0.0994368607550794,0.0044025507278144,0.0137298627981556,0.100763156996591,0.3423908689098389,0.2836277971857842,13.333333333333334,14.8333333333333,15.6666666666667,17.3333333333333,20.0,23.0,22.9808666666667,23.0141666666667
2024-07-01,ПРИВАТБАНК,0.0072093046125322,0.0984992488880524,0.1044461434875005,0.0079197864631915,0.018459685909172,0.2148931537374557,0.3149106656353713,0.3012794409946799,13.333333333333334,14.8333333333333,15.6666666666667,17.3333333333333,20.0,23.0,22.9808666666667,23.0141666666667
2024-07-01,УКРГАЗБАНК,0.0062844377148674,0.0758178896133694,0.0755589953075109,0.0016813078364104,0.0123853284589094,0.0478332698698881,0.4011146846453034,0.2408257972899857,13.333333333333334,14.8333333333333,15.6666666666667,17.3333333333333,20.0,23.0,22.9808666666667,23.0141666666667
2024-07-01,УКРЕКСІМБАНК,0.0029207664502856,0.0379625367435829,0.0919056797529695,0.0011165980356498,0.0063343042089084,0.072400818001092,0.2681475776796867,0.2033919868241875,13.333333333333334,14.8333333333333,15.6666666666667,17.3333333333333,20.0,23.0,22.9808666666667,23.0141666666667
