date,2,101,105,106,113,115,123,126,128,129,133,136,142,143,146,153,171,191,205,206,231,240,241,242,243,251,270,272,274,286,288,290,295,296,297,298,299,305,311,313,317,320,321,325,326,329,331,377,381,386,387,389,392,394,395,402,407,430,455,460,463,512,553,593,634,694,774,513,1,3,6,29,36,43,46,49,62,72,88,91,95,96
2018-03-31,0.0,47814.43937,29394.44844,175565.67689,19722.20418,586315.21798,22532.4337,19132.71095,1693.4256300000002,15560.0925,17694.35691,557451.28149,201778.152,9457.4633,8707.68628,56570.3063,360717.25419,7713.65573,7497.8871500000005,19738.67666,10944.14679,8358.56881,7936.81691,82144.35165,8565.51242,37061.54155,19426.84372,559139.77732,492884.63954,17769.55553,37949.15359,13562.7677,138515.60385,386192.84689,194918.00496,168076.80375,484578.71889,96111.60362,2852.09686,3022.5586000000003,515249.26805,29895.22857,26672.65965,40207.10057,14968.090349999999,13544.39323,16320.68964,10010.37529,12399.66472,10942.9748,10880.88956,25509.310879999997,6754.04583,12916.31965,15992.07802,6860.26542,21065.88016,6337.3088,20764.64266,5836.82443,6440.79876,4732.91393,15470.90531,8368.70074,7043.00419,20549.50562,1621.01412,12267.54932,10.0,0.0,0.0,0.0,0.0,0.0,0.0,0.0,0.0,0.0,0.0,0.0,0.0,0.0
2018-06-30,0.0,63507.663859999986,44906.35049999999,245359.86958,31468.778260000003,930230.2759800002,36670.55726,41050.5951,1101.2840899999999,10221.608019999998,25576.828250000002,893950.3076800001,307026.87402,13943.80614,12631.04907,94678.47993999999,519460.89871999994,9035.185489999998,11716.49122,24295.33972,20247.41581,17304.91147,12196.179409999999,122230.31458,13599.59233,52597.85203,50589.8733,901562.63315,839341.1084899999,30608.30817,17429.439749999998,22021.587779999998,246520.15849,649462.01312,348301.97273,260602.24523000003,687313.5371199999,141974.23817000003,5100.39645,5188.39164,725370.7568200001,35210.98601,2565.3335399999996,27394.67987,14440.16264,20666.3465,27029.487570000005,16216.05009,17244.92831,20039.06479,20083.025700000002,59293.02382999999,12430.174989999998,21608.942170000002,35251.583269999996,9319.24495,32777.68115,9804.273229999999,32226.07493,9333.906200000001,10003.943440000001,7913.11346,28795.75077,18991.81088,12471.09378,25141.846390000002,2937.4473500000004,17691.55478,0.0,0.0,0.0,0.0,0.0,0.0,0.0,0.0,0.0,0.0,0.0,0.0,0.0,0.0
2018-09-30,0.0,81817.09177000001,60919.87416000002,318701.96747,35201.41207,1084889.70323,34644.14273,52655.118619999994,2022.3826,7875.422780000001,24500.98773,977455.4235399999,294695.34187,13848.155150000002,13161.83697,100475.5815,563921.03786,12098.22393,12510.19728,8391.839480000002,21194.01362,17339.17586,9666.151290000002,59647.71920999998,15995.111089999999,54528.4253,54047.78615,881059.4290999998,785545.1514300001,33029.86593,18404.66603,26787.92908,241547.45132,739332.5753000001,363876.45811,269907.69619999995,662639.2093800001,151288.13608,5482.566199999999,5877.73315,-1187324.76267,28201.80863,-483.0323200000016,43706.74905,21037.90973,15693.215949999998,28620.908569999992,16401.16048,20171.44179,27836.824399999998,21244.32176,29832.71763,17176.77546,18856.68728,13727.422990000006,7054.737550000002,31262.87926000001,10129.719180000002,34543.30142,9568.11082,6201.264930000001,9167.132819999999,43668.178190000006,18905.764939999997,13499.049300000002,24748.249209999994,5115.33582,0.0,0.0,0.0,0.0,0.0,0.0,0.0,0.0,0.0,0.0,0.0,0.0,0.0,0.0,0.0
2018-12-31,0.0,82018.91200000001,98941.84448999999,302776.09389,37766.322360000006,1095959.76125,35603.48445999999,53803.69781,342.92377000000033,7049.125820000001,25097.140920000005,1063900.3188,342918.7130600001,13130.19425,10273.362690000002,103675.90336000003,591184.64023,12740.806809999998,12904.895080000002,14196.465640000002,26564.435020000004,16286.78978,14735.753539999998,140745.17111,14893.789770000003,55216.21181000001,40701.89941,1071329.8324000002,868309.4669300001,37354.0111,20600.527740000005,23804.476509999993,280974.56209,834911.0333099999,409894.7778200001,281884.72887,710875.2860300001,139176.85296999995,9089.954690000002,6181.65835,59045.825500000006,29507.47623,-2648.5869299999977,63141.06099000001,19314.263809999997,18030.635380000007,28462.30655000001,15037.82256,19958.492339999997,30003.512220000004,21907.629969999995,24284.08097000001,24229.103479999998,17737.44055,13813.541149999997,4698.545569999998,36520.96402,2815.0123499999972,38989.035449999996,6604.387159999998,0.0,9555.33508,27266.68187,11461.33769,13036.47079,34676.74506,5912.05646,0.0,0.0,0.0,0.0,0.0,0.0,0.0,0.0,0.0,0.0,0.0,0.0,0.0,0.0,0.0
2019-03-31,11.0,83481.25216,70975.04637,343066.1512199999,40280.1542,1215788.5221799996,33856.56167000002,31318.62462000001,-4.15150000000088,-875.1707999999971,21955.228189999987,1125560.3463599999,350957.3748099999,9103.451669999997,9207.414869999997,104682.72876999999,698850.90702,11430.691070000004,16679.31295,-12168.718950000004,29366.85325,20054.50022,17061.100020000005,180131.23979999998,15610.26166,59400.39396999999,71027.54855000002,1064570.61467,727342.3024399998,36232.00539,27612.731599999992,28822.003500000003,298592.23907999997,906786.2899499999,499367.04769000004,257991.9437800001,687407.8954299999,141090.0031,4970.089369999998,6229.776860000002,-42968.61318000001,31716.91698000001,0.0,66624.05283999999,22538.2917,17546.000829999997,26686.020080000002,15150.581379999998,21024.83834,30278.48058,24554.844940000006,36690.918549999995,31012.862710000005,23907.464270000004,14781.343620000003,3606.9687600000016,41170.48257000001,0.0,38135.34345999999,6134.074450000004,0.0,9419.50081,19979.745509999997,10385.221690000004,12606.117220000002,33749.13675,4063.3404600000003,0.0,0.0,0.0,0.0,0.0,0.0,0.0,0.0,0.0,0.0,0.0,0.0,0.0,0.0,0.0
2019-06-30,0.0,89377.50461999999,63602.477589999995,292090.76878999994,38808.34662,1241848.31178,33716.45381,31042.6855699999,938.3425500000005,7357.69276,22770.635390000003,1110183.1189700002,390902.8138,8032.3843799999995,8061.701550000001,98890.88567000002,607051.8149,9882.519820000001,13776.871290000001,-7940.164590000011,29463.227589999995,22658.07002,15735.763110000002,235489.15448000003,15029.303350000002,53616.50481,28740.32002,970156.12139,776281.1813500002,34511.23939,34005.652010000005,28650.666500000007,260190.87991000002,890573.9288599999,483715.29351,308406.32789,688900.38565,159997.82892,4303.13912,6190.49669,438.00653999999986,35474.544669999996,0.0,60506.152859999995,19187.805160000004,19044.943489999998,27547.79299,13545.47704,21218.949600000004,30193.213910000002,26695.77148,37974.89962999999,32801.18097,23461.753940000002,16204.438150000002,2133.0779700000003,35991.09881,0.0,33728.57516,7857.711139999999,0.0,9173.46922,24283.01241,10788.714870000002,13188.320719999998,33840.89242999999,4671.17141,0.0,0.0,0.0,0.0,0.0,0.0,0.0,0.0,0.0,0.0,0.0,0.0,0.0,0.0,0.0
2019-09-30,0.0,75008.64055000001,66743.69204000001,280480.0698800001,41647.22634,1394987.0128,33101.910099999994,30010.000630000104,4356.778190000001,7906.80645,22972.7529,1042491.5256099999,410296.10209000006,12356.54543,9550.013180000002,100723.94980000003,574326.55404,-734.8104400000011,15725.099469999997,-11026.80742999999,23437.771930000003,23628.06185,14834.033170000002,320097.82162999996,17000.554200000002,57334.374299999996,54624.982390000005,977082.5636199997,748041.7023399998,37365.97109,27858.471069999992,25381.499919999995,235013.46579000005,879737.21266,476109.40645,343774.85020999995,696850.3752000001,167357.58560000002,4282.508889999999,6138.00246,0.0,35817.13353,0.0,67748.14963000003,18900.6653,18358.431910000007,28504.601800000004,12447.547349999997,21017.82693999999,40509.8721,24264.580260000002,38414.82086,32230.20171000001,21407.386619999997,17261.103059999998,0.0,32825.37662,0.0,34270.75393,7240.96054,0.0,9078.06383,22012.705860000002,10441.21792,13589.529939999997,32600.345350000003,4435.689340000001,0.0,0.0,0.0,0.0,0.0,0.0,0.0,0.0,0.0,0.0,0.0,0.0,0.0,0.0,0.0
2019-12-31,0.0,77782.34443999996,86387.44974999997,273742.17686999985,41407.49647,1472916.63969,34190.91943000001,30804.339009999996,2847.8342699999994,8185.186429999998,22226.925509999994,1011669.5958000002,429222.14760000014,7033.106290000003,6802.783819999997,95972.60726999998,623245.68665,7147.243490000001,16689.49918,-8923.29986,24150.703439999997,24960.962860000014,10633.621579999992,398906.99581999995,18591.444279999996,54368.929390000005,73107.38598,1091409.5759700001,875373.55797,36582.09714,26078.299150000006,22281.76891,227295.78972999996,932321.44037,473316.0344,348143.54628999997,576312.6404099998,156552.1434799999,4145.191319999998,5426.778900000001,0.0,40284.92835000002,0.0,65849.40419999999,18200.251259999997,21297.744450000006,28967.73508,13852.883510000007,20485.303100000005,42283.05859999999,25737.28637,36651.12243,41185.10833999999,21793.158310000006,16158.981789999998,0.0,31041.391969999997,0.0,29247.305139999997,17710.64221,0.0,8488.868140000002,17214.88369000001,10904.409159999996,13132.927870000007,28760.241259999995,6334.023999999998,0.0,0.0,0.0,0.0,0.0,0.0,0.0,0.0,0.0,0.0,0.0,0.0,0.0,0.0,0.0
2020-03-31,11.0,82394.23922000002,75149.99887000005,331661.3922100002,40086.15543000003,1526979.7946400004,33794.73886,19318.15225,2904.550059999999,7978.363280000005,15237.102880000002,955897.7040099994,422004.6727499997,3428.730109999994,13157.458020000002,83686.75925,743083.0330600003,204.8791999999985,15055.61487,-7142.49487,27742.79947,27069.995019999988,14513.809460000004,492113.06139,18416.78796,55468.027760000004,89368.59586999999,1234801.27346,393628.8815800004,38620.93957000002,32788.59803000001,24142.707560000003,198751.92957000004,949051.1963900003,529237.9201500001,322138.14596999995,778386.3505399999,189824.55247,5359.003780000001,5166.054729999998,0.0,41048.36665999997,0.0,68635.39310999998,15160.805309999996,21996.98060999999,29871.00345,14518.812149999996,18935.950460000004,51868.71016000002,23185.12359999999,34524.12201999998,42608.875760000024,22395.079889999994,16381.704740000005,0.0,29575.948909999992,0.0,27688.476600000005,17485.832889999998,0.0,8327.256039999998,13393.845539999975,10240.817009999999,12583.479,27895.31457000001,20221.255080000003,0.0,0.0,168179.72667000006,1396153.6490900007,41577.20303999999,1872180.0503199997,13151.40937,5112843.661240001,10549.56813,333097.5782799999,5366.403810000002,408619.35296999995,39926.01366,4285.102379999998,471289.4541499999
2020-06-30,0.0,70493.19572,68576.32125,341431.29680999997,35921.093689999994,1683148.7838399997,31214.059749999993,35415.5842,-143.22484999999983,6908.80841,18753.98677,916281.27597,436193.8705000001,5107.25771,4871.99204,75706.79758999999,592834.0904100001,2188.68628,14516.792610000002,-3748.277159999999,23191.869059999994,25492.68963,11341.631610000002,491547.3745199999,17770.5879,51720.21787999999,92268.59591,1153057.8242900001,663478.03115,39253.22618,34753.28507,28173.95259,154101.59100000001,904062.17318,328130.71044000005,320344.88580999995,304819.65664999996,176394.87779,4671.935310000001,4628.090910000001,0.0,58472.67198,0.0,72001.63449999999,10930.45179,18403.585300000006,30776.50586,14076.49143,19094.534939999998,67588.58769,21093.37027,32311.1377,42010.48126000001,24791.171310000005,16264.438420000002,0.0,25435.884170000005,0.0,22660.854669999997,17652.41665,0.0,8250.633029999999,21805.06375,7266.93633,11427.63508,30256.066549999992,11674.056820000002,0.0,0.0,110331.15345000001,1706391.63082,43178.25180999999,1881644.86059,8682.807759999998,5457700.856520001,11205.774170000002,310336.57633,5676.06616,420940.4566600001,44172.81078,3883.2047299999995,340031.99585
2020-09-30,0.0,69656.42618,107212.62474,462588.06742,39716.78958,1680976.4430399998,30953.613300000005,-6199.137790000001,1422.2148399999999,6347.531109999998,19131.511060000004,762212.27391,403782.9828999998,3310.5906699999996,7636.707340000003,71097.83675999999,566990.6637899998,-5714.92264,16320.643599999996,-7728.459929999997,20871.957500000004,31950.824700000005,12729.345419999998,550305.22831,18155.601950000004,48959.30393000007,98394.80489,1201935.7016699999,686971.5595,44406.92846,30130.524449999997,27873.07813,104893.50280999998,832819.73071,277980.6073899999,320966.3530100001,356134.68101000006,166248.37550000002,4193.213529999999,4350.084089999999,0.0,88430.00701000002,0.0,78390.04066000001,10481.199260000001,17428.296939999993,28936.582499999997,12652.419179999994,15646.510419999995,74940.93158999998,20645.686550000006,30994.127950000002,59811.73667,28956.111269999994,17358.10119,0.0,15967.842869999993,0.0,19548.471090000006,18251.49725,0.0,6591.048450000002,23717.33595,5089.6500000000015,9597.133559999998,27187.039560000005,11381.382159999997,0.0,0.0,50247.02351,1544182.2368,31697.913880000007,1228578.69863,6862.566540000003,3465349.442330001,7704.6591100000005,219299.15738999995,2987.318939999999,295086.0103699999,28832.170809999996,4069.0684599999995,296818.1452
2020-12-31,1.0,60401.572390000016,98216.54395999998,425173.2565900001,38613.47499,1919632.3443800006,32480.768089999998,37271.938570000006,4795.515799999999,5660.322270000001,19179.274599999997,778707.3835300002,420622.55554999993,7066.703090000001,11360.328689999998,74923.94756000003,609488.6395700001,0.0,13317.047890000002,-5248.115640000004,17105.997959999993,36929.72761,14949.723280000002,701481.75187,18989.758169999994,50621.48796999996,116653.81115,1267932.3827499999,786707.5504700001,45490.383570000005,36827.786040000006,26983.64293,96117.50812000001,888367.17405,279983.7159099999,303025.3879699998,352238.6341100001,170636.33575999993,3985.14063,4555.091839999999,0.0,68142.81465999997,0.0,88449.43430999998,18239.64828,17148.508889999997,25542.300310000006,13244.793520000007,12066.266810000008,76521.85304000002,19447.065309999998,47924.546210000015,72860.54397,29755.223240000003,17524.950189999996,0.0,18272.690360000008,0.0,18946.521669999995,28890.598669999992,0.0,6736.876849999997,19160.99218999999,4956.046989999999,9438.611399999998,34051.09998,18113.76834,0.0,0.0,30895.78627000004,729393.6331700003,17065.333960000018,593369.7372500002,4546.382529999995,1851861.4505400024,3285.175580000003,130764.19726000016,1497.412809999998,162824.20108000003,18076.25821,4500.913830000001,175250.70334999985
2021-03-31,12.0,54893.55860999998,109226.06702,385543.1030499999,42081.56435,1780161.4757699992,33861.44696000001,50688.859249999994,7587.2842,5975.497140000002,18628.740669999992,783921.2004700002,416015.1514900001,7697.141439999998,14995.610469999998,80840.56555999999,665779.7665700003,0.0,14380.112449999997,0.0,16814.51976000001,44676.73985999999,16700.7492,890871.3173900002,16417.327420000005,56111.776889999994,148103.10403000005,1366042.5416200007,1286037.0370999996,49170.80285000001,38309.037669999976,30532.099350000004,105163.26868999997,982301.8806599999,265267.1490300002,298896.37328000023,289496.91740999994,183432.75171000013,5617.443370000001,4744.529470000004,0.0,61342.75947000005,0.0,102271.60078999998,23968.205689999995,17061.460670000008,27922.566340000005,19891.37526,10846.771139999997,99932.25734000001,20340.501300000004,17518.907159999984,103553.39495999999,29779.90786999999,15437.830429999996,0.0,24497.31272999998,0.0,20874.09720000001,44512.05236,0.0,4464.438039999999,19459.585619999998,4781.876369999999,8831.956890000001,39531.44080000001,23295.761950000007,0.0,0.0,0.0,0.0,0.0,0.0,0.0,0.0,0.0,0.0,0.0,0.0,0.0,0.0,0.0
2021-06-30,0.0,66748.2395,129998.92819,467453.84333000006,42157.93027,2174852.1320700003,37286.46837,52346.773,11156.51451,2895.1353199999994,22773.925170000002,840503.93977,475161.18834000005,4439.4391700000015,17308.621440000003,85690.84021999998,691886.8970499999,0.0,21111.24479,0.0,16769.65866,63233.366070000004,30507.74329,1165271.9690299998,9037.858529999998,58793.583419999995,175564.05623,1447651.7379200002,1287350.1668500002,54340.76498000001,45320.60688000001,33557.18254,125804.77574000001,1110231.3735600002,311855.26612,326792.41571999993,452148.87239000003,234973.53527999998,5543.88522,2882.844179999999,0.0,61576.72136,0.0,156440.85015,39370.037690000005,18637.636319999998,26395.54133,23945.15937,15995.96988,109478.86890999999,28540.64862,9822.6797,112636.02058,27584.912470000003,16463.08193,0.0,31179.35993,0.0,24588.938000000002,49798.08886,0.0,4731.614769999999,18334.167269999998,5917.413630000001,8854.58557,54739.08374,30882.028020000005,0.0,0.0,0.0,0.0,0.0,0.0,0.0,0.0,0.0,0.0,0.0,0.0,0.0,0.0,0.0
2021-09-30,0.0,66562.34967,143434.32575,441196.5858600001,43834.08788000001,2238112.39629,33964.566889999995,69652.36153,15410.48227,11814.582410000003,22032.44842,944719.11919,539554.3736999999,2858.4696999999996,18187.494529999996,96025.5502,744593.93411,0.0,20927.948129999997,0.0,23774.48369,80974.52377000001,56421.51294,1355101.0848400004,12852.313590000002,66885.66276,207214.19188,1589838.7585099996,1399484.08231,60993.941579999984,54381.546050000004,32074.709410000003,135815.01343999998,1178937.9882800002,388442.75704,358294.15554,378330.94015000004,248254.0998100001,6032.2621800000015,5879.51534,0.0,52488.053920000006,0.0,173819.20332,53412.733550000004,18738.47829,28588.501559999997,25599.70796,16913.89435,120254.33560000002,31285.358220000002,8306.387419999995,138108.60428,33126.84416999999,16826.335499999997,0.0,29366.669789999993,0.0,26994.47696999999,47216.09672,0.0,5786.827179999999,17829.02257,1959.4452800000015,8777.40151,55945.97383999998,45755.08228999999,0.0,0.0,0.0,0.0,0.0,0.0,0.0,0.0,0.0,0.0,0.0,0.0,0.0,0.0,0.0
2021-12-31,0.0,72686.05297000002,152968.20165,450598.25118999975,47718.30829,2566702.724920001,33973.43057,75196.32439,19865.315979999996,7636.096109999999,24693.953310000004,1045858.67289,575759.9673300001,1751.1189799999993,16549.166360000003,101280.59243000002,794466.46468,0.0,18354.169140000013,0.0,24010.210639999998,90666.77998999998,50430.319119999986,1487194.4322700002,0.0,69108.23486999999,226354.47413,1717962.8221400008,1345909.44283,57307.00308000003,54984.197530000005,28323.74798,134443.32560000004,1275346.33147,500179.52304,368401.49405,361236.57418999996,248192.08290999988,7328.77506,8418.249050000002,0.0,61643.31588000001,0.0,164377.15162999992,62837.900399999984,20340.57621,25590.8937,23554.718910000003,20944.589340000006,121322.37101999996,31022.509909999993,8158.209870000006,159676.79015999998,29133.37297000001,18623.690540000003,0.0,29664.221609999993,0.0,27316.24642000001,49373.76359999998,0.0,5281.72467,19164.788130000008,0.0,9459.372709999996,61560.815450000024,23842.05395,0.0,0.0,0.0,0.0,0.0,0.0,0.0,0.0,0.0,0.0,0.0,0.0,0.0,0.0,0.0
2022-03-31,12.0,74729.24715999997,172110.51830000008,504575.14924999996,49841.61033000001,2775946.795139999,36556.384090000014,88960.22973000002,22482.68781000001,7014.7364899999975,29193.371959999986,1180876.65594,593581.3550399999,3292.8052699999994,17840.80273000001,108760.43294000003,888254.7607100002,0.0,18382.369179999987,0.0,30566.53093,88185.08180000001,41583.10657,1678207.9787999995,0.0,73494.46347,249558.5522400001,1963472.1546599995,1399596.1995999995,62117.84967999999,61289.789860000004,25414.19142999999,132345.07881,1410545.4526199994,489393.5162999999,374700.7593800001,167026.42810000008,239877.47957999998,8493.380479999998,-1162.7490400000024,0.0,47813.16600999999,0.0,171025.38276999997,45984.99618000001,18972.535669999997,26535.987960000002,22903.44599999999,19589.55924999999,128045.81656000002,27561.86205000001,4002.1011499999954,182891.49737,26542.84173999999,17319.873139999996,0.0,31198.222780000004,0.0,28478.551849999996,52042.56227,0.0,5204.249650000002,18094.033149999996,0.0,8995.158150000003,52837.75847999998,33262.140419999996,0.0,0.0,0.0,0.0,0.0,0.0,0.0,0.0,0.0,0.0,0.0,0.0,0.0,0.0,0.0
2022-06-30,0.0,55140.79836,133368.56702,492937.48780000006,48886.34599999999,2831437.5677200006,37097.15603,122654.64035999999,19365.69406,6555.6855700000015,28677.94692,1521528.1718000001,625609.29447,1271.3161100000002,15731.017150000001,101536.70706000002,1004499.1718200002,0.0,17665.667980000002,0.0,27437.907300000006,70460.05064,33571.18753000001,1700183.8943299998,0.0,72172.20922,244641.25334,2021243.0501200003,1473753.59504,56653.48332000001,62581.62397000001,17052.338729999996,171342.48314,1474923.12912,429630.05642,365203.43466999993,0.0,272713.76897000003,7497.685460000001,8498.29033,0.0,57215.43878999999,0.0,158816.32913000003,66362.05046999999,13888.551529999997,21662.19978,22797.680119999997,20913.7198,109753.59572,25777.389549999996,863.6564099999999,155296.9292,21879.43281,15975.605510000003,0.0,49477.104790000005,0.0,29689.14282,39308.39943,0.0,5493.86163,33806.95809,0.0,7888.300029999999,38730.13970000001,20244.746180000002,0.0,0.0,0.0,0.0,0.0,0.0,0.0,0.0,0.0,0.0,0.0,0.0,0.0,0.0,0.0
2022-09-30,0.0,10229.487550000005,74789.24875999999,603679.88946,67585.18365,2634169.711579999,49423.77674000001,-180689.95392265,-3284.331630000004,9538.346909999998,32209.29107,2502814.2660100004,542685.4947200001,5945.48195,-1377.4365500000022,151603.52704999995,1424289.9668999999,0.0,6169.75517,0.0,28005.790599999986,-39583.97687,61743.50364999999,2075680.3980200002,0.0,90535.88451999999,173885.62258999998,1643514.4252299997,1124577.06952,39852.55913999998,68599.34584,-8970.217659999998,430526.57773,1714891.0380600002,1217201.59355,334685.2075100001,0.0,261558.32181999995,14629.031309999997,-4227.82165,0.0,43797.850370000015,0.0,165042.38055999996,44860.97683,17929.94219,13817.572660000005,16763.412620000003,22737.731159999996,40011.275060000014,22448.861490000003,-6334.0840100000005,33038.97483999998,-5848.256349999996,23474.807269999998,0.0,109022.4056,0.0,72513.75981,-35778.48675,0.0,6105.548349999999,98151.43237000002,0.0,9550.97826,23424.326839999994,-51207.66961,0.0,0.0,0.0,0.0,0.0,0.0,0.0,0.0,0.0,0.0,0.0,0.0,0.0,0.0,0.0
2022-12-31,0.0,2634.3276799999876,100512.92180000001,625321.07492,73859.17107000001,2336944.6853,49568.92235999998,0.0,33239.39743,8889.934320000004,28891.043040000004,2889143.47045,536386.0075599998,11862.316009999999,3575.2521799999995,162046.12115000002,1673190.4947000002,0.0,5430.436600000001,0.0,53519.92842000001,34457.062759999986,65443.85029,2616120.59605,0.0,95747.24860000002,180372.62466999993,1447733.99785,894348.2277800003,62769.750170000014,83380.97137000001,-8433.112909999998,484537.11886000005,1942360.68757,1556599.27374,394528.76775999996,0.0,254043.94043000008,14026.14302,492.98086999999964,0.0,51929.963359999994,0.0,131949.20041000005,69055.94641,27584.042270000005,17470.280519999993,30413.723970000006,18947.46376,77473.90270999997,27239.214900000006,30664.950170000004,68689.70953,-889.0748100000053,26460.572819999987,0.0,120257.4468,0.0,94682.29581000001,18509.2791,0.0,6710.3980200000005,346348.86084,0.0,9522.41849,48419.29126,25.74698999999964,0.0,0.0,0.0,0.0,0.0,0.0,0.0,0.0,0.0,0.0,0.0,0.0,0.0,0.0,0.0
2023-03-31,12.0,13096.858580000002,78946.37925000001,663586.5039,90865.04168,2148530.81575,65024.20624000002,0.0,43289.65084,10892.697819999998,34027.500949999994,2999462.2014399995,433523.2765399998,13342.539920000003,7790.8436900000015,148795.82848000003,1757276.4196399993,0.0,9939.236549999998,0.0,43858.40944999999,75831.32261999999,58176.62203,2793167.7442400013,0.0,106403.80340999998,227032.47922,1538365.3719100002,1244267.3825399992,83730.83476999999,117134.73148000002,-9178.085070000001,477760.39142999984,2124946.90604,1753199.6178799998,470542.5110100001,0.0,345553.2092099999,14233.529140000002,7054.924360000002,0.0,57015.21484,0.0,71096.87098999997,157966.80893000003,34648.43281999999,20475.034940000012,37477.05080999999,10497.444700000015,109065.75137999997,43464.631799999996,123597.45808,113101.15460999998,-4851.402369999998,29174.601890000013,0.0,124589.51101999998,0.0,122440.93860999997,0.0,0.0,7361.212710000002,351322.41948000004,0.0,8987.996649999997,82625.80559999999,19474.175440000003,0.0,0.0,0.0,0.0,0.0,0.0,0.0,0.0,0.0,0.0,0.0,0.0,0.0,0.0,0.0
2023-06-30,0.0,34581.67999999999,51276.99794999999,621721.12583,84506.84151,2682914.74219,57407.63866000001,0.0,41545.55124,10078.63954,39986.56087,2929868.5978799993,429752.68422,9587.356759999999,26186.614309999997,127564.60258,1867438.73787,0.0,15394.525520000003,0.0,55389.07533000001,103715.36462000001,0.0,2755613.8618499995,0.0,99280.32682,272608.19674000004,1354460.19154,1365591.5250600001,85102.95044999999,118779.15998,-8528.14532,505953.67696000007,2214043.84853,1790940.85096,481287.4936600001,0.0,378576.3583399999,11974.937399999999,7620.39723,0.0,60091.3581,0.0,0.0,99233.38472,32732.58511,23692.225939999993,33880.52757,16446.42256,120451.95194,44436.17389000001,59386.315279999995,138608.52029999997,13119.878910000001,25100.62605,0.0,115535.86800999999,0.0,109531.06672000002,0.0,0.0,8951.02126,33208.14517,0.0,6728.038570000001,60646.26378,30787.432429999993,0.0,0.0,0.0,0.0,0.0,0.0,0.0,0.0,0.0,0.0,0.0,0.0,0.0,0.0,0.0
2023-09-30,0.0,46333.834930000005,112809.35469,801701.31251,93203.82190000001,3349205.8026199993,64579.69942000002,0.0,47482.849449999994,9233.101759999998,37668.35246,3231536.0086000003,481993.11247000017,10361.571630000002,15846.681830000009,132356.64852,2146869.68979,0.0,20307.26359,0.0,75612.9821,162245.44726999995,0.0,3017000.2131600007,0.0,116157.5815,282396.42918999994,1199483.6304000001,1975260.0992599998,94204.93995,104588.36124,-1394.5902099999985,518283.06535000005,2245834.6029600003,1828435.70488,572563.9995299999,0.0,414302.6986100001,9827.800000000003,10760.87335,0.0,74879.74696,0.0,0.0,29843.33720000001,33191.853910000005,30462.93542,26939.203530000013,18289.233289999996,146663.588,51625.57247999999,31298.442899999995,248403.5264,12589.571979999999,23128.554569999993,0.0,113613.1347,0.0,102258.41827000002,0.0,0.0,8175.030439999999,38341.496589999995,0.0,6742.418389999999,53275.912510000024,45409.38995999999,0.0,0.0,0.0,0.0,0.0,0.0,0.0,0.0,0.0,0.0,0.0,0.0,0.0,0.0,0.0
2023-12-31,0.0,41367.61895999999,120286.47123000002,717852.6625900001,89083.73758999998,3440587.0363100003,57424.37997999997,0.0,42883.780729999984,8941.356089999997,40005.08239000001,2863277.5388200004,521061.7668799998,6764.710419999999,50187.52041,118812.09071000002,2017384.2851599995,0.0,22626.085259999993,0.0,69467.64134999999,136707.12975000002,0.0,3207388.3174599996,0.0,105024.62514999998,276903.61637000006,1511985.98733,1945896.7368200002,98921.83378000004,96474.35165999999,13343.495889999998,390982.81030999986,2084393.3998600002,1853038.4569800003,635802.4079400001,0.0,407756.1995799999,8674.46978,11200.236500000003,0.0,71593.47438999999,0.0,0.0,0.0,30704.317299999995,29884.460650000008,0.0,14099.326230000006,158144.29564000003,46022.29676,79132.01176,264248.45353000006,21223.69908,22700.873940000005,0.0,106032.53950000001,0.0,104603.15696999995,0.0,0.0,6767.524690000002,32592.803530000034,0.0,6551.309830000002,52452.14716999998,47868.55307999998,0.0,0.0,0.0,0.0,0.0,0.0,0.0,0.0,0.0,0.0,0.0,0.0,0.0,0.0,0.0
2024-03-31,12.0,38559.54633000001,109893.52649,769667.4754000001,83744.84350000005,3585463.40801,59026.52217,0.0,39020.482700000015,10019.226050000005,42798.26700999996,3007525.8139100005,547042.9137400002,5470.609760000001,43057.6566,125077.00589999992,2178110.5962600005,0.0,28750.194160000006,0.0,66151.89218000001,157055.39889999997,0.0,3598391.849990001,0.0,107320.08586999998,292658.7928200001,1645107.6943800002,2172089.8770399992,114308.63300999995,97562.55561000004,7542.69264,401450.78880999994,2151812.824139999,1708184.1903000001,664374.85399,0.0,456860.39108000003,8295.298950000004,14053.426979999998,0.0,69597.33229999997,0.0,0.0,0.0,30401.985300000022,30830.877819999994,0.0,11134.30647,142076.25561999995,48752.27028999999,71197.67700000003,318984.23837000004,22614.465750000003,26893.370130000007,0.0,117280.45371,0.0,119654.62301000001,0.0,0.0,6188.502419999999,28022.81804,0.0,6913.09303,56525.97768999999,74467.19784000004,0.0,0.0,0.0,0.0,0.0,0.0,0.0,0.0,0.0,0.0,0.0,0.0,0.0,0.0,0.0
2024-06-30,0.0,55409.227199999994,233913.94441,861291.8796000001,83763.89520999999,3584792.40591,50427.117679999996,0.0,45467.29493,9126.38455,38537.25467,3047082.6807999997,617561.45962,6441.84094,49502.46106,145632.91817999998,2221684.00872,0.0,27480.8621,0.0,80972.25278000001,148393.93137,0.0,3885998.2517099995,0.0,111052.0563,321746.83113,1741550.5869800001,2386404.78323,117890.68892,91759.47758,6213.54845,392385.26291000005,2122772.3161000004,1636435.74066,627111.17316,0.0,436869.73561999993,9087.65186,13705.308159999999,0.0,68149.81958000001,0.0,0.0,0.0,32025.80524,33879.2448,0.0,7390.193599999999,145291.87942,70198.27825,45657.36111,309384.00090999994,26231.228170000002,30769.68377,0.0,117381.32760000002,0.0,116679.12109,0.0,0.0,6637.19139,26503.690169999998,0.0,9821.975840000001,42172.105059999994,53694.75970999999,0.0,0.0,0.0,0.0,0.0,0.0,0.0,0.0,0.0,0.0,0.0,0.0,0.0,0.0,0.0
